instance,algorithm,budget_level,seed,covered_cells,covered_weight,cost,time_seconds
10781,abl_no_ls,100,-,281,467.6973,635,0.137
10781,abl_no_ls,25,-,128,289.85069999999996,159,0.057
10781,abl_no_ls,50,-,214,416.37153333333345,307,0.11
10781,abl_no_ls,75,-,259,459.22316666666654,489,0.131
10793,abl_no_ls,100,-,86,188.2702,205,0.024
10793,abl_no_ls,25,-,20,51.0426,28,0.002
10793,abl_no_ls,50,-,57,129.56359999999995,90,0.011
10793,abl_no_ls,75,-,76,167.34029999999996,154,0.018
10803,abl_no_ls,100,-,199,295.74716666666666,416,0.127
10803,abl_no_ls,25,-,81,180.1042666666667,107,0.026
10803,abl_no_ls,50,-,139,260.10813333333334,218,0.082
10803,abl_no_ls,75,-,176,287.2518333333333,326,0.117
10842,abl_no_ls,100,-,160,235.23416666666665,350,0.081
10842,abl_no_ls,25,-,58,117.16193333333335,88,0.013
10842,abl_no_ls,50,-,117,202.09036666666665,182,0.054
10842,abl_no_ls,75,-,146,227.0810666666667,275,0.069
10860,abl_no_ls,100,-,287,369.52383333333364,552,0.152
10860,abl_no_ls,25,-,120,213.32126666666667,138,0.055
10860,abl_no_ls,50,-,207,309.01246666666685,271,0.107
10860,abl_no_ls,75,-,255,352.6426333333335,404,0.135
10866,abl_no_ls,100,-,144,224.3400000000001,269,0.079
10866,abl_no_ls,25,-,46,90.96626666666666,68,0.009
10866,abl_no_ls,50,-,95,170.15326666666672,131,0.04
10866,abl_no_ls,75,-,124,210.94423333333333,202,0.062
10869,abl_no_ls,100,-,79,131.16373333333337,178,0.03
10869,abl_no_ls,25,-,19,34.658699999999996,43,0.001
10869,abl_no_ls,50,-,44,81.53906666666666,71,0.007
10869,abl_no_ls,75,-,68,117.14273333333334,134,0.021
10892,abl_no_ls,100,-,155,279.28380000000004,369,0.051
10892,abl_no_ls,25,-,53,111.42319999999997,87,0.012
10892,abl_no_ls,50,-,110,225.0739,179,0.029
10892,abl_no_ls,75,-,139,268.6331,271,0.044
10925,abl_no_ls,100,-,68,118.96850000000002,142,0.022
10925,abl_no_ls,25,-,13,21.2211,20,0.001
10925,abl_no_ls,50,-,34,65.73373333333333,59,0.005
10925,abl_no_ls,75,-,50,99.21293333333335,85,0.013
10942,abl_no_ls,100,-,141,242.03479999999993,283,0.062
10942,abl_no_ls,25,-,39,75.80009999999999,53,0.008
10942,abl_no_ls,50,-,95,182.9955,144,0.033
10942,abl_no_ls,75,-,123,220.68056666666664,216,0.046
10954,abl_no_ls,100,-,193,182.43143333333333,429,0.096
10954,abl_no_ls,25,-,72,78.09570000000002,101,0.029
10954,abl_no_ls,50,-,137,137.91153333333332,206,0.059
10954,abl_no_ls,75,-,178,172.00936666666664,321,0.078
10963,abl_no_ls,100,-,158,217.80983333333333,356,0.094
10963,abl_no_ls,25,-,58,99.30376666666668,86,0.02
10963,abl_no_ls,50,-,117,185.28029999999998,171,0.056
10963,abl_no_ls,75,-,146,212.38376666666667,262,0.076
10966,abl_no_ls,100,-,44,48.41173333333333,62,0.006
10966,abl_no_ls,25,-,9,8.4649,16,0.001
10966,abl_no_ls,50,-,19,26.32986666666667,26,0.001
10966,abl_no_ls,75,-,31,40.042633333333335,48,0.002
10985,abl_no_ls,100,-,154,196.34169999999997,334,0.09
10985,abl_no_ls,25,-,57,98.74549999999999,82,0.014
10985,abl_no_ls,50,-,111,164.81716666666668,165,0.071
10985,abl_no_ls,75,-,140,189.26773333333333,254,0.076
10997,abl_no_ls,100,-,294,369.9095666666668,593,0.151
10997,abl_no_ls,25,-,120,199.0741,150,0.071
10997,abl_no_ls,50,-,212,295.43640000000005,291,0.11
10997,abl_no_ls,75,-,265,345.7107000000001,451,0.137
11000,abl_no_ls,100,-,122,228.89776666666666,311,0.053
11000,abl_no_ls,25,-,40,85.98436666666667,76,0.008
11000,abl_no_ls,50,-,89,191.45373333333336,151,0.03
11000,abl_no_ls,75,-,112,218.6479333333333,231,0.044
11005,abl_no_ls,100,-,204,405.86513333333346,434,0.133
11005,abl_no_ls,25,-,86,210.1141333333333,104,0.037
11005,abl_no_ls,50,-,160,341.45223333333337,223,0.091
11005,abl_no_ls,75,-,189,395.58303333333345,327,0.118
11015,abl_no_ls,100,-,278,260.20556666666664,592,0.169
11015,abl_no_ls,25,-,123,132.3835333333333,150,0.074
11015,abl_no_ls,50,-,210,205.93796666666657,300,0.125
11015,abl_no_ls,75,-,262,245.76119999999997,451,0.153
11018,abl_no_ls,100,-,249,250.77803333333327,550,0.112
11018,abl_no_ls,25,-,105,128.87393333333333,131,0.043
11018,abl_no_ls,50,-,190,213.10779999999994,269,0.078
11018,abl_no_ls,75,-,229,237.97739999999996,402,0.101
11046,abl_no_ls,100,-,208,273.5443333333333,465,0.145
11046,abl_no_ls,25,-,93,181.71176666666668,116,0.039
11046,abl_no_ls,50,-,152,237.44213333333332,234,0.11
11046,abl_no_ls,75,-,190,265.1766,342,0.132
11072,abl_no_ls,100,-,81,152.01936666666668,165,0.03
11072,abl_no_ls,25,-,13,31.374100000000002,22,0.001
11072,abl_no_ls,50,-,37,84.23290000000001,92,0.006
11072,abl_no_ls,75,-,63,135.32096666666666,137,0.016
11086,abl_no_ls,100,-,65,40.19503333333333,167,0.016
11086,abl_no_ls,25,-,14,7.712266666666666,22,0.001
11086,abl_no_ls,50,-,46,27.969799999999996,71,0.005
11086,abl_no_ls,75,-,62,38.376000000000005,103,0.013
11113,abl_no_ls,100,-,143,221.68786666666662,331,0.07
11113,abl_no_ls,25,-,58,93.15523333333331,85,0.01
11113,abl_no_ls,50,-,101,183.61106666666666,164,0.041
11113,abl_no_ls,75,-,132,213.6077333333333,238,0.058
11116,abl_no_ls,100,-,165,132.07326666666668,382,0.06
11116,abl_no_ls,25,-,58,51.533566666666665,97,0.016
11116,abl_no_ls,50,-,120,101.61033333333334,188,0.037
11116,abl_no_ls,75,-,149,124.57823333333339,301,0.052
11122,abl_no_ls,100,-,172,168.3751333333333,377,0.09
11122,abl_no_ls,25,-,66,84.17006666666667,89,0.017
11122,abl_no_ls,50,-,124,146.9551,196,0.054
11122,abl_no_ls,75,-,156,163.6073333333333,285,0.078
11125,abl_no_ls,100,-,196,176.76143333333334,453,0.079
11125,abl_no_ls,25,-,85,94.29020000000001,111,0.023
11125,abl_no_ls,50,-,147,153.50456666666668,224,0.052
11125,abl_no_ls,75,-,182,170.19020000000003,346,0.07
11133,abl_no_ls,100,-,64,84.17316666666665,147,0.04
11133,abl_no_ls,25,-,22,31.57186666666667,29,0.002
11133,abl_no_ls,50,-,43,66.12606666666667,74,0.009
11133,abl_no_ls,75,-,57,81.37056666666665,107,0.024
11150,abl_no_ls,100,-,71,49.77526666666666,178,0.014
11150,abl_no_ls,25,-,13,10.4921,23,0.001
11150,abl_no_ls,50,-,43,33.8796,64,0.003
11150,abl_no_ls,75,-,66,47.016566666666655,121,0.007
11160,abl_no_ls,100,-,239,251.7022666666667,529,0.09
11160,abl_no_ls,25,-,98,130.74036666666666,131,0.034
11160,abl_no_ls,50,-,183,203.7645333333334,269,0.061
11160,abl_no_ls,75,-,217,237.06773333333342,408,0.081
11177,abl_no_ls,100,-,280,267.2424333333332,517,0.114
11177,abl_no_ls,25,-,108,126.41023333333331,127,0.045
11177,abl_no_ls,50,-,201,211.63526666666664,263,0.075
11177,abl_no_ls,75,-,244,248.48343333333332,388,0.106
11186,abl_no_ls,100,-,55,28.99403333333333,157,0.011
11186,abl_no_ls,25,-,3,2.481133333333333,9,0.0
11186,abl_no_ls,50,-,30,17.107233333333333,57,0.001
11186,abl_no_ls,75,-,48,28.12993333333333,110,0.005
11191,abl_no_ls,100,-,98,75.97716666666666,227,0.056
11191,abl_no_ls,25,-,28,25.68163333333333,36,0.004
11191,abl_no_ls,50,-,68,60.01523333333334,108,0.016
11191,abl_no_ls,75,-,87,71.77413333333334,155,0.044
11207,abl_no_ls,100,-,133,170.54753333333335,311,0.051
11207,abl_no_ls,25,-,33,61.71929999999999,38,0.006
11207,abl_no_ls,50,-,92,133.06253333333333,145,0.026
11207,abl_no_ls,75,-,118,154.9298666666667,246,0.038
11211,abl_no_ls,100,-,93,161.22739999999993,217,0.035
11211,abl_no_ls,25,-,19,42.414500000000004,41,0.002
11211,abl_no_ls,50,-,57,130.03613333333334,106,0.009
11211,abl_no_ls,75,-,84,157.90486666666666,149,0.026
11230,abl_no_ls,100,-,159,154.13396666666665,365,0.074
11230,abl_no_ls,25,-,55,64.59819999999999,91,0.011
11230,abl_no_ls,50,-,104,118.1124666666667,174,0.042
11230,abl_no_ls,75,-,138,144.4342,275,0.06
11231,abl_no_ls,100,-,196,213.7351333333334,494,0.097
11231,abl_no_ls,25,-,91,134.4995333333333,125,0.034
11231,abl_no_ls,50,-,153,187.62210000000005,250,0.064
11231,abl_no_ls,75,-,180,208.06280000000007,381,0.085
11266,abl_no_ls,100,-,257,253.59626666666668,525,0.124
11266,abl_no_ls,25,-,96,102.38846666666667,121,0.047
11266,abl_no_ls,50,-,187,189.35486666666668,256,0.086
11266,abl_no_ls,75,-,238,236.0043,394,0.113
11275,abl_no_ls,100,-,278,285.5932666666667,533,0.114
11275,abl_no_ls,25,-,112,125.67203333333335,135,0.034
11275,abl_no_ls,50,-,195,210.989,259,0.075
11275,abl_no_ls,75,-,246,262.382,407,0.103
11283,abl_no_ls,100,-,214,246.96863333333334,483,0.119
11283,abl_no_ls,25,-,87,136.15263333333334,116,0.041
11283,abl_no_ls,50,-,168,213.87393333333333,243,0.081
11283,abl_no_ls,75,-,200,238.61010000000002,373,0.105
11288,abl_no_ls,100,-,309,358.63059999999984,542,0.176
11288,abl_no_ls,25,-,122,170.0255,139,0.077
11288,abl_no_ls,50,-,229,287.3048999999999,267,0.129
11288,abl_no_ls,75,-,282,338.8867,417,0.164
11304,abl_no_ls,100,-,282,255.3314666666666,600,0.12
11304,abl_no_ls,25,-,123,114.51893333333332,147,0.044
11304,abl_no_ls,50,-,206,192.49233333333328,294,0.086
11304,abl_no_ls,75,-,264,241.56893333333326,445,0.106
11307,abl_no_ls,100,-,199,175.04286666666673,434,0.084
11307,abl_no_ls,25,-,82,75.93586666666667,105,0.017
11307,abl_no_ls,50,-,141,129.2076666666667,209,0.049
11307,abl_no_ls,75,-,183,162.31843333333333,315,0.071
11336,abl_no_ls,100,-,349,346.8804999999999,667,0.197
11336,abl_no_ls,25,-,148,165.2511333333333,161,0.083
11336,abl_no_ls,50,-,261,268.30286666666666,329,0.145
11336,abl_no_ls,75,-,316,319.8178333333333,500,0.178
11337,abl_no_ls,100,-,341,353.23573333333326,637,0.226
11337,abl_no_ls,25,-,136,156.04493333333338,158,0.106
11337,abl_no_ls,50,-,252,265.38280000000003,324,0.178
11337,abl_no_ls,75,-,316,328.87229999999994,483,0.225
11345,abl_no_ls,100,-,336,363.36453333333355,636,0.174
11345,abl_no_ls,25,-,136,173.43786666666668,152,0.078
11345,abl_no_ls,50,-,242,273.8896000000001,319,0.139
11345,abl_no_ls,75,-,305,334.51843333333346,479,0.163
11346,abl_no_ls,100,-,296,313.1269000000001,621,0.135
11346,abl_no_ls,25,-,123,158.7687,149,0.058
11346,abl_no_ls,50,-,221,248.03610000000003,307,0.102
11346,abl_no_ls,75,-,274,296.5431666666667,463,0.121
11359,abl_no_ls,100,-,311,491.2039999999999,592,0.142
11359,abl_no_ls,25,-,121,258.77073333333334,144,0.048
11359,abl_no_ls,50,-,216,391.6155,289,0.098
11359,abl_no_ls,75,-,275,459.4610666666667,441,0.123
11372,abl_no_ls,100,-,214,176.90273333333332,473,0.09
11372,abl_no_ls,25,-,92,78.15229999999998,115,0.028
11372,abl_no_ls,50,-,156,139.38223333333335,240,0.055
11372,abl_no_ls,75,-,197,168.51603333333333,360,0.076
11384,abl_no_ls,100,-,216,190.06033333333332,400,0.095
11384,abl_no_ls,25,-,85,78.0995,98,0.029
11384,abl_no_ls,50,-,149,134.00053333333332,203,0.06
11384,abl_no_ls,75,-,199,175.5723333333333,310,0.082
11391,abl_no_ls,100,-,239,394.03706666666653,498,0.108
11391,abl_no_ls,25,-,91,196.41019999999997,120,0.037
11391,abl_no_ls,50,-,177,331.6075666666665,241,0.07
11391,abl_no_ls,75,-,213,377.23199999999986,372,0.095
11392,abl_no_ls,100,-,211,257.4427666666666,397,0.097
11392,abl_no_ls,25,-,86,135.7521,105,0.025
11392,abl_no_ls,50,-,156,216.64686666666665,214,0.064
11392,abl_no_ls,75,-,193,245.93213333333327,292,0.083
11403,abl_no_ls,100,-,240,418.8297,470,0.099
11403,abl_no_ls,25,-,84,165.12463333333332,111,0.028
11403,abl_no_ls,50,-,162,317.5587999999999,228,0.056
11403,abl_no_ls,75,-,218,394.36310000000003,346,0.084
11420,abl_no_ls,100,-,193,199.7527666666666,449,0.061
11420,abl_no_ls,25,-,70,88.32213333333333,104,0.016
11420,abl_no_ls,50,-,139,160.9771666666666,218,0.035
11420,abl_no_ls,75,-,174,190.88993333333323,335,0.052
11421,abl_no_ls,100,-,238,204.16529999999997,521,0.135
11421,abl_no_ls,25,-,105,103.1059333333333,128,0.06
11421,abl_no_ls,50,-,184,166.97436666666673,260,0.103
11421,abl_no_ls,75,-,228,195.21796666666668,388,0.123
11437,abl_no_ls,100,-,235,210.63040000000004,505,0.075
11437,abl_no_ls,25,-,99,91.68026666666665,122,0.022
11437,abl_no_ls,50,-,173,160.87493333333336,249,0.05
11437,abl_no_ls,75,-,213,193.7581,380,0.065
11451,abl_no_ls,100,-,266,313.92473333333317,556,0.133
11451,abl_no_ls,25,-,112,165.5462666666667,136,0.054
11451,abl_no_ls,50,-,191,260.0431,271,0.103
11451,abl_no_ls,75,-,237,301.0108666666667,419,0.121
11452,abl_no_ls,100,-,250,318.02756666666676,541,0.151
11452,abl_no_ls,25,-,103,175.0607,136,0.046
11452,abl_no_ls,50,-,188,271.0896,269,0.102
11452,abl_no_ls,75,-,229,305.4918333333334,400,0.13
11481,abl_no_ls,100,-,257,348.694,523,0.155
11481,abl_no_ls,25,-,100,195.73860000000002,125,0.061
11481,abl_no_ls,50,-,164,270.4680666666667,256,0.115
11481,abl_no_ls,75,-,230,325.0382666666667,396,0.14
11482,abl_no_ls,100,-,273,541.9984999999999,516,0.126
11482,abl_no_ls,25,-,108,260.94469999999995,134,0.04
11482,abl_no_ls,50,-,201,442.1305333333332,261,0.094
11482,abl_no_ls,75,-,250,519.4586333333332,389,0.114
11491,abl_no_ls,100,-,153,178.85146666666662,342,0.047
11491,abl_no_ls,25,-,51,63.054633333333335,86,0.011
11491,abl_no_ls,50,-,107,138.56893333333332,160,0.032
11491,abl_no_ls,75,-,138,166.8176333333333,258,0.039
11511,abl_no_ls,100,-,71,96.9909,149,0.012
11511,abl_no_ls,25,-,9,7.8496,19,0.001
11511,abl_no_ls,50,-,24,43.840199999999996,37,0.002
11511,abl_no_ls,75,-,51,75.6037,83,0.007
11553,abl_no_ls,100,-,191,154.0812,389,0.07
11553,abl_no_ls,25,-,69,63.801933333333324,98,0.014
11553,abl_no_ls,50,-,133,115.42583333333332,186,0.039
11553,abl_no_ls,75,-,167,144.32510000000002,297,0.058
11556,abl_no_ls,100,-,268,246.6394333333333,556,0.16
11556,abl_no_ls,25,-,114,118.306,140,0.061
11556,abl_no_ls,50,-,204,195.69150000000002,277,0.111
11556,abl_no_ls,75,-,250,232.25919999999996,427,0.132
11610,abl_no_ls,100,-,141,134.6028666666666,234,0.03
11610,abl_no_ls,25,-,29,29.0,33,0.004
11610,abl_no_ls,50,-,84,81.7609,130,0.014
11610,abl_no_ls,75,-,125,118.28689999999999,184,0.021
11631,abl_no_ls,100,-,126,101.13056666666664,319,0.03
11631,abl_no_ls,25,-,39,32.63583333333333,75,0.002
11631,abl_no_ls,50,-,98,81.96853333333333,144,0.015
11631,abl_no_ls,75,-,109,91.80130000000001,237,0.024
11639,abl_no_ls,100,-,251,293.2814666666666,578,0.146
11639,abl_no_ls,25,-,107,167.21040000000002,140,0.06
11639,abl_no_ls,50,-,198,261.19599999999986,290,0.099
11639,abl_no_ls,75,-,229,285.11886666666646,436,0.12
11680,abl_no_ls,100,-,149,233.0351666666667,312,0.067
11680,abl_no_ls,25,-,54,101.62436666666669,81,0.01
11680,abl_no_ls,50,-,93,178.31906666666663,155,0.038
11680,abl_no_ls,75,-,135,216.96603333333334,242,0.055
11690,abl_no_ls,100,-,151,145.82826666666665,279,0.039
11690,abl_no_ls,25,-,34,33.8755,38,0.006
11690,abl_no_ls,50,-,93,91.71503333333332,133,0.017
11690,abl_no_ls,75,-,127,122.80836666666664,178,0.029
11702,abl_no_ls,100,-,216,321.38099999999986,470,0.098
11702,abl_no_ls,25,-,81,171.97513333333336,120,0.023
11702,abl_no_ls,50,-,152,268.77083333333326,244,0.067
11702,abl_no_ls,75,-,199,310.78909999999996,355,0.084
11703,abl_no_ls,100,-,189,283.1322333333334,469,0.096
11703,abl_no_ls,25,-,72,135.8873,114,0.029
11703,abl_no_ls,50,-,146,236.8469,232,0.068
11703,abl_no_ls,75,-,170,273.68046666666663,356,0.087
11712,abl_no_ls,100,-,181,185.94459999999995,335,0.121
11712,abl_no_ls,25,-,65,88.88360000000002,74,0.023
11712,abl_no_ls,50,-,128,149.26923333333335,169,0.081
11712,abl_no_ls,75,-,161,176.05896666666663,253,0.105
11714,abl_no_ls,100,-,171,183.97803333333334,370,0.093
11714,abl_no_ls,25,-,51,77.05846666666667,95,0.02
11714,abl_no_ls,50,-,117,144.7689,175,0.054
11714,abl_no_ls,75,-,153,173.00320000000002,268,0.076
11725,abl_no_ls,100,-,219,261.2848666666667,471,0.104
11725,abl_no_ls,25,-,91,147.66216666666668,118,0.027
11725,abl_no_ls,50,-,161,217.6324666666667,239,0.068
11725,abl_no_ls,75,-,199,249.07616666666664,350,0.089
11768,abl_no_ls,100,-,75,67.33093333333333,148,0.01
11768,abl_no_ls,25,-,13,11.616566666666667,21,0.001
11768,abl_no_ls,50,-,31,29.616566666666667,39,0.002
11768,abl_no_ls,75,-,55,52.48546666666666,82,0.004
11823,abl_no_ls,100,-,181,273.83639999999997,448,0.069
11823,abl_no_ls,25,-,68,166.3355333333333,116,0.016
11823,abl_no_ls,50,-,131,240.59369999999996,232,0.048
11823,abl_no_ls,75,-,160,261.91009999999994,350,0.062
11826,abl_no_ls,100,-,65,97.55043333333332,131,0.009
11826,abl_no_ls,25,-,11,8.555733333333333,19,0.001
11826,abl_no_ls,50,-,27,39.26690000000001,54,0.003
11826,abl_no_ls,75,-,48,77.67643333333332,107,0.006
11836,abl_no_ls,100,-,163,332.43600000000015,316,0.045
11836,abl_no_ls,25,-,49,107.25609999999999,81,0.006
11836,abl_no_ls,50,-,104,241.6536666666667,156,0.023
11836,abl_no_ls,75,-,138,302.4256666666667,249,0.035
11842,abl_no_ls,100,-,135,118.25536666666669,316,0.078
11842,abl_no_ls,25,-,49,61.9553,81,0.01
11842,abl_no_ls,50,-,99,98.44609999999999,158,0.047
11842,abl_no_ls,75,-,125,116.31400000000001,243,0.064
11868,abl_no_ls,100,-,212,238.03350000000006,511,0.104
11868,abl_no_ls,25,-,97,148.08509999999998,127,0.028
11868,abl_no_ls,50,-,166,215.86533333333327,248,0.066
11868,abl_no_ls,75,-,195,231.64206666666666,380,0.094
11876,abl_no_ls,100,-,183,254.94303333333332,359,0.078
11876,abl_no_ls,25,-,64,125.33680000000003,91,0.025
11876,abl_no_ls,50,-,127,209.27753333333337,183,0.048
11876,abl_no_ls,75,-,160,241.13309999999998,281,0.068
11905,abl_no_ls,100,-,150,259.3987666666667,288,0.073
11905,abl_no_ls,25,-,50,88.5958666666667,69,0.009
11905,abl_no_ls,50,-,99,205.58639999999994,144,0.033
11905,abl_no_ls,75,-,138,246.01149999999996,216,0.054
11999,abl_no_ls,100,-,177,240.05373333333338,405,0.088
11999,abl_no_ls,25,-,70,134.20996666666667,104,0.018
11999,abl_no_ls,50,-,128,208.14283333333339,208,0.056
11999,abl_no_ls,75,-,159,232.43890000000007,308,0.078
12003,abl_no_ls,100,-,232,276.2999000000001,522,0.117
12003,abl_no_ls,25,-,94,152.4172333333334,119,0.036
12003,abl_no_ls,50,-,174,246.0240000000001,253,0.08
12003,abl_no_ls,75,-,207,268.5632333333334,386,0.104
12016,abl_no_ls,100,-,109,85.19746666666667,212,0.038
12016,abl_no_ls,25,-,26,20.284033333333333,40,0.003
12016,abl_no_ls,50,-,77,63.78893333333333,118,0.014
12016,abl_no_ls,75,-,93,76.4005,172,0.028
12017,abl_no_ls,100,-,141,111.21383333333331,344,0.053
12017,abl_no_ls,25,-,44,38.98413333333333,64,0.005
12017,abl_no_ls,50,-,103,86.33466666666666,155,0.028
12017,abl_no_ls,75,-,125,103.53913333333331,260,0.04
12024,abl_no_ls,100,-,168,115.1520333333333,396,0.077
12024,abl_no_ls,25,-,66,53.09973333333333,97,0.014
12024,abl_no_ls,50,-,115,92.80766666666666,198,0.052
12024,abl_no_ls,75,-,150,110.0769,287,0.061
12034,abl_no_ls,100,-,119,257.58123333333333,287,0.03
12034,abl_no_ls,25,-,33,65.96373333333334,70,0.003
12034,abl_no_ls,50,-,88,208.75716666666668,141,0.015
12034,abl_no_ls,75,-,105,237.71636666666663,222,0.02
12036,abl_no_ls,100,-,106,71.55330000000001,216,0.045
12036,abl_no_ls,25,-,29,24.09313333333333,43,0.004
12036,abl_no_ls,50,-,65,50.734100000000005,100,0.016
12036,abl_no_ls,75,-,93,66.99803333333335,156,0.035
12045,abl_no_ls,100,-,88,76.20989999999999,197,0.037
12045,abl_no_ls,25,-,26,27.707800000000002,41,0.003
12045,abl_no_ls,50,-,52,54.29943333333333,93,0.012
12045,abl_no_ls,75,-,81,73.9916,168,0.026
12047,abl_no_ls,100,-,72,89.40370000000004,187,0.012
12047,abl_no_ls,25,-,14,12.030199999999999,23,0.001
12047,abl_no_ls,50,-,43,58.748266666666666,101,0.003
12047,abl_no_ls,75,-,64,85.42693333333337,135,0.009
12069,abl_no_ls,100,-,79,54.75576666666668,172,0.018
12069,abl_no_ls,25,-,11,8.579633333333334,26,0.001
12069,abl_no_ls,50,-,51,38.63243333333334,96,0.003
12069,abl_no_ls,75,-,73,51.282466666666686,143,0.012
12077,abl_no_ls,100,-,184,196.63046666666673,425,0.076
12077,abl_no_ls,25,-,70,105.86029999999998,93,0.018
12077,abl_no_ls,50,-,137,162.5027333333333,210,0.048
12077,abl_no_ls,75,-,162,184.85260000000002,314,0.067
12078,abl_no_ls,100,-,250,345.4322333333334,526,0.117
12078,abl_no_ls,25,-,102,180.75463333333332,134,0.038
12078,abl_no_ls,50,-,189,287.8360999999999,263,0.088
12078,abl_no_ls,75,-,232,331.38793333333336,387,0.108
12081,abl_no_ls,100,-,314,394.6389000000001,622,0.163
12081,abl_no_ls,25,-,136,202.36543333333336,159,0.068
12081,abl_no_ls,50,-,226,317.56190000000004,318,0.125
12081,abl_no_ls,75,-,292,373.4957000000001,480,0.154
12087,abl_no_ls,100,-,153,121.83453333333333,356,0.078
12087,abl_no_ls,25,-,59,55.737700000000004,91,0.025
12087,abl_no_ls,50,-,109,97.39163333333333,166,0.047
12087,abl_no_ls,75,-,132,112.36613333333332,266,0.068
12091,abl_no_ls,100,-,63,53.165433333333354,133,0.007
12091,abl_no_ls,25,-,5,3.7376333333333336,21,0.0
12091,abl_no_ls,50,-,42,36.64823333333333,68,0.002
12091,abl_no_ls,75,-,54,46.060033333333344,95,0.005
12093,abl_no_ls,100,-,85,68.72193333333333,194,0.019
12093,abl_no_ls,25,-,15,9.992433333333333,39,0.001
12093,abl_no_ls,50,-,51,45.843333333333334,81,0.006
12093,abl_no_ls,75,-,77,65.0041,161,0.015
12126,abl_no_ls,100,-,92,90.34630000000004,243,0.025
12126,abl_no_ls,25,-,20,35.5935,45,0.002
12126,abl_no_ls,50,-,63,73.24650000000001,125,0.012
12126,abl_no_ls,75,-,81,85.32190000000003,178,0.021
12133,abl_no_ls,100,-,87,76.37943333333335,161,0.044
12133,abl_no_ls,25,-,28,27.202833333333334,34,0.003
12133,abl_no_ls,50,-,62,60.1783,68,0.014
12133,abl_no_ls,75,-,81,69.99226666666667,128,0.029
12134,abl_no_ls,100,-,115,93.56393333333337,242,0.039
12134,abl_no_ls,25,-,27,24.686366666666668,42,0.002
12134,abl_no_ls,50,-,72,63.80126666666665,114,0.013
12134,abl_no_ls,75,-,98,84.38446666666667,174,0.031
12168,abl_no_ls,100,-,132,190.30986666666672,329,0.04
12168,abl_no_ls,25,-,41,68.58370000000001,72,0.005
12168,abl_no_ls,50,-,92,161.26353333333336,158,0.021
12168,abl_no_ls,75,-,120,186.58180000000007,252,0.031
12182,abl_no_ls,100,-,138,212.45040000000006,366,0.046
12182,abl_no_ls,25,-,50,99.07556666666666,86,0.004
12182,abl_no_ls,50,-,101,185.21226666666672,184,0.024
12182,abl_no_ls,75,-,126,205.1543666666668,283,0.038
12214,abl_no_ls,100,-,269,197.0615333333334,603,0.143
12214,abl_no_ls,25,-,126,104.46086666666665,152,0.069
12214,abl_no_ls,50,-,208,167.0993666666667,295,0.103
12214,abl_no_ls,75,-,240,188.9812333333334,452,0.131
12221,abl_no_ls,100,-,146,184.02706666666674,274,0.077
12221,abl_no_ls,25,-,51,75.94353333333332,65,0.011
12221,abl_no_ls,50,-,100,149.21213333333336,137,0.038
12221,abl_no_ls,75,-,130,174.4402333333334,203,0.062
12224,abl_no_ls,100,-,163,279.80406666666653,358,0.094
12224,abl_no_ls,25,-,61,131.92096666666671,91,0.019
12224,abl_no_ls,50,-,125,234.27156666666662,178,0.061
12224,abl_no_ls,75,-,150,270.5155999999999,277,0.079
12238,abl_no_ls,100,-,62,122.89666666666666,126,0.015
12238,abl_no_ls,25,-,7,16.7968,15,0.001
12238,abl_no_ls,50,-,23,57.713800000000006,31,0.002
12238,abl_no_ls,75,-,44,97.0289,94,0.006
12276,abl_no_ls,100,-,218,496.72850000000005,437,0.115
12276,abl_no_ls,25,-,88,249.94876666666667,106,0.029
12276,abl_no_ls,50,-,147,399.23336666666654,211,0.077
12276,abl_no_ls,75,-,198,467.1959,332,0.102
12298,abl_no_ls,100,-,123,239.17980000000006,268,0.077
12298,abl_no_ls,25,-,51,119.16010000000004,65,0.012
12298,abl_no_ls,50,-,85,188.6002,132,0.039
12298,abl_no_ls,75,-,109,228.5130000000001,210,0.063
12324,abl_no_ls,100,-,223,494.6434999999999,476,0.079
12324,abl_no_ls,25,-,89,237.23039999999997,119,0.017
12324,abl_no_ls,50,-,153,388.6390333333334,234,0.051
12324,abl_no_ls,75,-,200,460.12789999999995,354,0.067
12327,abl_no_ls,100,-,263,687.9609000000002,526,0.122
12327,abl_no_ls,25,-,109,297.7069000000001,132,0.051
12327,abl_no_ls,50,-,193,521.4470666666668,274,0.094
12327,abl_no_ls,75,-,243,643.7929,404,0.112
12365,abl_no_ls,100,-,226,423.8492999999999,448,0.11
12365,abl_no_ls,25,-,87,209.91523333333336,110,0.025
12365,abl_no_ls,50,-,162,342.1925999999999,226,0.077
12365,abl_no_ls,75,-,205,398.4297666666666,348,0.096
12389,abl_no_ls,100,-,188,369.45633333333336,385,0.141
12389,abl_no_ls,25,-,78,186.20500000000004,96,0.032
12389,abl_no_ls,50,-,138,304.4132333333334,193,0.087
12389,abl_no_ls,75,-,174,354.27006666666676,281,0.111
12437,abl_no_ls,100,-,281,361.46010000000007,583,0.109
12437,abl_no_ls,25,-,121,185.64896666666664,139,0.045
12437,abl_no_ls,50,-,206,284.769,283,0.08
12437,abl_no_ls,75,-,258,344.5493666666667,433,0.108
12440,abl_no_ls,100,-,166,254.4952666666668,293,0.087
12440,abl_no_ls,25,-,61,100.29539999999999,72,0.018
12440,abl_no_ls,50,-,120,207.9778666666667,145,0.048
12440,abl_no_ls,75,-,150,242.33313333333342,230,0.071
12469,abl_no_ls,100,-,206,258.66246666666666,465,0.107
12469,abl_no_ls,25,-,86,161.70573333333337,109,0.029
12469,abl_no_ls,50,-,150,226.17263333333335,230,0.076
12469,abl_no_ls,75,-,185,250.7552333333333,350,0.098
12493,abl_no_ls,100,-,121,110.905,277,0.039
12493,abl_no_ls,25,-,36,36.06753333333332,70,0.003
12493,abl_no_ls,50,-,84,81.07396666666668,126,0.023
12493,abl_no_ls,75,-,114,103.36793333333335,216,0.031
12501,abl_no_ls,100,-,65,142.82059999999998,145,0.025
12501,abl_no_ls,25,-,15,40.310100000000006,21,0.002
12501,abl_no_ls,50,-,36,95.84960000000001,43,0.011
12501,abl_no_ls,75,-,54,130.7857,85,0.02
12512,abl_no_ls,100,-,86,65.82936666666666,181,0.029
12512,abl_no_ls,25,-,27,21.151200000000003,33,0.002
12512,abl_no_ls,50,-,43,33.5197,72,0.008
12512,abl_no_ls,75,-,70,54.43546666666665,137,0.016
12514,abl_no_ls,100,-,54,43.74323333333332,97,0.006
12514,abl_no_ls,25,-,13,10.241933333333334,18,0.001
12514,abl_no_ls,50,-,22,18.597600000000003,37,0.002
12514,abl_no_ls,75,-,39,32.859733333333324,75,0.003
12538,abl_no_ls,100,-,158,289.5209666666667,303,0.101
12538,abl_no_ls,25,-,54,143.3447,74,0.015
12538,abl_no_ls,50,-,91,214.12883333333332,157,0.061
12538,abl_no_ls,75,-,132,267.56263333333334,230,0.088
12544,abl_no_ls,100,-,173,188.67066666666673,401,0.082
12544,abl_no_ls,25,-,73,113.16356666666665,95,0.019
12544,abl_no_ls,50,-,124,156.4624333333334,190,0.058
12544,abl_no_ls,75,-,155,180.19596666666672,293,0.073
12548,abl_no_ls,100,-,153,130.44849999999994,343,0.072
12548,abl_no_ls,25,-,45,49.54593333333332,78,0.009
12548,abl_no_ls,50,-,98,100.3071333333333,163,0.038
12548,abl_no_ls,75,-,142,124.13770000000001,265,0.058
12549,abl_no_ls,100,-,81,63.384566666666636,220,0.025
12549,abl_no_ls,25,-,14,17.0975,37,0.001
12549,abl_no_ls,50,-,47,44.23756666666666,111,0.008
12549,abl_no_ls,75,-,72,58.35376666666665,156,0.02
12558,abl_no_ls,100,-,50,40.38413333333334,86,0.007
12558,abl_no_ls,25,-,2,0.6082,15,0.0
12558,abl_no_ls,50,-,20,17.7463,32,0.001
12558,abl_no_ls,75,-,36,32.08996666666666,50,0.004
12559,abl_no_ls,100,-,96,75.40079999999998,201,0.042
12559,abl_no_ls,25,-,26,23.438566666666663,41,0.004
12559,abl_no_ls,50,-,60,51.358733333333326,83,0.018
12559,abl_no_ls,75,-,86,69.72403333333331,168,0.033
12571,abl_no_ls,100,-,167,249.29279999999997,361,0.081
12571,abl_no_ls,25,-,67,109.63103333333335,88,0.015
12571,abl_no_ls,50,-,119,196.54859999999996,175,0.051
12571,abl_no_ls,75,-,152,233.3801,260,0.071
12575,abl_no_ls,100,-,140,272.58559999999994,322,0.076
12575,abl_no_ls,25,-,58,128.49149999999997,77,0.014
12575,abl_no_ls,50,-,103,217.53470000000002,163,0.041
12575,abl_no_ls,75,-,128,259.62630000000007,243,0.063
12582,abl_no_ls,100,-,108,99.00036666666668,187,0.028
12582,abl_no_ls,25,-,23,22.908066666666667,27,0.003
12582,abl_no_ls,50,-,64,60.68516666666666,77,0.017
12582,abl_no_ls,75,-,94,86.40646666666667,153,0.023
12592,abl_no_ls,100,-,80,138.68976666666666,196,0.017
12592,abl_no_ls,25,-,11,29.058,26,0.001
12592,abl_no_ls,50,-,54,105.66773333333332,109,0.004
12592,abl_no_ls,75,-,72,132.90913333333333,146,0.013
12596,abl_no_ls,100,-,130,183.3950333333332,284,0.08
12596,abl_no_ls,25,-,44,72.51976666666667,68,0.012
12596,abl_no_ls,50,-,86,143.90363333333332,144,0.042
12596,abl_no_ls,75,-,120,173.3710999999999,198,0.069
12608,abl_no_ls,100,-,176,135.2621,404,0.073
12608,abl_no_ls,25,-,69,59.191833333333335,89,0.017
12608,abl_no_ls,50,-,132,111.73326666666664,200,0.044
12608,abl_no_ls,75,-,159,127.58756666666663,292,0.062
12639,abl_no_ls,100,-,369,365.3803,669,0.099
12639,abl_no_ls,25,-,149,148.56943333333334,167,0.063
12639,abl_no_ls,50,-,268,265.7568,339,0.076
12639,abl_no_ls,75,-,338,333.69596666666666,501,0.09
12652,abl_no_ls,100,-,90,181.69369999999995,203,0.094
12652,abl_no_ls,25,-,22,58.05839999999999,34,0.003
12652,abl_no_ls,50,-,53,124.597,95,0.021
12652,abl_no_ls,75,-,73,165.7916,148,0.051
12658,abl_no_ls,100,-,171,207.7134000000001,343,0.102
12658,abl_no_ls,25,-,62,91.14866666666668,80,0.012
12658,abl_no_ls,50,-,116,169.51123333333337,169,0.057
12658,abl_no_ls,75,-,152,195.83686666666674,260,0.089
12673,abl_no_ls,100,-,64,58.73910000000001,147,0.012
12673,abl_no_ls,25,-,7,9.514733333333332,17,0.0
12673,abl_no_ls,50,-,31,39.067266666666654,54,0.002
12673,abl_no_ls,75,-,44,48.74233333333333,78,0.006
12694,abl_no_ls,100,-,385,385.0,660,0.123
12694,abl_no_ls,25,-,154,154.0,165,0.045
12694,abl_no_ls,50,-,278,278.0,332,0.083
12694,abl_no_ls,75,-,351,351.0,498,0.096
12695,abl_no_ls,100,-,390,390.0,666,0.106
12695,abl_no_ls,25,-,162,162.0,174,0.047
12695,abl_no_ls,50,-,284,284.0,344,0.081
12695,abl_no_ls,75,-,355,355.0,521,0.096
12722,abl_no_ls,100,-,51,47.44456666666666,61,0.015
12722,abl_no_ls,25,-,9,8.359566666666666,14,0.001
12722,abl_no_ls,50,-,25,24.0122,30,0.004
12722,abl_no_ls,75,-,41,39.94513333333333,46,0.009
12727,abl_no_ls,100,-,131,248.05776666666668,280,0.052
12727,abl_no_ls,25,-,41,95.63353333333333,56,0.011
12727,abl_no_ls,50,-,92,192.83870000000002,135,0.03
12727,abl_no_ls,75,-,118,228.96356666666674,213,0.04
12733,abl_no_ls,100,-,103,116.99133333333333,237,0.041
12733,abl_no_ls,25,-,30,40.50326666666667,48,0.002
12733,abl_no_ls,50,-,78,99.94923333333334,121,0.016
12733,abl_no_ls,75,-,95,113.73226666666667,171,0.034
12746,abl_no_ls,100,-,391,391.0,695,0.101
12746,abl_no_ls,25,-,161,161.0,178,0.043
12746,abl_no_ls,50,-,286,286.0,349,0.079
12746,abl_no_ls,75,-,357,357.0,522,0.095
12810,abl_no_ls,100,-,196,190.94303333333343,403,0.092
12810,abl_no_ls,25,-,69,100.90196666666667,90,0.019
12810,abl_no_ls,50,-,140,159.83626666666677,192,0.063
12810,abl_no_ls,75,-,178,183.15190000000013,308,0.081
12830,abl_no_ls,100,-,285,275.9691000000001,548,0.065
12830,abl_no_ls,25,-,111,109.13289999999999,131,0.023
12830,abl_no_ls,50,-,208,202.49196666666663,275,0.049
12830,abl_no_ls,75,-,262,253.65879999999999,409,0.07
12898,abl_no_ls,100,-,119,218.31403333333338,312,0.054
12898,abl_no_ls,25,-,43,105.1512,74,0.008
12898,abl_no_ls,50,-,90,197.63840000000008,151,0.03
12898,abl_no_ls,75,-,106,212.26960000000008,231,0.044
12924,abl_no_ls,100,-,105,171.13173333333336,260,0.035
12924,abl_no_ls,25,-,39,78.34549999999999,64,0.004
12924,abl_no_ls,50,-,71,132.97276666666664,119,0.018
12924,abl_no_ls,75,-,96,165.78526666666667,189,0.028
12931,abl_no_ls,100,-,186,214.90553333333332,460,0.092
12931,abl_no_ls,25,-,77,129.65840000000003,113,0.029
12931,abl_no_ls,50,-,131,183.67846666666665,218,0.066
12931,abl_no_ls,75,-,169,207.60266666666664,337,0.081
12932,abl_no_ls,100,-,148,132.48833333333332,317,0.068
12932,abl_no_ls,25,-,41,62.062699999999985,60,0.012
12932,abl_no_ls,50,-,93,105.0835,143,0.038
12932,abl_no_ls,75,-,125,123.48756666666667,220,0.058
12950,abl_no_ls,100,-,273,437.8461666666668,548,0.114
12950,abl_no_ls,25,-,109,221.0302333333333,137,0.042
12950,abl_no_ls,50,-,191,363.3442666666667,277,0.069
12950,abl_no_ls,75,-,250,413.3266000000001,417,0.102
12954,abl_no_ls,100,-,95,164.59430000000003,229,0.019
12954,abl_no_ls,25,-,20,34.219833333333334,41,0.001
12954,abl_no_ls,50,-,56,106.90079999999998,104,0.007
12954,abl_no_ls,75,-,87,155.79726666666667,157,0.015
12960,abl_no_ls,100,-,120,273.96290000000005,247,0.042
12960,abl_no_ls,25,-,29,66.33373333333334,48,0.003
12960,abl_no_ls,50,-,73,183.47576666666663,122,0.016
12960,abl_no_ls,75,-,102,243.99026666666668,173,0.031
12961,abl_no_ls,100,-,56,102.4234,94,0.003
12961,abl_no_ls,25,-,5,9.7248,8,0.0
12961,abl_no_ls,50,-,13,25.724800000000002,16,0.001
12961,abl_no_ls,75,-,38,69.48433333333334,73,0.001
13013,abl_no_ls,100,-,194,205.74716666666671,450,0.069
13013,abl_no_ls,25,-,74,95.48873333333334,113,0.018
13013,abl_no_ls,50,-,140,166.25753333333333,231,0.042
13013,abl_no_ls,75,-,175,195.79940000000002,342,0.06
13027,abl_no_ls,100,-,142,99.35110000000002,322,0.076
13027,abl_no_ls,25,-,57,45.03603333333332,77,0.009
13027,abl_no_ls,50,-,100,79.9611,166,0.04
13027,abl_no_ls,75,-,129,95.25326666666668,245,0.064
13031,abl_no_ls,100,-,173,174.9633666666667,436,0.128
13031,abl_no_ls,25,-,67,85.93389999999998,106,0.032
13031,abl_no_ls,50,-,128,149.45226666666673,217,0.083
13031,abl_no_ls,75,-,159,169.2001333333334,325,0.117
13045,abl_no_ls,100,-,163,135.60179999999997,362,0.095
13045,abl_no_ls,25,-,63,56.73920000000001,90,0.019
13045,abl_no_ls,50,-,115,103.54626666666668,184,0.056
13045,abl_no_ls,75,-,152,126.71186666666668,262,0.091
13048,abl_no_ls,100,-,247,213.86836666666667,500,0.174
13048,abl_no_ls,25,-,105,112.22226666666667,119,0.054
13048,abl_no_ls,50,-,175,175.2978333333333,247,0.125
13048,abl_no_ls,75,-,221,203.31513333333334,360,0.157
13049,abl_no_ls,100,-,279,444.0518666666665,609,0.105
13049,abl_no_ls,25,-,124,247.2575333333334,148,0.041
13049,abl_no_ls,50,-,209,380.83116666666655,299,0.083
13049,abl_no_ls,75,-,256,427.98269999999985,454,0.094
13082,abl_no_ls,100,-,75,107.30773333333333,164,0.048
13082,abl_no_ls,25,-,25,45.93986666666666,47,0.003
13082,abl_no_ls,50,-,61,92.84483333333334,98,0.016
13082,abl_no_ls,75,-,67,101.29003333333333,124,0.035
13085,abl_no_ls,100,-,254,225.82393333333337,548,0.163
13085,abl_no_ls,25,-,106,123.06479999999998,135,0.055
13085,abl_no_ls,50,-,188,189.10703333333333,275,0.117
13085,abl_no_ls,75,-,225,215.0778,415,0.157
13103,abl_no_ls,100,-,113,91.85510000000002,303,0.028
13103,abl_no_ls,25,-,30,30.522433333333332,73,0.003
13103,abl_no_ls,50,-,83,79.60363333333333,147,0.017
13103,abl_no_ls,75,-,99,87.50926666666668,234,0.021
13108,abl_no_ls,100,-,86,69.85893333333333,254,0.029
13108,abl_no_ls,25,-,26,25.1545,57,0.002
13108,abl_no_ls,50,-,54,49.44273333333333,112,0.01
13108,abl_no_ls,75,-,79,65.12043333333332,181,0.024
13128,abl_no_ls,100,-,199,165.48583333333337,409,0.123
13128,abl_no_ls,25,-,77,79.42876666666666,98,0.034
13128,abl_no_ls,50,-,147,135.2878333333333,204,0.086
13128,abl_no_ls,75,-,179,154.9336666666667,304,0.108
13155,abl_no_ls,100,-,193,171.0679666666667,414,0.055
13155,abl_no_ls,25,-,71,65.1485,106,0.013
13155,abl_no_ls,50,-,138,125.68570000000001,207,0.032
13155,abl_no_ls,75,-,179,163.09153333333336,320,0.046
13200,abl_no_ls,100,-,53,38.1099,112,0.01
13200,abl_no_ls,25,-,9,6.548399999999999,16,0.0
13200,abl_no_ls,50,-,21,16.90816666666667,33,0.002
13200,abl_no_ls,75,-,41,28.76843333333334,70,0.004
13210,abl_no_ls,100,-,44,49.30466666666666,85,0.007
13210,abl_no_ls,25,-,6,4.7903,12,0.0
13210,abl_no_ls,50,-,20,16.072233333333333,26,0.001
13210,abl_no_ls,75,-,33,38.01766666666666,59,0.004
13211,abl_no_ls,100,-,58,40.460433333333356,124,0.022
13211,abl_no_ls,25,-,10,8.228933333333334,22,0.001
13211,abl_no_ls,50,-,32,25.574700000000004,44,0.005
13211,abl_no_ls,75,-,51,36.36026666666667,64,0.013
13251,abl_no_ls,100,-,231,222.40553333333332,453,0.053
13251,abl_no_ls,25,-,83,80.7636,108,0.014
13251,abl_no_ls,50,-,160,155.6787,225,0.029
13251,abl_no_ls,75,-,206,200.4825,342,0.045
13258,abl_no_ls,100,-,189,191.27213333333336,348,0.092
13258,abl_no_ls,25,-,65,73.84243333333335,78,0.021
13258,abl_no_ls,50,-,126,134.68626666666668,181,0.052
13258,abl_no_ls,75,-,165,169.65863333333337,257,0.071
13261,abl_no_ls,100,-,265,257.7301333333333,477,0.071
13261,abl_no_ls,25,-,95,92.934,118,0.02
13261,abl_no_ls,50,-,180,176.30569999999997,230,0.045
13261,abl_no_ls,75,-,235,231.00633333333334,353,0.064
13262,abl_no_ls,100,-,210,202.88153333333335,418,0.053
13262,abl_no_ls,25,-,71,68.97786666666667,99,0.012
13262,abl_no_ls,50,-,149,145.51466666666667,197,0.028
13262,abl_no_ls,75,-,193,186.25616666666667,311,0.045
13264,abl_no_ls,100,-,180,285.0251,339,0.089
13264,abl_no_ls,25,-,70,125.4373,84,0.015
13264,abl_no_ls,50,-,127,224.42126666666664,172,0.045
13264,abl_no_ls,75,-,159,266.1900333333334,249,0.074
13265,abl_no_ls,100,-,172,341.3464666666666,307,0.067
13265,abl_no_ls,25,-,61,115.92830000000001,77,0.013
13265,abl_no_ls,50,-,115,252.31959999999995,144,0.04
13265,abl_no_ls,75,-,153,311.29803333333325,235,0.052
13266,abl_no_ls,100,-,144,291.62716666666665,328,0.074
13266,abl_no_ls,25,-,55,110.83553333333333,79,0.012
13266,abl_no_ls,50,-,105,225.72823333333335,171,0.042
13266,abl_no_ls,75,-,130,281.3896333333334,250,0.058
13316,abl_no_ls,100,-,184,332.0939,390,0.083
13316,abl_no_ls,25,-,61,147.729,89,0.016
13316,abl_no_ls,50,-,131,262.6698333333334,190,0.05
13316,abl_no_ls,75,-,162,313.04919999999987,281,0.066
13323,abl_no_ls,100,-,120,113.6711,236,0.03
13323,abl_no_ls,25,-,31,29.689700000000002,46,0.004
13323,abl_no_ls,50,-,74,72.14936666666667,89,0.017
13323,abl_no_ls,75,-,102,96.48103333333334,177,0.026
13328,abl_no_ls,100,-,358,349.4839333333335,656,0.096
13328,abl_no_ls,25,-,144,142.68356666666668,165,0.04
13328,abl_no_ls,50,-,260,255.64810000000008,328,0.072
13328,abl_no_ls,75,-,321,316.1063000000001,490,0.086
13329,abl_no_ls,100,-,331,325.3951333333333,612,0.096
13329,abl_no_ls,25,-,136,134.60496666666666,156,0.035
13329,abl_no_ls,50,-,240,237.9931,304,0.072
13329,abl_no_ls,75,-,300,295.1064666666666,470,0.089
13331,abl_no_ls,100,-,248,237.09246666666667,460,0.072
13331,abl_no_ls,25,-,92,90.74976666666667,116,0.021
13331,abl_no_ls,50,-,170,163.39203333333336,230,0.044
13331,abl_no_ls,75,-,215,209.89546666666666,340,0.062
13333,abl_no_ls,100,-,148,139.98336666666665,310,0.041
13333,abl_no_ls,25,-,43,42.2771,56,0.004
13333,abl_no_ls,50,-,103,98.8647,145,0.017
13333,abl_no_ls,75,-,131,125.88393333333333,209,0.03
13350,abl_no_ls,100,-,35,34.90836666666667,39,0.006
13350,abl_no_ls,25,-,5,4.968366666666666,9,0.0
13350,abl_no_ls,50,-,15,14.958366666666663,19,0.001
13350,abl_no_ls,75,-,25,24.759733333333333,29,0.003
13388,abl_no_ls,100,-,346,339.5449666666667,665,0.103
13388,abl_no_ls,25,-,150,149.3466,170,0.044
13388,abl_no_ls,50,-,258,254.40540000000001,331,0.077
13388,abl_no_ls,75,-,322,314.7844666666667,508,0.093
13392,abl_no_ls,100,-,165,157.62736666666666,340,0.043
13392,abl_no_ls,25,-,53,51.7803,65,0.006
13392,abl_no_ls,50,-,110,105.53196666666669,166,0.018
13392,abl_no_ls,75,-,143,138.5178,256,0.033
13401,abl_no_ls,100,-,135,176.6324666666667,358,0.104
13401,abl_no_ls,25,-,59,105.4725333333333,87,0.021
13401,abl_no_ls,50,-,103,158.59550000000002,165,0.062
13401,abl_no_ls,75,-,123,172.64913333333328,268,0.091
13418,abl_no_ls,100,-,184,170.1259666666666,338,0.109
13418,abl_no_ls,25,-,73,79.94549999999998,85,0.016
13418,abl_no_ls,50,-,126,123.92766666666667,169,0.065
13418,abl_no_ls,75,-,168,154.95329999999998,259,0.092
13423,abl_no_ls,100,-,149,113.46803333333332,269,0.084
13423,abl_no_ls,25,-,56,51.17026666666666,67,0.012
13423,abl_no_ls,50,-,106,87.97736666666667,141,0.044
13423,abl_no_ls,75,-,122,103.28203333333333,207,0.069
13427,abl_no_ls,100,-,143,125.8023,343,0.049
13427,abl_no_ls,25,-,58,60.0515,85,0.009
13427,abl_no_ls,50,-,106,106.44246666666668,165,0.028
13427,abl_no_ls,75,-,127,121.21783333333333,255,0.04
13429,abl_no_ls,100,-,161,152.46813333333333,309,0.099
13429,abl_no_ls,25,-,57,73.13006666666666,76,0.014
13429,abl_no_ls,50,-,113,120.70473333333334,149,0.057
13429,abl_no_ls,75,-,145,146.83276666666669,220,0.08
13432,abl_no_ls,100,-,151,171.80209999999997,312,0.059
13432,abl_no_ls,25,-,48,65.88139999999999,70,0.015
13432,abl_no_ls,50,-,105,137.12253333333337,154,0.031
13432,abl_no_ls,75,-,140,162.11743333333334,229,0.045
13439,abl_no_ls,100,-,177,166.40599999999995,386,0.083
13439,abl_no_ls,25,-,63,64.75836666666666,95,0.017
13439,abl_no_ls,50,-,127,123.56359999999998,180,0.056
13439,abl_no_ls,75,-,155,149.40486666666663,291,0.071
13447,abl_no_ls,100,-,198,157.1887333333333,477,0.1
13447,abl_no_ls,25,-,82,88.22116666666668,111,0.027
13447,abl_no_ls,50,-,144,136.17583333333332,229,0.067
13447,abl_no_ls,75,-,180,153.1062333333333,349,0.088
13450,abl_no_ls,100,-,97,157.76536666666675,224,0.023
13450,abl_no_ls,25,-,16,29.822066666666665,48,0.002
13450,abl_no_ls,50,-,68,130.51693333333333,127,0.008
13450,abl_no_ls,75,-,88,149.52130000000005,178,0.017
13456,abl_no_ls,100,-,104,97.51706666666668,183,0.022
13456,abl_no_ls,25,-,19,18.3733,23,0.002
13456,abl_no_ls,50,-,58,55.7432,72,0.008
13456,abl_no_ls,75,-,88,83.80743333333334,147,0.018
13464,abl_no_ls,100,-,349,343.61763333333334,662,0.093
13464,abl_no_ls,25,-,150,148.73963333333333,169,0.04
13464,abl_no_ls,50,-,253,251.57123333333334,333,0.078
13464,abl_no_ls,75,-,318,312.7907333333333,501,0.084
13465,abl_no_ls,100,-,314,306.61266666666666,593,0.094
13465,abl_no_ls,25,-,129,125.61746666666666,146,0.036
13465,abl_no_ls,50,-,229,225.5744666666667,298,0.069
13465,abl_no_ls,75,-,283,277.4517333333333,448,0.085
13469,abl_no_ls,100,-,126,121.25846666666669,204,0.031
13469,abl_no_ls,25,-,26,26.0,30,0.002
13469,abl_no_ls,50,-,74,72.28296666666667,120,0.01
13469,abl_no_ls,75,-,114,109.88363333333335,173,0.022
13497,abl_no_ls,100,-,163,169.0483,385,0.068
13497,abl_no_ls,25,-,52,86.29339999999999,97,0.01
13497,abl_no_ls,50,-,105,134.1345,179,0.043
13497,abl_no_ls,75,-,140,161.21636666666666,289,0.062
13513,abl_no_ls,100,-,172,147.90229999999994,400,0.082
13513,abl_no_ls,25,-,69,73.21029999999999,92,0.022
13513,abl_no_ls,50,-,128,122.32336666666666,193,0.06
13513,abl_no_ls,75,-,150,140.1326,291,0.076
13520,abl_no_ls,100,-,83,130.36669999999998,176,0.021
13520,abl_no_ls,25,-,12,22.594833333333334,23,0.001
13520,abl_no_ls,50,-,35,65.3803,67,0.007
13520,abl_no_ls,75,-,65,109.87836666666665,131,0.016
13525,abl_no_ls,100,-,108,156.84130000000005,314,0.035
13525,abl_no_ls,25,-,38,74.01633333333332,78,0.004
13525,abl_no_ls,50,-,80,137.99800000000002,139,0.017
13525,abl_no_ls,75,-,98,154.14703333333335,234,0.027
13563,abl_no_ls,100,-,71,62.153233333333326,131,0.011
13563,abl_no_ls,25,-,15,12.904433333333333,24,0.001
13563,abl_no_ls,50,-,35,31.404666666666667,49,0.003
13563,abl_no_ls,75,-,62,55.11456666666667,102,0.007
13564,abl_no_ls,100,-,50,44.64026666666666,78,0.013
13564,abl_no_ls,25,-,8,8.0,12,0.001
13564,abl_no_ls,50,-,22,22.0,26,0.003
13564,abl_no_ls,75,-,39,38.1118,57,0.007
13629,abl_no_ls,100,-,167,145.20123333333328,367,0.076
13629,abl_no_ls,25,-,62,67.61813333333335,89,0.016
13629,abl_no_ls,50,-,123,120.07036666666667,183,0.042
13629,abl_no_ls,75,-,151,136.85009999999997,280,0.059
13645,abl_no_ls,100,-,125,131.64593333333332,311,0.078
13645,abl_no_ls,25,-,46,76.55746666666666,76,0.011
13645,abl_no_ls,50,-,90,113.94143333333331,150,0.045
13645,abl_no_ls,75,-,111,128.21079999999995,237,0.066
13655,abl_no_ls,100,-,218,259.66666666666674,521,0.116
13655,abl_no_ls,25,-,107,161.88,132,0.042
13655,abl_no_ls,50,-,171,233.57103333333345,263,0.086
13655,abl_no_ls,75,-,202,253.7472333333334,400,0.107
13666,abl_no_ls,100,-,148,274.0415333333334,343,0.04
13666,abl_no_ls,25,-,42,77.56259999999999,82,0.004
13666,abl_no_ls,50,-,105,206.16483333333332,157,0.016
13666,abl_no_ls,75,-,136,252.94203333333337,249,0.032
13674,abl_no_ls,100,-,181,173.73043333333337,323,0.047
13674,abl_no_ls,25,-,47,45.2553,61,0.006
13674,abl_no_ls,50,-,118,115.1245,154,0.019
13674,abl_no_ls,75,-,156,150.12043333333332,255,0.032
13682,abl_no_ls,100,-,105,102.50923333333331,194,0.028
13682,abl_no_ls,25,-,27,28.3101,38,0.002
13682,abl_no_ls,50,-,63,62.26306666666667,89,0.008
13682,abl_no_ls,75,-,90,88.66946666666665,126,0.016
13683,abl_no_ls,100,-,70,64.78366666666666,115,0.01
13683,abl_no_ls,25,-,12,9.966000000000001,17,0.001
13683,abl_no_ls,50,-,34,30.918599999999998,51,0.002
13683,abl_no_ls,75,-,58,54.29046666666667,96,0.005
13691,abl_no_ls,100,-,236,395.9169999999999,541,0.079
13691,abl_no_ls,25,-,95,191.25613333333334,132,0.029
13691,abl_no_ls,50,-,182,330.68896666666666,274,0.051
13691,abl_no_ls,75,-,212,380.1135666666666,405,0.07
13703,abl_no_ls,100,-,180,165.51333333333332,505,0.096
13703,abl_no_ls,25,-,80,102.06306666666666,124,0.032
13703,abl_no_ls,50,-,142,147.3584333333333,250,0.071
13703,abl_no_ls,75,-,171,161.24619999999996,379,0.086
13706,abl_no_ls,100,-,124,149.5906333333334,309,0.049
13706,abl_no_ls,25,-,42,59.540099999999995,61,0.008
13706,abl_no_ls,50,-,94,129.9856,153,0.027
13706,abl_no_ls,75,-,111,146.14120000000005,247,0.039
13737,abl_no_ls,100,-,121,97.43220000000004,233,0.072
13737,abl_no_ls,25,-,47,43.60156666666667,61,0.006
13737,abl_no_ls,50,-,91,77.03183333333337,118,0.025
13737,abl_no_ls,75,-,111,92.95120000000004,175,0.057
13743,abl_no_ls,100,-,134,134.76833333333337,249,0.09
13743,abl_no_ls,25,-,46,54.209100000000014,58,0.008
13743,abl_no_ls,50,-,89,107.55776666666664,129,0.04
13743,abl_no_ls,75,-,118,126.92823333333335,189,0.071
13775,abl_no_ls,100,-,272,399.89419999999996,544,0.096
13775,abl_no_ls,25,-,105,184.67253333333335,131,0.032
13775,abl_no_ls,50,-,198,312.53773333333345,271,0.067
13775,abl_no_ls,75,-,247,374.18816666666663,405,0.086
13812,abl_no_ls,100,-,158,112.13043333333334,428,0.051
13812,abl_no_ls,25,-,75,67.02353333333333,108,0.011
13812,abl_no_ls,50,-,129,99.31470000000003,230,0.031
13812,abl_no_ls,75,-,147,109.61796666666669,339,0.044
13868,abl_no_ls,100,-,76,108.69676666666666,179,0.042
13868,abl_no_ls,25,-,21,35.15186666666666,34,0.003
13868,abl_no_ls,50,-,43,73.68733333333334,67,0.013
13868,abl_no_ls,75,-,64,103.9784,123,0.029
13879,abl_no_ls,100,-,158,150.98306666666667,298,0.041
13879,abl_no_ls,25,-,42,40.901266666666665,56,0.006
13879,abl_no_ls,50,-,102,99.91663333333332,148,0.021
13879,abl_no_ls,75,-,136,131.41303333333335,212,0.028
13956,abl_no_ls,100,-,86,88.59036666666667,183,0.044
13956,abl_no_ls,25,-,25,31.39563333333333,38,0.003
13956,abl_no_ls,50,-,63,74.4578,101,0.014
13956,abl_no_ls,75,-,77,83.6983,138,0.034
13992,abl_no_ls,100,-,144,160.8003666666668,237,0.102
13992,abl_no_ls,25,-,47,55.9773,57,0.008
13992,abl_no_ls,50,-,93,121.19886666666667,115,0.045
13992,abl_no_ls,75,-,122,147.88153333333346,175,0.08
14027,abl_no_ls,100,-,161,174.61726666666667,292,0.095
14027,abl_no_ls,25,-,62,87.47746666666666,74,0.013
14027,abl_no_ls,50,-,109,142.61693333333332,151,0.051
14027,abl_no_ls,75,-,144,165.81136666666666,231,0.078
14031,abl_no_ls,100,-,102,112.62943333333335,160,0.055
14031,abl_no_ls,25,-,28,26.76513333333333,38,0.003
14031,abl_no_ls,50,-,65,85.82770000000001,81,0.014
14031,abl_no_ls,75,-,85,101.93346666666667,116,0.034
14035,abl_no_ls,100,-,103,109.74830000000001,209,0.046
14035,abl_no_ls,25,-,29,26.392333333333333,37,0.003
14035,abl_no_ls,50,-,64,74.35436666666665,101,0.016
14035,abl_no_ls,75,-,90,93.02689999999998,147,0.033
14037,abl_no_ls,100,-,73,62.23663333333333,136,0.013
14037,abl_no_ls,25,-,10,9.140633333333334,17,0.001
14037,abl_no_ls,50,-,28,26.944799999999997,36,0.003
14037,abl_no_ls,75,-,51,45.956266666666664,105,0.008
14043,abl_no_ls,100,-,95,71.51236666666667,186,0.034
14043,abl_no_ls,25,-,26,24.659333333333333,30,0.004
14043,abl_no_ls,50,-,58,50.11786666666667,82,0.016
14043,abl_no_ls,75,-,85,67.39523333333334,155,0.025
14061,abl_no_ls,100,-,108,72.06393333333335,255,0.043
14061,abl_no_ls,25,-,33,26.553466666666665,60,0.003
14061,abl_no_ls,50,-,79,59.72859999999999,121,0.019
14061,abl_no_ls,75,-,94,66.81696666666669,169,0.033
14071,abl_no_ls,100,-,60,42.92749999999999,162,0.014
14071,abl_no_ls,25,-,9,7.393233333333333,11,0.001
14071,abl_no_ls,50,-,33,27.680633333333333,59,0.002
14071,abl_no_ls,75,-,54,40.46456666666666,88,0.006
14078,abl_no_ls,100,-,96,69.8457,218,0.038
14078,abl_no_ls,25,-,29,26.9929,38,0.003
14078,abl_no_ls,50,-,60,49.58200000000001,104,0.016
14078,abl_no_ls,75,-,79,63.47676666666666,162,0.028
14092,abl_no_ls,100,-,127,92.18566666666665,316,0.039
14092,abl_no_ls,25,-,39,33.931133333333335,64,0.003
14092,abl_no_ls,50,-,91,72.78406666666667,159,0.02
14092,abl_no_ls,75,-,111,88.08473333333333,224,0.031
14093,abl_no_ls,100,-,122,82.4703,308,0.035
14093,abl_no_ls,25,-,39,29.705666666666662,81,0.003
14093,abl_no_ls,50,-,92,68.21773333333334,159,0.017
14093,abl_no_ls,75,-,116,80.10733333333333,230,0.027
14105,abl_no_ls,100,-,94,85.25050000000002,253,0.047
14105,abl_no_ls,25,-,28,36.6765,33,0.005
14105,abl_no_ls,50,-,62,65.40670000000001,128,0.022
14105,abl_no_ls,75,-,87,81.53413333333333,172,0.036
14106,abl_no_ls,100,-,118,92.72370000000001,317,0.036
14106,abl_no_ls,25,-,49,46.35199999999999,78,0.004
14106,abl_no_ls,50,-,82,75.61233333333334,159,0.017
14106,abl_no_ls,75,-,107,87.36730000000001,225,0.026
14109,abl_no_ls,100,-,191,131.92323333333334,371,0.117
14109,abl_no_ls,25,-,75,63.0083,91,0.024
14109,abl_no_ls,50,-,133,108.9761666666667,188,0.075
14109,abl_no_ls,75,-,172,126.48123333333338,290,0.101
14173,abl_no_ls,100,-,158,113.43479999999998,376,0.081
14173,abl_no_ls,25,-,60,51.048399999999994,80,0.02
14173,abl_no_ls,50,-,109,91.77263333333333,181,0.05
14173,abl_no_ls,75,-,142,108.4516333333333,275,0.071
14208,abl_no_ls,100,-,72,63.62606666666667,156,0.023
14208,abl_no_ls,25,-,23,19.72586666666667,33,0.002
14208,abl_no_ls,50,-,47,45.01566666666666,84,0.007
14208,abl_no_ls,75,-,66,60.16343333333334,123,0.014
14213,abl_no_ls,100,-,103,81.92059999999998,262,0.029
14213,abl_no_ls,25,-,29,22.00306666666667,63,0.003
14213,abl_no_ls,50,-,70,56.605333333333334,120,0.012
14213,abl_no_ls,75,-,92,73.59866666666665,177,0.021
14225,abl_no_ls,100,-,203,196.48416666666668,381,0.042
14225,abl_no_ls,25,-,62,61.29913333333334,96,0.008
14225,abl_no_ls,50,-,132,128.24973333333332,187,0.022
14225,abl_no_ls,75,-,183,176.98633333333333,282,0.035
14228,abl_no_ls,100,-,79,168.16016666666667,185,0.01
14228,abl_no_ls,25,-,13,11.5896,27,0.001
14228,abl_no_ls,50,-,43,103.8593,97,0.003
14228,abl_no_ls,75,-,69,155.1469,137,0.008
14238,abl_no_ls,100,-,140,117.31963333333336,252,0.051
14238,abl_no_ls,25,-,43,39.86173333333334,64,0.007
14238,abl_no_ls,50,-,89,82.28433333333334,122,0.025
14238,abl_no_ls,75,-,115,101.62283333333333,194,0.038
14248,abl_no_ls,100,-,262,188.69516666666658,622,0.145
14248,abl_no_ls,25,-,122,107.14443333333331,156,0.068
14248,abl_no_ls,50,-,196,163.7716,315,0.109
14248,abl_no_ls,75,-,241,184.9567666666666,477,0.129
14269,abl_no_ls,100,-,145,118.04530000000001,318,0.064
14269,abl_no_ls,25,-,53,47.28843333333333,78,0.007
14269,abl_no_ls,50,-,101,93.66963333333332,153,0.036
14269,abl_no_ls,75,-,126,109.95803333333333,238,0.049
14273,abl_no_ls,100,-,131,113.54616666666668,354,0.054
14273,abl_no_ls,25,-,55,58.09823333333334,86,0.007
14273,abl_no_ls,50,-,100,100.48046666666667,165,0.03
14273,abl_no_ls,75,-,121,111.93310000000001,257,0.043
14292,abl_no_ls,100,-,272,219.73450000000003,590,0.086
14292,abl_no_ls,25,-,114,105.88966666666666,142,0.032
14292,abl_no_ls,50,-,194,170.56073333333336,279,0.054
14292,abl_no_ls,75,-,247,206.67916666666665,433,0.073
14297,abl_no_ls,100,-,123,94.83739999999997,263,0.054
14297,abl_no_ls,25,-,41,34.69623333333333,69,0.006
14297,abl_no_ls,50,-,89,74.2952,126,0.024
14297,abl_no_ls,75,-,112,88.43923333333332,200,0.039
14305,abl_no_ls,100,-,127,90.14256666666667,301,0.037
14305,abl_no_ls,25,-,38,32.95956666666667,72,0.005
14305,abl_no_ls,50,-,91,72.9096,149,0.021
14305,abl_no_ls,75,-,117,87.79109999999999,230,0.027
14306,abl_no_ls,100,-,151,110.03919999999997,335,0.075
14306,abl_no_ls,25,-,62,53.55236666666668,78,0.014
14306,abl_no_ls,50,-,108,85.11546666666663,160,0.046
14306,abl_no_ls,75,-,134,104.16343333333333,238,0.063
14309,abl_no_ls,100,-,189,130.74673333333334,438,0.122
14309,abl_no_ls,25,-,83,71.5155,104,0.033
14309,abl_no_ls,50,-,140,111.2598333333333,228,0.087
14309,abl_no_ls,75,-,176,127.1795333333333,334,0.107
14310,abl_no_ls,100,-,197,138.00793333333337,435,0.102
14310,abl_no_ls,25,-,83,66.63856666666666,104,0.024
14310,abl_no_ls,50,-,145,110.53426666666671,221,0.069
14310,abl_no_ls,75,-,176,129.7096333333334,334,0.088
14311,abl_no_ls,100,-,174,116.66753333333332,416,0.103
14311,abl_no_ls,25,-,74,62.00406666666667,100,0.021
14311,abl_no_ls,50,-,131,99.63906666666665,205,0.07
14311,abl_no_ls,75,-,162,112.53756666666666,316,0.092
14313,abl_no_ls,100,-,173,141.98963333333344,476,0.067
14313,abl_no_ls,25,-,74,75.51896666666666,110,0.021
14313,abl_no_ls,50,-,130,122.17910000000002,221,0.045
14313,abl_no_ls,75,-,156,136.62150000000008,335,0.059
14314,abl_no_ls,100,-,187,162.2218666666667,443,0.086
14314,abl_no_ls,25,-,78,78.29640000000002,113,0.024
14314,abl_no_ls,50,-,147,138.92223333333337,230,0.058
14314,abl_no_ls,75,-,171,156.9169666666666,343,0.076
14318,abl_no_ls,100,-,137,128.66893333333329,290,0.085
14318,abl_no_ls,25,-,56,72.23030000000003,78,0.011
14318,abl_no_ls,50,-,102,108.76986666666667,149,0.046
14318,abl_no_ls,75,-,125,124.67723333333335,223,0.069
14320,abl_no_ls,100,-,211,198.27383333333336,448,0.065
14320,abl_no_ls,25,-,76,73.43306666666666,110,0.014
14320,abl_no_ls,50,-,143,138.1221666666667,205,0.038
14320,abl_no_ls,75,-,188,178.12920000000003,324,0.058
14325,abl_no_ls,100,-,58,64.23433333333334,119,0.014
14325,abl_no_ls,25,-,7,7.9697,16,0.001
14325,abl_no_ls,50,-,24,37.8395,33,0.003
14325,abl_no_ls,75,-,37,49.1953,50,0.008
14373,abl_no_ls,100,-,105,111.99413757165192,251,0.034
14373,abl_no_ls,25,-,24,25.290711307972902,32,0.003
14373,abl_no_ls,50,-,69,91.45202579468473,113,0.015
14373,abl_no_ls,75,-,92,108.4237884314747,198,0.025
14419,abl_no_ls,100,-,187,250.88630145909335,395,0.105
14419,abl_no_ls,25,-,73,131.40864382490884,96,0.022
14419,abl_no_ls,50,-,135,202.5948410630537,197,0.066
14419,abl_no_ls,75,-,164,237.6121352266806,308,0.095
14428,abl_no_ls,100,-,34,28.77406666666667,52,0.005
14428,abl_no_ls,25,-,5,4.2454,12,0.0
14428,abl_no_ls,50,-,19,13.9264,26,0.002
14428,abl_no_ls,75,-,25,19.619133333333334,38,0.004
14432,abl_no_ls,100,-,130,146.71930000000003,293,0.048
14432,abl_no_ls,25,-,42,59.9328,57,0.004
14432,abl_no_ls,50,-,93,120.26799999999997,134,0.023
14432,abl_no_ls,75,-,114,136.7500666666667,209,0.038
14540,abl_no_ls,100,-,239,238.99196666666688,555,0.103
14540,abl_no_ls,25,-,111,143.4594333333333,137,0.035
14540,abl_no_ls,50,-,188,212.0453000000001,274,0.074
14540,abl_no_ls,75,-,224,232.69730000000015,410,0.094
14552,abl_no_ls,100,-,116,108.86283333333334,239,0.041
14552,abl_no_ls,25,-,30,41.86496666666666,47,0.003
14552,abl_no_ls,50,-,72,78.69183333333335,116,0.019
14552,abl_no_ls,75,-,104,101.95626666666665,165,0.035
14587,abl_no_ls,100,-,106,86.12416666666665,195,0.031
14587,abl_no_ls,25,-,29,25.159000000000002,39,0.003
14587,abl_no_ls,50,-,62,54.876766666666676,75,0.014
14587,abl_no_ls,75,-,90,76.42409999999998,152,0.027
14596,abl_no_ls,100,-,100,94.31030000000001,243,0.032
14596,abl_no_ls,25,-,24,26.114399999999996,34,0.002
14596,abl_no_ls,50,-,69,76.37413333333335,121,0.01
14596,abl_no_ls,75,-,93,90.41016666666668,181,0.023
14696,abl_no_ls,100,-,132,168.38660000000002,278,0.038
14696,abl_no_ls,25,-,31,43.350533333333324,52,0.004
14696,abl_no_ls,50,-,85,132.2821,137,0.02
14696,abl_no_ls,75,-,119,158.2106,212,0.03
14744,abl_no_ls,100,-,151,245.12946666666667,341,0.049
14744,abl_no_ls,25,-,52,79.31786666666666,83,0.009
14744,abl_no_ls,50,-,100,196.3356333333333,163,0.024
14744,abl_no_ls,75,-,139,229.95966666666664,260,0.034
14750,abl_no_ls,100,-,42,87.64493333333334,64,0.01
14750,abl_no_ls,25,-,10,20.0973,16,0.001
14750,abl_no_ls,50,-,24,55.656666666666666,34,0.002
14750,abl_no_ls,75,-,33,74.8734,43,0.006
14758,abl_no_ls,100,-,76,53.61416666666668,180,0.026
14758,abl_no_ls,25,-,17,14.8583,22,0.002
14758,abl_no_ls,50,-,43,36.553000000000004,82,0.009
14758,abl_no_ls,75,-,70,48.82703333333334,124,0.021
14761,abl_no_ls,100,-,119,129.70003333333335,241,0.061
14761,abl_no_ls,25,-,38,46.62646666666668,47,0.005
14761,abl_no_ls,50,-,75,106.05993333333335,122,0.021
14761,abl_no_ls,75,-,103,124.33229999999999,180,0.047
14763,abl_no_ls,100,-,76,102.6033,215,0.016
14763,abl_no_ls,25,-,10,26.2746,14,0.001
14763,abl_no_ls,50,-,47,73.9796,98,0.003
14763,abl_no_ls,75,-,69,99.85483333333333,128,0.01
14773,abl_no_ls,100,-,94,60.7972,241,0.031
14773,abl_no_ls,25,-,22,16.9561,58,0.001
14773,abl_no_ls,50,-,60,47.44456666666666,105,0.009
14773,abl_no_ls,75,-,77,57.17819999999999,160,0.022
14777,abl_no_ls,100,-,97,128.5817,199,0.032
14777,abl_no_ls,25,-,21,35.7729,43,0.002
14777,abl_no_ls,50,-,60,97.14923333333334,93,0.011
14777,abl_no_ls,75,-,82,115.69293333333331,158,0.024
14802,abl_no_ls,100,-,54,62.54026666666666,123,0.009
14802,abl_no_ls,25,-,3,5.491366666666667,15,0.0
14802,abl_no_ls,50,-,32,46.91033333333333,65,0.001
14802,abl_no_ls,75,-,47,59.62093333333333,100,0.005
14811,abl_no_ls,100,-,125,158.62906666666657,235,0.079
14811,abl_no_ls,25,-,46,77.80053333333333,60,0.006
14811,abl_no_ls,50,-,84,133.96093333333326,123,0.031
14811,abl_no_ls,75,-,117,152.8585999999999,173,0.062
14824,abl_no_ls,100,-,63,71.47626666666666,120,0.017
14824,abl_no_ls,25,-,14,12.377,18,0.001
14824,abl_no_ls,50,-,31,42.85446666666667,54,0.005
14824,abl_no_ls,75,-,62,70.58493333333332,107,0.01
14829,abl_no_ls,100,-,103,114.82766666666667,182,0.042
14829,abl_no_ls,25,-,36,25.89576666666667,46,0.003
14829,abl_no_ls,50,-,67,83.10856666666666,90,0.01
14829,abl_no_ls,75,-,88,110.05243333333335,137,0.028
14846,abl_no_ls,100,-,151,166.98973333333333,321,0.069
14846,abl_no_ls,25,-,55,95.6,83,0.01
14846,abl_no_ls,50,-,107,134.69226666666665,174,0.046
14846,abl_no_ls,75,-,134,156.2648,256,0.06
14849,abl_no_ls,100,-,140,117.12120000000002,286,0.044
14849,abl_no_ls,25,-,44,38.7851,70,0.007
14849,abl_no_ls,50,-,97,97.83086666666667,146,0.026
14849,abl_no_ls,75,-,116,110.0053,214,0.034
14852,abl_no_ls,100,-,98,86.75319999999999,236,0.044
14852,abl_no_ls,25,-,29,30.96846666666667,47,0.004
14852,abl_no_ls,50,-,61,71.11106666666666,110,0.021
14852,abl_no_ls,75,-,85,83.60159999999999,182,0.037
14863,abl_no_ls,100,-,119,95.8167333333333,304,0.027
14863,abl_no_ls,25,-,40,36.9973,79,0.002
14863,abl_no_ls,50,-,89,78.8231333333333,147,0.014
14863,abl_no_ls,75,-,111,92.85803333333332,234,0.021
14873,abl_no_ls,100,-,64,65.09736666666667,184,0.007
14873,abl_no_ls,25,-,5,3.5271,12,0.0
14873,abl_no_ls,50,-,28,36.63923333333333,92,0.002
14873,abl_no_ls,75,-,56,61.684266666666666,135,0.005
14876,abl_no_ls,100,-,67,64.34086666666667,143,0.009
14876,abl_no_ls,25,-,5,8.636133333333333,11,0.0
14876,abl_no_ls,50,-,30,40.03546666666666,64,0.001
14876,abl_no_ls,75,-,53,56.79479999999999,126,0.004
14877,abl_no_ls,100,-,80,96.24179999999997,164,0.036
14877,abl_no_ls,25,-,28,44.35379999999999,35,0.003
14877,abl_no_ls,50,-,52,70.39046666666664,91,0.015
14877,abl_no_ls,75,-,76,90.20503333333329,147,0.026
14881,abl_no_ls,100,-,147,113.37236666666662,372,0.046
14881,abl_no_ls,25,-,55,63.36613333333333,87,0.007
14881,abl_no_ls,50,-,106,101.52729999999995,181,0.024
14881,abl_no_ls,75,-,132,110.81583333333329,285,0.036
14900,abl_no_ls,100,-,212,411.2886666666666,453,0.073
14900,abl_no_ls,25,-,88,210.41503333333338,113,0.022
14900,abl_no_ls,50,-,154,331.3902666666666,226,0.041
14900,abl_no_ls,75,-,196,392.62806666666665,322,0.063
14919,abl_no_ls,100,-,59,42.24696666666666,153,0.006
14919,abl_no_ls,25,-,0,0.0,0,0.0
14919,abl_no_ls,50,-,32,25.00686666666667,86,0.001
14919,abl_no_ls,75,-,52,41.18913333333333,133,0.004
14926,abl_no_ls,100,-,177,433.5975666666667,386,0.051
14926,abl_no_ls,25,-,55,154.36943333333332,71,0.008
14926,abl_no_ls,50,-,120,332.1021666666667,186,0.025
14926,abl_no_ls,75,-,156,399.8510666666667,283,0.042
14935,abl_no_ls,100,-,208,281.7871,394,0.077
14935,abl_no_ls,25,-,70,124.19836666666666,102,0.017
14935,abl_no_ls,50,-,133,217.88800000000003,201,0.044
14935,abl_no_ls,75,-,178,263.26206666666667,292,0.067
14945,abl_no_ls,100,-,112,160.99166666666665,219,0.041
14945,abl_no_ls,25,-,33,37.38033333333333,47,0.004
14945,abl_no_ls,50,-,65,110.13970000000002,125,0.022
14945,abl_no_ls,75,-,96,150.79236666666662,181,0.032
14997,abl_no_ls,100,-,47,43.03843333333334,52,0.01
14997,abl_no_ls,25,-,8,7.823666666666667,13,0.001
14997,abl_no_ls,50,-,21,20.728333333333335,26,0.003
14997,abl_no_ls,75,-,33,31.706500000000002,39,0.006
15022,abl_no_ls,100,-,68,59.56433333333334,159,0.023
15022,abl_no_ls,25,-,15,18.258500000000005,31,0.001
15022,abl_no_ls,50,-,44,43.509600000000006,75,0.005
15022,abl_no_ls,75,-,60,55.42746666666667,113,0.015
15032,abl_no_ls,100,-,147,167.90980000000005,325,0.09
15032,abl_no_ls,25,-,53,96.52303333333333,76,0.013
15032,abl_no_ls,50,-,107,145.98786666666666,166,0.05
15032,abl_no_ls,75,-,130,161.71183333333335,242,0.071
15056,abl_no_ls,100,-,103,96.18950000000004,292,0.027
15056,abl_no_ls,25,-,23,44.40376666666666,72,0.001
15056,abl_no_ls,50,-,68,84.40276666666671,136,0.012
15056,abl_no_ls,75,-,84,91.55706666666671,208,0.022
15076,abl_no_ls,100,-,173,206.87552110474203,417,0.082
15076,abl_no_ls,25,-,64,104.2854351224596,93,0.021
15076,abl_no_ls,50,-,124,172.36982152162582,196,0.056
15076,abl_no_ls,75,-,154,199.13011334028144,305,0.074
15083,abl_no_ls,100,-,109,77.7390242313705,267,0.035
15083,abl_no_ls,25,-,40,33.36910500260552,54,0.004
15083,abl_no_ls,50,-,78,63.60718473163106,137,0.019
15083,abl_no_ls,75,-,95,73.81344450234496,202,0.026
15087,abl_no_ls,100,-,103,94.03250390828556,215,0.049
15087,abl_no_ls,25,-,32,41.06002475247525,42,0.004
15087,abl_no_ls,50,-,72,72.97615945805106,91,0.022
15087,abl_no_ls,75,-,96,90.15294424179258,179,0.041
15088,abl_no_ls,100,-,75,58.708148775403856,150,0.026
15088,abl_no_ls,25,-,17,18.18557842626368,22,0.002
15088,abl_no_ls,50,-,36,34.02986581552892,50,0.006
15088,abl_no_ls,75,-,60,51.72886268890046,97,0.018
15097,abl_no_ls,100,-,104,82.32924048983848,208,0.04
15097,abl_no_ls,25,-,27,22.1786412193851,38,0.004
15097,abl_no_ls,50,-,65,60.484269150599275,99,0.012
15097,abl_no_ls,75,-,95,77.98423658155289,159,0.03
15103,abl_no_ls,100,-,48,36.12017978113601,93,0.004
15103,abl_no_ls,25,-,5,4.666004429390307,7,0.0
15103,abl_no_ls,50,-,20,17.010682647212086,29,0.001
15103,abl_no_ls,75,-,35,29.58871808233455,63,0.002
15118,abl_no_ls,100,-,201,482.1968147472641,351,0.097
15118,abl_no_ls,25,-,69,187.11226550286605,87,0.016
15118,abl_no_ls,50,-,134,361.5174570088588,183,0.058
15118,abl_no_ls,75,-,168,437.87346925482024,272,0.084
15130,abl_no_ls,100,-,82,54.80155680041689,188,0.034
15130,abl_no_ls,25,-,27,19.64919880145909,37,0.003
15130,abl_no_ls,50,-,59,44.40115294424178,79,0.009
15130,abl_no_ls,75,-,74,51.56946977592496,153,0.025
15133,abl_no_ls,100,-,185,124.1630406461699,427,0.082
15133,abl_no_ls,25,-,74,61.14623501823866,105,0.019
15133,abl_no_ls,50,-,133,100.8998501823867,196,0.052
15133,abl_no_ls,75,-,169,118.5711307972903,312,0.07
15182,abl_no_ls,100,-,140,120.46114512767063,294,0.077
15182,abl_no_ls,25,-,57,58.2366141219385,72,0.008
15182,abl_no_ls,50,-,107,96.55992704533612,141,0.037
15182,abl_no_ls,75,-,124,113.56461698801456,214,0.062
15184,abl_no_ls,100,-,142,135.01377670661805,305,0.103
15184,abl_no_ls,25,-,59,72.19971339239186,75,0.016
15184,abl_no_ls,50,-,98,111.08080380406462,153,0.062
15184,abl_no_ls,75,-,128,129.76781526836896,233,0.087
15185,abl_no_ls,100,-,137,155.4237884314747,260,0.084
15185,abl_no_ls,25,-,44,81.15779702970298,68,0.008
15185,abl_no_ls,50,-,87,126.40190203230851,129,0.042
15185,abl_no_ls,75,-,122,147.99136920270973,194,0.065
15223,abl_no_ls,100,-,102,97.87343668577387,262,0.025
15223,abl_no_ls,25,-,27,34.33194372068786,51,0.003
15223,abl_no_ls,50,-,72,82.83744788952582,129,0.009
15223,abl_no_ls,75,-,88,92.33862037519545,188,0.018
15275,abl_no_ls,100,-,49,83.3441,68,0.009
15275,abl_no_ls,25,-,8,18.0,12,0.001
15275,abl_no_ls,50,-,20,42.910599999999995,24,0.002
15275,abl_no_ls,75,-,37,66.27363333333335,55,0.005
15346,abl_no_ls,100,-,134,109.78839999999998,293,0.045
15346,abl_no_ls,25,-,42,37.66323333333334,73,0.006
15346,abl_no_ls,50,-,95,83.90266666666669,150,0.026
15346,abl_no_ls,75,-,119,98.65646666666669,225,0.034
15355,abl_no_ls,100,-,39,34.7528,54,0.008
15355,abl_no_ls,25,-,7,6.189866666666667,13,0.001
15355,abl_no_ls,50,-,21,18.772100000000002,27,0.002
15355,abl_no_ls,75,-,31,28.269199999999998,37,0.005
15360,abl_no_ls,100,-,140,111.34806666666667,280,0.048
15360,abl_no_ls,25,-,43,37.52753333333334,67,0.005
15360,abl_no_ls,50,-,96,78.97356666666666,135,0.023
15360,abl_no_ls,75,-,126,101.99396666666667,208,0.037
15364,abl_no_ls,100,-,240,200.812,472,0.109
15364,abl_no_ls,25,-,102,94.83766666666669,116,0.026
15364,abl_no_ls,50,-,175,159.7393666666667,230,0.071
15364,abl_no_ls,75,-,216,189.58873333333338,355,0.096
15367,abl_no_ls,100,-,123,105.32416666666666,225,0.054
15367,abl_no_ls,25,-,40,38.83843333333332,47,0.006
15367,abl_no_ls,50,-,72,67.02943333333333,84,0.022
15367,abl_no_ls,75,-,111,94.21053333333333,170,0.042
15383,abl_no_ls,100,-,84,64.5545,199,0.013
15383,abl_no_ls,25,-,12,9.7013,24,0.001
15383,abl_no_ls,50,-,48,39.97533333333333,80,0.005
15383,abl_no_ls,75,-,70,56.53190000000001,151,0.011
15386,abl_no_ls,100,-,224,189.45776666666677,444,0.101
15386,abl_no_ls,25,-,84,79.90326666666668,105,0.029
15386,abl_no_ls,50,-,157,145.26353333333336,200,0.065
15386,abl_no_ls,75,-,194,175.4297333333334,302,0.09
15388,abl_no_ls,100,-,211,159.0493,385,0.098
15388,abl_no_ls,25,-,76,65.37003333333332,89,0.023
15388,abl_no_ls,50,-,136,114.32013333333335,184,0.069
15388,abl_no_ls,75,-,185,144.43689999999998,294,0.087
15398,abl_no_ls,100,-,39,31.840666666666667,44,0.008
15398,abl_no_ls,25,-,5,4.005866666666667,10,0.001
15398,abl_no_ls,50,-,17,15.019300000000001,22,0.002
15398,abl_no_ls,75,-,26,23.60493333333333,32,0.005
15409,abl_no_ls,100,-,138,105.95130000000003,266,0.063
15409,abl_no_ls,25,-,47,43.20846666666666,65,0.008
15409,abl_no_ls,50,-,98,80.46593333333333,130,0.035
15409,abl_no_ls,75,-,122,97.25623333333334,202,0.051
15410,abl_no_ls,100,-,168,119.30616666666666,408,0.049
15410,abl_no_ls,25,-,66,57.981933333333345,103,0.011
15410,abl_no_ls,50,-,127,100.18866666666663,211,0.029
15410,abl_no_ls,75,-,156,115.07869999999998,320,0.043
15411,abl_no_ls,100,-,197,136.1063,473,0.084
15411,abl_no_ls,25,-,86,72.30300000000001,112,0.027
15411,abl_no_ls,50,-,139,115.1909333333333,228,0.061
15411,abl_no_ls,75,-,175,132.02356666666662,355,0.075
15426,abl_no_ls,100,-,71,56.735533333333336,145,0.021
15426,abl_no_ls,25,-,14,12.596566666666666,18,0.001
15426,abl_no_ls,50,-,31,29.536466666666662,35,0.006
15426,abl_no_ls,75,-,57,48.277366666666666,81,0.014
15434,abl_no_ls,100,-,99,73.05676666666669,220,0.03
15434,abl_no_ls,25,-,22,17.4747,42,0.002
15434,abl_no_ls,50,-,68,54.27766666666667,110,0.008
15434,abl_no_ls,75,-,92,68.52970000000002,157,0.02
15450,abl_no_ls,100,-,65,56.34613333333332,124,0.013
15450,abl_no_ls,25,-,11,10.1343,17,0.001
15450,abl_no_ls,50,-,27,24.190166666666666,33,0.002
15450,abl_no_ls,75,-,46,41.04716666666666,73,0.006
15461,abl_no_ls,100,-,153,116.37616666666665,284,0.072
15461,abl_no_ls,25,-,48,41.85536666666667,73,0.008
15461,abl_no_ls,50,-,103,88.66656666666667,136,0.031
15461,abl_no_ls,75,-,133,111.37563333333333,232,0.055
15475,abl_no_ls,100,-,96,61.72106666666667,197,0.034
15475,abl_no_ls,25,-,27,21.430033333333334,40,0.002
15475,abl_no_ls,50,-,60,45.130933333333346,98,0.011
15475,abl_no_ls,75,-,85,57.59393333333334,151,0.026
15486,abl_no_ls,100,-,127,87.59519999999996,343,0.04
15486,abl_no_ls,25,-,48,38.28196666666666,85,0.006
15486,abl_no_ls,50,-,92,73.49523333333332,170,0.025
15486,abl_no_ls,75,-,114,84.24243333333332,240,0.034
15500,abl_no_ls,100,-,92,71.47066666666667,245,0.033
15500,abl_no_ls,25,-,19,17.4268,28,0.002
15500,abl_no_ls,50,-,60,53.241433333333326,121,0.01
15500,abl_no_ls,75,-,82,66.92346666666667,163,0.022
15501,abl_no_ls,100,-,172,162.61606666666665,374,0.058
15501,abl_no_ls,25,-,54,72.46650000000001,92,0.013
15501,abl_no_ls,50,-,120,131.3444333333333,187,0.032
15501,abl_no_ls,75,-,150,154.05293333333336,282,0.049
15534,abl_no_ls,100,-,77,50.51690000000001,187,0.018
15534,abl_no_ls,25,-,21,12.993366666666665,31,0.001
15534,abl_no_ls,50,-,40,27.759166666666665,91,0.004
15534,abl_no_ls,75,-,62,44.76836666666667,113,0.012
15556,abl_no_ls,100,-,160,132.10940000000002,325,0.054
15556,abl_no_ls,25,-,57,44.3488,73,0.008
15556,abl_no_ls,50,-,103,95.03119999999996,157,0.03
15556,abl_no_ls,75,-,134,117.19746666666667,223,0.043
15565,abl_no_ls,100,-,114,106.52789999999999,221,0.022
15565,abl_no_ls,25,-,27,23.8249,42,0.002
15565,abl_no_ls,50,-,69,65.4368,89,0.007
15565,abl_no_ls,75,-,103,96.22083333333333,173,0.015
15574,abl_no_ls,100,-,159,184.25633333333343,387,0.051
15574,abl_no_ls,25,-,60,95.23750000000003,98,0.011
15574,abl_no_ls,50,-,114,157.65830000000005,191,0.031
15574,abl_no_ls,75,-,141,177.2095666666668,293,0.043
15580,abl_no_ls,100,-,68,60.3397,191,0.012
15580,abl_no_ls,25,-,5,5.5557,26,0.0
15580,abl_no_ls,50,-,47,45.523700000000005,108,0.002
15580,abl_no_ls,75,-,57,55.9938,135,0.008
15586,abl_no_ls,100,-,75,62.84263333333333,154,0.018
15586,abl_no_ls,25,-,13,11.562966666666666,21,0.001
15586,abl_no_ls,50,-,36,30.782433333333334,78,0.004
15586,abl_no_ls,75,-,55,47.57713333333334,117,0.011
15593,abl_no_ls,100,-,226,364.9921666666665,467,0.081
15593,abl_no_ls,25,-,78,139.97046666666674,107,0.02
15593,abl_no_ls,50,-,160,273.6908333333332,235,0.045
15593,abl_no_ls,75,-,206,331.67413333333326,350,0.07
15628,abl_no_ls,100,-,157,278.17726666666664,425,0.07
15628,abl_no_ls,25,-,63,148.0828333333333,101,0.016
15628,abl_no_ls,50,-,118,243.38236666666668,215,0.043
15628,abl_no_ls,75,-,149,273.96636666666666,319,0.06
15699,abl_no_ls,100,-,47,56.00653333333332,75,0.004
15699,abl_no_ls,25,-,8,4.998,12,0.0
15699,abl_no_ls,50,-,21,21.209533333333333,25,0.001
15699,abl_no_ls,75,-,36,40.5913,58,0.002
15738,abl_no_ls,100,-,211,200.86713333333327,451,0.087
15738,abl_no_ls,25,-,90,112.88429999999998,111,0.024
15738,abl_no_ls,50,-,164,175.28550000000004,220,0.059
15738,abl_no_ls,75,-,193,195.58453333333333,342,0.077
15762,abl_no_ls,100,-,34,50.83396666666667,69,0.006
15762,abl_no_ls,25,-,5,5.933333333333334,10,0.0
15762,abl_no_ls,50,-,17,23.867099999999997,22,0.002
15762,abl_no_ls,75,-,23,34.5201,28,0.004
15806,abl_no_ls,100,-,215,201.34,458,0.103
15806,abl_no_ls,25,-,85,96.57613333333332,114,0.035
15806,abl_no_ls,50,-,153,170.3682,229,0.064
15806,abl_no_ls,75,-,190,192.02116666666666,349,0.088
15815,abl_no_ls,100,-,137,167.11550000000005,313,0.054
15815,abl_no_ls,25,-,48,81.95836666666666,77,0.006
15815,abl_no_ls,50,-,98,134.4829666666667,160,0.027
15815,abl_no_ls,75,-,120,158.15973333333343,250,0.042
15820,abl_no_ls,100,-,151,131.8411333333333,326,0.097
15820,abl_no_ls,25,-,54,64.4498,80,0.013
15820,abl_no_ls,50,-,104,111.73763333333329,159,0.056
15820,abl_no_ls,75,-,133,127.72963333333328,239,0.082
15848,abl_no_ls,100,-,95,74.74849999999998,216,0.029
15848,abl_no_ls,25,-,19,22.681966666666668,29,0.002
15848,abl_no_ls,50,-,57,52.10480000000001,110,0.011
15848,abl_no_ls,75,-,81,68.28410000000001,159,0.023
15857,abl_no_ls,100,-,83,83.51693333333334,181,0.029
15857,abl_no_ls,25,-,24,24.2826,33,0.002
15857,abl_no_ls,50,-,47,57.537033333333326,86,0.008
15857,abl_no_ls,75,-,68,73.55636666666666,137,0.02
15862,abl_no_ls,100,-,136,128.87256666666667,311,0.064
15862,abl_no_ls,25,-,51,52.694766666666666,78,0.011
15862,abl_no_ls,50,-,102,111.55820000000001,159,0.04
15862,abl_no_ls,75,-,122,123.69036666666665,240,0.053
15883,abl_no_ls,100,-,207,230.97370000000006,469,0.087
15883,abl_no_ls,25,-,79,128.78723333333335,113,0.026
15883,abl_no_ls,50,-,149,202.01463333333334,230,0.054
15883,abl_no_ls,75,-,189,225.65123333333338,350,0.079
15884,abl_no_ls,100,-,161,169.40856666666684,400,0.054
15884,abl_no_ls,25,-,65,80.31833333333334,90,0.014
15884,abl_no_ls,50,-,124,144.3272000000001,204,0.034
15884,abl_no_ls,75,-,145,163.4944333333335,298,0.046
16013,abl_no_ls,100,-,134,158.10566666666656,303,0.068
16013,abl_no_ls,25,-,52,88.68173333333334,71,0.009
16013,abl_no_ls,50,-,97,139.04099999999997,154,0.042
16013,abl_no_ls,75,-,116,151.0934666666666,227,0.053
16231,abl_no_ls,100,-,253,243.1688666666667,535,0.109
16231,abl_no_ls,25,-,100,119.40603333333331,136,0.041
16231,abl_no_ls,50,-,185,194.75643333333326,269,0.069
16231,abl_no_ls,75,-,233,231.0394,407,0.095
16232,abl_no_ls,100,-,153,132.2986,390,0.075
16232,abl_no_ls,25,-,57,57.9692,93,0.012
16232,abl_no_ls,50,-,115,117.07936666666667,177,0.045
16232,abl_no_ls,75,-,145,128.89159999999998,288,0.064
16301,abl_no_ls,100,-,111,82.54360000000001,229,0.05
16301,abl_no_ls,25,-,32,29.80966666666666,56,0.003
16301,abl_no_ls,50,-,69,61.35716666666669,118,0.018
16301,abl_no_ls,75,-,95,76.08813333333336,172,0.037
16329,abl_no_ls,100,-,130,101.43033333333337,303,0.052
16329,abl_no_ls,25,-,44,36.98426666666668,72,0.009
16329,abl_no_ls,50,-,95,80.83576666666667,154,0.029
16329,abl_no_ls,75,-,119,95.47023333333334,230,0.04
16504,abl_no_ls,100,-,60,41.08106666666666,156,0.017
16504,abl_no_ls,25,-,13,11.756333333333334,20,0.002
16504,abl_no_ls,50,-,32,26.938833333333328,56,0.006
16504,abl_no_ls,75,-,52,38.82436666666666,112,0.012
20418,abl_no_ls,100,-,131,121.04076666666667,258,0.033
20418,abl_no_ls,25,-,32,31.40976666666667,49,0.006
20418,abl_no_ls,50,-,81,77.98473333333334,127,0.017
20418,abl_no_ls,75,-,111,103.61773333333335,175,0.025
10781,abl_no_seed,100,-,286,469.27346666666665,649,0.027
10781,abl_no_seed,25,-,125,283.1769999999999,156,0.006
10781,abl_no_seed,50,-,216,414.70930000000004,317,0.009
10781,abl_no_seed,75,-,264,461.46250000000003,483,0.019
10793,abl_no_seed,100,-,86,181.26059999999998,214,0.004
10793,abl_no_seed,25,-,20,51.0426,28,0.001
10793,abl_no_seed,50,-,52,118.35419999999999,87,0.002
10793,abl_no_seed,75,-,70,157.31059999999997,165,0.003
10803,abl_no_seed,100,-,200,296.3260666666667,413,0.011
10803,abl_no_seed,25,-,81,182.73116666666667,108,0.005
10803,abl_no_seed,50,-,142,256.74019999999996,210,0.011
10803,abl_no_seed,75,-,176,284.0302333333333,326,0.01
10842,abl_no_seed,100,-,158,233.44549999999998,358,0.01
10842,abl_no_seed,25,-,55,113.96893333333335,90,0.003
10842,abl_no_seed,50,-,110,190.3488666666667,185,0.006
10842,abl_no_seed,75,-,139,221.0190333333333,269,0.005
10860,abl_no_seed,100,-,284,368.8622666666669,545,0.015
10860,abl_no_seed,25,-,125,200.19933333333339,138,0.006
10860,abl_no_seed,50,-,205,308.4255666666669,272,0.009
10860,abl_no_seed,75,-,259,355.5556333333335,415,0.022
10866,abl_no_seed,100,-,142,222.1518000000001,272,0.009
10866,abl_no_seed,25,-,44,86.78196666666668,66,0.002
10866,abl_no_seed,50,-,94,166.15546666666668,132,0.005
10866,abl_no_seed,75,-,124,208.6635,206,0.005
10869,abl_no_seed,100,-,77,124.72319999999999,162,0.005
10869,abl_no_seed,25,-,18,33.003766666666664,42,0.001
10869,abl_no_seed,50,-,42,79.01306666666665,65,0.002
10869,abl_no_seed,75,-,66,116.75739999999998,129,0.003
10892,abl_no_seed,100,-,155,279.28790000000004,348,0.008
10892,abl_no_seed,25,-,52,103.45479999999999,89,0.002
10892,abl_no_seed,50,-,107,222.7557,181,0.005
10892,abl_no_seed,75,-,133,259.6171000000001,273,0.008
10925,abl_no_seed,100,-,61,112.94620000000002,140,0.003
10925,abl_no_seed,25,-,13,21.2211,20,0.001
10925,abl_no_seed,50,-,29,62.925933333333326,54,0.001
10925,abl_no_seed,75,-,46,92.05683333333334,82,0.003
10942,abl_no_seed,100,-,139,240.37249999999995,292,0.008
10942,abl_no_seed,25,-,37,75.04979999999999,50,0.001
10942,abl_no_seed,50,-,92,174.3613333333333,146,0.005
10942,abl_no_seed,75,-,120,219.35989999999998,226,0.008
10954,abl_no_seed,100,-,193,181.7004333333333,421,0.014
10954,abl_no_seed,25,-,69,77.43470000000002,101,0.004
10954,abl_no_seed,50,-,130,132.56406666666663,205,0.008
10954,abl_no_seed,75,-,169,164.3038,318,0.009
10963,abl_no_seed,100,-,159,216.85586666666666,365,0.008
10963,abl_no_seed,25,-,57,90.14560000000002,88,0.002
10963,abl_no_seed,50,-,117,184.7409,171,0.008
10963,abl_no_seed,75,-,149,210.41796666666667,268,0.007
10966,abl_no_seed,100,-,42,47.286966666666665,62,0.002
10966,abl_no_seed,25,-,9,8.4649,16,0.0
10966,abl_no_seed,50,-,19,25.78613333333334,26,0.001
10966,abl_no_seed,75,-,31,40.042633333333335,48,0.001
10985,abl_no_seed,100,-,152,193.87566666666663,316,0.011
10985,abl_no_seed,25,-,60,98.60339999999998,86,0.003
10985,abl_no_seed,50,-,116,158.02976666666666,164,0.008
10985,abl_no_seed,75,-,137,184.78969999999998,241,0.009
10997,abl_no_seed,100,-,296,367.96026666666677,593,0.013
10997,abl_no_seed,25,-,105,175.34633333333338,149,0.006
10997,abl_no_seed,50,-,208,291.40760000000006,296,0.014
10997,abl_no_seed,75,-,264,338.9093666666667,451,0.01
11000,abl_no_seed,100,-,117,224.13166666666666,304,0.004
11000,abl_no_seed,25,-,34,69.52966666666667,73,0.001
11000,abl_no_seed,50,-,87,186.28113333333332,147,0.003
11000,abl_no_seed,75,-,105,209.41276666666667,237,0.005
11005,abl_no_seed,100,-,204,404.11483333333354,433,0.016
11005,abl_no_seed,25,-,83,203.94653333333332,104,0.005
11005,abl_no_seed,50,-,154,334.6003333333334,217,0.008
11005,abl_no_seed,75,-,191,392.51773333333347,329,0.012
11015,abl_no_seed,100,-,276,256.8040333333333,596,0.013
11015,abl_no_seed,25,-,125,134.4414333333333,148,0.007
11015,abl_no_seed,50,-,212,204.56623333333332,301,0.023
11015,abl_no_seed,75,-,250,238.55163333333329,451,0.011
11018,abl_no_seed,100,-,255,249.64416666666662,549,0.021
11018,abl_no_seed,25,-,104,124.82430000000001,135,0.008
11018,abl_no_seed,50,-,187,210.23823333333334,274,0.01
11018,abl_no_seed,75,-,231,240.63396666666657,407,0.015
11046,abl_no_seed,100,-,212,273.61423333333335,468,0.019
11046,abl_no_seed,25,-,90,175.63386666666665,116,0.005
11046,abl_no_seed,50,-,157,232.85173333333333,230,0.014
11046,abl_no_seed,75,-,194,264.71090000000004,348,0.02
11072,abl_no_seed,100,-,74,149.7991,175,0.003
11072,abl_no_seed,25,-,13,31.374100000000002,22,0.001
11072,abl_no_seed,50,-,39,90.46520000000002,95,0.002
11072,abl_no_seed,75,-,61,135.06506666666667,148,0.003
11086,abl_no_seed,100,-,66,40.28093333333332,170,0.003
11086,abl_no_seed,25,-,13,7.473999999999999,21,0.0
11086,abl_no_seed,50,-,42,25.399133333333335,72,0.001
11086,abl_no_seed,75,-,60,38.7254,100,0.003
11113,abl_no_seed,100,-,142,219.70916666666665,334,0.009
11113,abl_no_seed,25,-,54,91.3065333333333,83,0.002
11113,abl_no_seed,50,-,96,178.10596666666666,161,0.004
11113,abl_no_seed,75,-,127,207.58223333333336,240,0.007
11116,abl_no_seed,100,-,163,130.1076666666667,389,0.008
11116,abl_no_seed,25,-,58,51.533566666666665,97,0.003
11116,abl_no_seed,50,-,123,102.42673333333333,187,0.005
11116,abl_no_seed,75,-,149,121.9303666666667,291,0.005
11122,abl_no_seed,100,-,172,168.57019999999997,388,0.011
11122,abl_no_seed,25,-,66,84.17006666666667,89,0.003
11122,abl_no_seed,50,-,131,149.71249999999998,193,0.007
11122,abl_no_seed,75,-,160,164.80989999999997,290,0.01
11125,abl_no_seed,100,-,201,177.18793333333335,459,0.015
11125,abl_no_seed,25,-,82,91.11063333333333,112,0.006
11125,abl_no_seed,50,-,145,151.66533333333334,224,0.011
11125,abl_no_seed,75,-,183,169.6198333333333,350,0.011
11133,abl_no_seed,100,-,63,83.34859999999999,139,0.008
11133,abl_no_seed,25,-,23,32.231966666666665,30,0.001
11133,abl_no_seed,50,-,43,66.12606666666667,74,0.002
11133,abl_no_seed,75,-,53,75.9227333333333,105,0.005
11150,abl_no_seed,100,-,69,48.19446666666667,175,0.005
11150,abl_no_seed,25,-,13,10.4921,23,0.001
11150,abl_no_seed,50,-,44,33.289766666666665,64,0.002
11150,abl_no_seed,75,-,59,45.60210000000001,130,0.003
11160,abl_no_seed,100,-,241,252.8033,531,0.021
11160,abl_no_seed,25,-,98,130.74036666666666,131,0.007
11160,abl_no_seed,50,-,176,202.1779000000001,264,0.011
11160,abl_no_seed,75,-,216,234.55090000000004,404,0.012
11177,abl_no_seed,100,-,279,266.63989999999995,542,0.023
11177,abl_no_seed,25,-,104,122.48356666666666,133,0.011
11177,abl_no_seed,50,-,194,206.0450333333333,265,0.015
11177,abl_no_seed,75,-,243,247.99043333333327,394,0.02
11186,abl_no_seed,100,-,54,28.808866666666663,157,0.003
11186,abl_no_seed,25,-,3,2.481133333333333,9,0.0
11186,abl_no_seed,50,-,26,16.770633333333333,54,0.001
11186,abl_no_seed,75,-,39,24.247833333333332,75,0.002
11191,abl_no_seed,100,-,94,75.1495,218,0.009
11191,abl_no_seed,25,-,27,24.819466666666667,38,0.002
11191,abl_no_seed,50,-,65,57.331266666666664,109,0.005
11191,abl_no_seed,75,-,86,70.26483333333334,155,0.008
11207,abl_no_seed,100,-,133,166.58346666666668,307,0.009
11207,abl_no_seed,25,-,33,61.71929999999999,38,0.002
11207,abl_no_seed,50,-,90,127.79436666666663,157,0.008
11207,abl_no_seed,75,-,108,149.35480000000004,224,0.008
11211,abl_no_seed,100,-,90,160.22679999999994,210,0.006
11211,abl_no_seed,25,-,19,42.414500000000004,41,0.001
11211,abl_no_seed,50,-,59,130.55783333333332,112,0.004
11211,abl_no_seed,75,-,79,152.10076666666666,150,0.004
11230,abl_no_seed,100,-,152,149.73066666666665,368,0.015
11230,abl_no_seed,25,-,51,59.954266666666655,85,0.004
11230,abl_no_seed,50,-,102,114.67786666666667,168,0.01
11230,abl_no_seed,75,-,130,138.03716666666668,271,0.015
11231,abl_no_seed,100,-,202,213.75193333333343,503,0.02
11231,abl_no_seed,25,-,83,126.3478,114,0.007
11231,abl_no_seed,50,-,141,181.1790666666667,250,0.015
11231,abl_no_seed,75,-,171,207.05256666666673,372,0.021
11266,abl_no_seed,100,-,255,253.75626666666665,527,0.031
11266,abl_no_seed,25,-,93,100.38193333333334,128,0.008
11266,abl_no_seed,50,-,184,185.6557666666667,261,0.028
11266,abl_no_seed,75,-,232,230.71546666666666,387,0.028
11275,abl_no_seed,100,-,275,280.50796666666673,542,0.026
11275,abl_no_seed,25,-,103,119.5163,136,0.008
11275,abl_no_seed,50,-,194,204.90366666666665,273,0.015
11275,abl_no_seed,75,-,243,252.46346666666665,407,0.034
11283,abl_no_seed,100,-,221,247.86486666666664,475,0.021
11283,abl_no_seed,25,-,90,136.94943333333333,116,0.009
11283,abl_no_seed,50,-,167,211.8117666666667,246,0.011
11283,abl_no_seed,75,-,201,239.5938,363,0.02
11288,abl_no_seed,100,-,313,359.41316666666637,547,0.045
11288,abl_no_seed,25,-,123,164.35393333333334,136,0.017
11288,abl_no_seed,50,-,227,282.48006666666663,273,0.018
11288,abl_no_seed,75,-,278,332.7072333333333,418,0.023
11304,abl_no_seed,100,-,285,253.86109999999994,595,0.017
11304,abl_no_seed,25,-,119,113.1111,145,0.009
11304,abl_no_seed,50,-,205,191.5678333333333,291,0.016
11304,abl_no_seed,75,-,264,239.8179666666666,449,0.016
11307,abl_no_seed,100,-,200,175.05080000000004,431,0.027
11307,abl_no_seed,25,-,82,75.93586666666667,105,0.005
11307,abl_no_seed,50,-,141,129.60076666666671,215,0.013
11307,abl_no_seed,75,-,186,162.14933333333337,323,0.016
11336,abl_no_seed,100,-,353,347.62166666666656,670,0.029
11336,abl_no_seed,25,-,143,160.33389999999997,163,0.013
11336,abl_no_seed,50,-,248,257.7686333333333,335,0.022
11336,abl_no_seed,75,-,320,319.1993,492,0.028
11337,abl_no_seed,100,-,341,351.90329999999994,636,0.025
11337,abl_no_seed,25,-,130,149.61033333333336,155,0.014
11337,abl_no_seed,50,-,253,269.60023333333334,321,0.022
11337,abl_no_seed,75,-,314,327.25996666666657,480,0.051
11345,abl_no_seed,100,-,331,357.68140000000017,642,0.042
11345,abl_no_seed,25,-,129,165.77196666666663,158,0.016
11345,abl_no_seed,50,-,235,268.95470000000006,323,0.021
11345,abl_no_seed,75,-,297,328.6562000000002,478,0.027
11346,abl_no_seed,100,-,298,310.3812000000001,621,0.029
11346,abl_no_seed,25,-,125,153.86156666666668,154,0.012
11346,abl_no_seed,50,-,211,235.5795666666667,311,0.018
11346,abl_no_seed,75,-,277,298.5764000000001,469,0.046
11359,abl_no_seed,100,-,314,489.57099999999986,599,0.035
11359,abl_no_seed,25,-,118,253.16413333333333,142,0.011
11359,abl_no_seed,50,-,221,386.8723666666666,296,0.021
11359,abl_no_seed,75,-,275,453.1252999999999,447,0.019
11372,abl_no_seed,100,-,213,175.8778,474,0.021
11372,abl_no_seed,25,-,89,77.58369999999998,117,0.007
11372,abl_no_seed,50,-,156,137.32486666666662,241,0.01
11372,abl_no_seed,75,-,199,168.32869999999997,363,0.033
11384,abl_no_seed,100,-,216,190.20499999999998,395,0.018
11384,abl_no_seed,25,-,84,77.70696666666666,97,0.006
11384,abl_no_seed,50,-,149,134.69063333333335,203,0.013
11384,abl_no_seed,75,-,199,175.57976666666664,300,0.017
11391,abl_no_seed,100,-,234,393.2448333333332,498,0.02
11391,abl_no_seed,25,-,85,183.5476333333333,120,0.008
11391,abl_no_seed,50,-,171,325.4772999999999,249,0.014
11391,abl_no_seed,75,-,210,372.65636666666654,373,0.025
11392,abl_no_seed,100,-,213,256.8388666666666,414,0.018
11392,abl_no_seed,25,-,82,124.48646666666669,106,0.006
11392,abl_no_seed,50,-,151,211.14599999999996,215,0.011
11392,abl_no_seed,75,-,186,241.73239999999993,311,0.023
11403,abl_no_seed,100,-,240,414.74569999999994,461,0.031
11403,abl_no_seed,25,-,82,162.13,109,0.007
11403,abl_no_seed,50,-,172,310.94186666666656,233,0.015
11403,abl_no_seed,75,-,218,390.5710666666667,346,0.022
11420,abl_no_seed,100,-,189,197.22963333333328,454,0.02
11420,abl_no_seed,25,-,70,88.32213333333333,104,0.004
11420,abl_no_seed,50,-,132,160.92799999999994,220,0.009
11420,abl_no_seed,75,-,170,188.64693333333327,330,0.013
11421,abl_no_seed,100,-,242,203.99056666666667,530,0.038
11421,abl_no_seed,25,-,101,98.87389999999996,128,0.009
11421,abl_no_seed,50,-,180,163.20696666666672,259,0.02
11421,abl_no_seed,75,-,216,190.68840000000003,394,0.02
11437,abl_no_seed,100,-,232,207.56203333333335,505,0.017
11437,abl_no_seed,25,-,98,90.93796666666665,125,0.008
11437,abl_no_seed,50,-,175,161.89633333333333,254,0.012
11437,abl_no_seed,75,-,213,193.7581,374,0.014
11451,abl_no_seed,100,-,264,312.6017333333332,537,0.044
11451,abl_no_seed,25,-,108,159.04303333333337,137,0.01
11451,abl_no_seed,50,-,188,251.3493,272,0.017
11451,abl_no_seed,75,-,237,299.79789999999997,415,0.023
11452,abl_no_seed,100,-,255,320.29710000000006,541,0.034
11452,abl_no_seed,25,-,97,164.12703333333332,133,0.008
11452,abl_no_seed,50,-,187,266.2326666666667,272,0.023
11452,abl_no_seed,75,-,229,304.71360000000004,400,0.025
11481,abl_no_seed,100,-,258,350.36836666666665,520,0.028
11481,abl_no_seed,25,-,97,193.60413333333335,126,0.012
11481,abl_no_seed,50,-,164,264.3307666666667,257,0.02
11481,abl_no_seed,75,-,234,330.22710000000006,386,0.024
11482,abl_no_seed,100,-,274,538.7516,523,0.02
11482,abl_no_seed,25,-,109,263.03049999999996,135,0.011
11482,abl_no_seed,50,-,208,437.6602666666666,269,0.021
11482,abl_no_seed,75,-,244,511.08223333333314,397,0.016
11491,abl_no_seed,100,-,148,175.28916666666663,344,0.007
11491,abl_no_seed,25,-,51,63.054633333333335,86,0.002
11491,abl_no_seed,50,-,107,137.05703333333332,174,0.006
11491,abl_no_seed,75,-,138,169.46346666666665,251,0.014
11511,abl_no_seed,100,-,60,87.66743333333332,149,0.005
11511,abl_no_seed,25,-,9,7.8496,19,0.001
11511,abl_no_seed,50,-,24,43.840199999999996,37,0.001
11511,abl_no_seed,75,-,41,69.36323333333335,83,0.003
11553,abl_no_seed,100,-,187,153.80816666666666,394,0.012
11553,abl_no_seed,25,-,65,60.84336666666666,99,0.004
11553,abl_no_seed,50,-,135,115.25216666666665,203,0.009
11553,abl_no_seed,75,-,163,140.6475333333333,301,0.012
11556,abl_no_seed,100,-,269,247.4844666666666,559,0.06
11556,abl_no_seed,25,-,109,111.03116666666668,129,0.011
11556,abl_no_seed,50,-,191,185.20916666666662,280,0.017
11556,abl_no_seed,75,-,246,227.4968333333333,427,0.025
11610,abl_no_seed,100,-,131,126.741,257,0.01
11610,abl_no_seed,25,-,29,29.0,33,0.002
11610,abl_no_seed,50,-,82,79.7609,131,0.008
11610,abl_no_seed,75,-,115,111.88026666666667,182,0.011
11631,abl_no_seed,100,-,125,99.3282333333333,323,0.009
11631,abl_no_seed,25,-,38,32.211166666666664,74,0.002
11631,abl_no_seed,50,-,91,75.10186666666664,154,0.004
11631,abl_no_seed,75,-,112,92.01559999999999,231,0.006
11639,abl_no_seed,100,-,253,293.2844666666666,568,0.036
11639,abl_no_seed,25,-,101,148.77756666666667,144,0.013
11639,abl_no_seed,50,-,194,252.18653333333333,296,0.019
11639,abl_no_seed,75,-,236,284.55929999999984,438,0.029
11680,abl_no_seed,100,-,150,231.03816666666665,318,0.014
11680,abl_no_seed,25,-,52,97.8373,82,0.003
11680,abl_no_seed,50,-,96,173.88686666666663,162,0.009
11680,abl_no_seed,75,-,135,215.55860000000007,244,0.01
11690,abl_no_seed,100,-,142,136.0019333333333,272,0.008
11690,abl_no_seed,25,-,34,33.8755,38,0.003
11690,abl_no_seed,50,-,91,88.61643333333333,128,0.008
11690,abl_no_seed,75,-,126,121.8451,211,0.012
11702,abl_no_seed,100,-,214,318.21226666666655,491,0.022
11702,abl_no_seed,25,-,84,174.1320666666667,122,0.008
11702,abl_no_seed,50,-,148,254.54320000000007,237,0.019
11702,abl_no_seed,75,-,197,307.1187666666666,364,0.02
11703,abl_no_seed,100,-,190,281.49683333333337,487,0.014
11703,abl_no_seed,25,-,67,115.69646666666665,118,0.005
11703,abl_no_seed,50,-,138,235.5031666666667,242,0.01
11703,abl_no_seed,75,-,173,269.3859,365,0.015
11712,abl_no_seed,100,-,180,185.23129999999995,327,0.022
11712,abl_no_seed,25,-,64,85.13613333333335,76,0.005
11712,abl_no_seed,50,-,121,140.1266666666667,162,0.011
11712,abl_no_seed,75,-,158,172.75563333333332,253,0.023
11714,abl_no_seed,100,-,177,182.23626666666672,379,0.013
11714,abl_no_seed,25,-,55,76.4713,93,0.005
11714,abl_no_seed,50,-,119,141.4732666666667,187,0.01
11714,abl_no_seed,75,-,152,169.2427666666667,273,0.012
11725,abl_no_seed,100,-,220,263.5008,476,0.024
11725,abl_no_seed,25,-,91,148.27290000000002,119,0.007
11725,abl_no_seed,50,-,161,217.6324666666667,239,0.009
11725,abl_no_seed,75,-,201,251.28146666666663,340,0.026
11768,abl_no_seed,100,-,69,63.7293,148,0.005
11768,abl_no_seed,25,-,13,11.616566666666667,21,0.001
11768,abl_no_seed,50,-,32,29.770400000000002,42,0.003
11768,abl_no_seed,75,-,56,52.559666666666665,84,0.004
11823,abl_no_seed,100,-,181,273.2772,472,0.015
11823,abl_no_seed,25,-,65,162.74726666666663,117,0.005
11823,abl_no_seed,50,-,124,233.80709999999993,231,0.009
11823,abl_no_seed,75,-,162,266.42049999999995,350,0.021
11826,abl_no_seed,100,-,61,92.63696666666665,129,0.005
11826,abl_no_seed,25,-,11,8.555733333333333,19,0.001
11826,abl_no_seed,50,-,27,39.26690000000001,54,0.002
11826,abl_no_seed,75,-,50,78.78739999999999,109,0.004
11836,abl_no_seed,100,-,156,322.39013333333344,319,0.008
11836,abl_no_seed,25,-,49,107.25609999999999,81,0.002
11836,abl_no_seed,50,-,104,241.6536666666667,156,0.006
11836,abl_no_seed,75,-,138,291.2034333333334,249,0.011
11842,abl_no_seed,100,-,137,118.15380000000002,296,0.016
11842,abl_no_seed,25,-,46,57.99746666666666,81,0.003
11842,abl_no_seed,50,-,89,92.90876666666668,153,0.008
11842,abl_no_seed,75,-,119,111.76213333333335,241,0.013
11868,abl_no_seed,100,-,212,237.1208666666667,509,0.022
11868,abl_no_seed,25,-,95,140.56616666666665,129,0.011
11868,abl_no_seed,50,-,162,210.14849999999996,251,0.019
11868,abl_no_seed,75,-,197,231.6308,381,0.017
11876,abl_no_seed,100,-,189,256.55156666666664,345,0.029
11876,abl_no_seed,25,-,64,125.33680000000003,91,0.005
11876,abl_no_seed,50,-,127,192.45783333333333,184,0.01
11876,abl_no_seed,75,-,164,239.35426666666666,264,0.014
11905,abl_no_seed,100,-,145,256.33196666666663,273,0.014
11905,abl_no_seed,25,-,50,88.28453333333336,71,0.004
11905,abl_no_seed,50,-,94,201.28679999999994,140,0.009
11905,abl_no_seed,75,-,130,240.7279333333333,219,0.01
11999,abl_no_seed,100,-,173,239.1360333333334,416,0.025
11999,abl_no_seed,25,-,69,128.44526666666667,103,0.006
11999,abl_no_seed,50,-,121,202.90286666666665,212,0.012
11999,abl_no_seed,75,-,156,228.67446666666675,316,0.014
12003,abl_no_seed,100,-,228,275.4213333333334,504,0.02
12003,abl_no_seed,25,-,92,147.53640000000004,124,0.009
12003,abl_no_seed,50,-,174,242.54113333333342,256,0.016
12003,abl_no_seed,75,-,210,269.06883333333343,394,0.018
12016,abl_no_seed,100,-,107,84.44596666666668,218,0.006
12016,abl_no_seed,25,-,26,20.284033333333333,40,0.001
12016,abl_no_seed,50,-,72,60.933866666666674,112,0.004
12016,abl_no_seed,75,-,95,76.50786666666669,173,0.009
12017,abl_no_seed,100,-,138,109.95626666666664,357,0.007
12017,abl_no_seed,25,-,44,38.33903333333333,64,0.002
12017,abl_no_seed,50,-,96,82.71486666666665,149,0.007
12017,abl_no_seed,75,-,124,103.95203333333332,266,0.012
12024,abl_no_seed,100,-,166,114.68999999999998,391,0.011
12024,abl_no_seed,25,-,60,49.6993,98,0.005
12024,abl_no_seed,50,-,121,92.81466666666668,202,0.018
12024,abl_no_seed,75,-,147,108.62653333333333,288,0.016
12034,abl_no_seed,100,-,120,258.62899999999996,288,0.008
12034,abl_no_seed,25,-,34,65.96436666666666,70,0.001
12034,abl_no_seed,50,-,81,190.52426666666668,140,0.004
12034,abl_no_seed,75,-,104,234.54706666666664,230,0.005
12036,abl_no_seed,100,-,108,73.24446666666667,219,0.007
12036,abl_no_seed,25,-,28,23.7936,42,0.001
12036,abl_no_seed,50,-,64,49.52636666666666,108,0.002
12036,abl_no_seed,75,-,88,64.8258,153,0.004
12045,abl_no_seed,100,-,86,74.53633333333335,191,0.004
12045,abl_no_seed,25,-,26,27.707800000000002,41,0.001
12045,abl_no_seed,50,-,47,51.12639999999999,97,0.002
12045,abl_no_seed,75,-,82,70.54136666666668,164,0.004
12047,abl_no_seed,100,-,69,87.29586666666671,187,0.003
12047,abl_no_seed,25,-,14,12.030199999999999,23,0.0
12047,abl_no_seed,50,-,43,56.45290000000001,102,0.001
12047,abl_no_seed,75,-,59,82.20410000000004,140,0.003
12069,abl_no_seed,100,-,79,53.656400000000026,173,0.003
12069,abl_no_seed,25,-,11,8.579633333333334,26,0.0
12069,abl_no_seed,50,-,51,38.63243333333334,96,0.001
12069,abl_no_seed,75,-,67,48.63240000000002,155,0.003
12077,abl_no_seed,100,-,186,194.1194333333334,411,0.009
12077,abl_no_seed,25,-,69,99.88153333333334,93,0.005
12077,abl_no_seed,50,-,130,157.50230000000002,206,0.007
12077,abl_no_seed,75,-,161,180.9344666666667,310,0.008
12078,abl_no_seed,100,-,256,345.98140000000006,523,0.017
12078,abl_no_seed,25,-,103,180.05903333333333,133,0.006
12078,abl_no_seed,50,-,191,288.2492999999999,266,0.014
12078,abl_no_seed,75,-,228,328.00556666666665,387,0.012
12081,abl_no_seed,100,-,313,393.6072666666667,632,0.027
12081,abl_no_seed,25,-,128,192.02870000000001,156,0.007
12081,abl_no_seed,50,-,227,312.4538000000001,321,0.01
12081,abl_no_seed,75,-,283,367.9729666666667,475,0.013
12087,abl_no_seed,100,-,149,120.65169999999998,349,0.012
12087,abl_no_seed,25,-,56,52.728899999999996,91,0.002
12087,abl_no_seed,50,-,101,91.41733333333332,177,0.006
12087,abl_no_seed,75,-,138,115.55146666666666,283,0.01
12091,abl_no_seed,100,-,62,52.37380000000002,129,0.002
12091,abl_no_seed,25,-,5,3.7376333333333336,21,0.0
12091,abl_no_seed,50,-,42,36.64823333333333,68,0.001
12091,abl_no_seed,75,-,50,44.4072,80,0.001
12093,abl_no_seed,100,-,81,67.31933333333333,198,0.002
12093,abl_no_seed,25,-,15,9.992433333333333,39,0.0
12093,abl_no_seed,50,-,51,45.21806666666666,77,0.001
12093,abl_no_seed,75,-,73,61.899566666666665,150,0.003
12126,abl_no_seed,100,-,92,90.28750000000005,230,0.003
12126,abl_no_seed,25,-,19,34.05166666666667,44,0.0
12126,abl_no_seed,50,-,56,63.12523333333334,128,0.002
12126,abl_no_seed,75,-,80,83.6939666666667,166,0.002
12133,abl_no_seed,100,-,89,74.97040000000004,133,0.006
12133,abl_no_seed,25,-,28,27.202833333333334,34,0.001
12133,abl_no_seed,50,-,55,52.20823333333334,66,0.002
12133,abl_no_seed,75,-,73,64.6456666666667,123,0.003
12134,abl_no_seed,100,-,110,90.00226666666669,233,0.006
12134,abl_no_seed,25,-,27,24.686366666666668,42,0.001
12134,abl_no_seed,50,-,71,62.48696666666665,115,0.003
12134,abl_no_seed,75,-,93,80.2069,173,0.005
12168,abl_no_seed,100,-,129,190.09870000000004,335,0.007
12168,abl_no_seed,25,-,41,68.58370000000001,72,0.001
12168,abl_no_seed,50,-,94,160.41020000000003,172,0.005
12168,abl_no_seed,75,-,111,183.09550000000004,241,0.004
12182,abl_no_seed,100,-,139,212.33290000000002,367,0.006
12182,abl_no_seed,25,-,47,94.12836666666668,83,0.002
12182,abl_no_seed,50,-,103,185.1564333333334,176,0.004
12182,abl_no_seed,75,-,129,205.31133333333344,287,0.004
12214,abl_no_seed,100,-,281,197.5129000000001,614,0.025
12214,abl_no_seed,25,-,117,97.89430000000002,148,0.007
12214,abl_no_seed,50,-,203,164.79056666666668,306,0.019
12214,abl_no_seed,75,-,245,188.9613666666667,459,0.02
12221,abl_no_seed,100,-,145,183.62256666666673,238,0.017
12221,abl_no_seed,25,-,52,76.62509999999999,66,0.003
12221,abl_no_seed,50,-,95,141.47373333333337,140,0.007
12221,abl_no_seed,75,-,133,175.7363666666667,210,0.009
12224,abl_no_seed,100,-,169,279.99176666666654,371,0.011
12224,abl_no_seed,25,-,57,124.8158666666667,84,0.003
12224,abl_no_seed,50,-,118,219.75463333333332,182,0.006
12224,abl_no_seed,75,-,146,263.9858333333333,284,0.008
12238,abl_no_seed,100,-,59,117.52546666666666,124,0.002
12238,abl_no_seed,25,-,7,16.7968,15,0.0
12238,abl_no_seed,50,-,23,57.713800000000006,31,0.001
12238,abl_no_seed,75,-,45,96.30710000000002,102,0.002
12276,abl_no_seed,100,-,222,496.3098333333333,428,0.013
12276,abl_no_seed,25,-,84,237.43826666666666,105,0.005
12276,abl_no_seed,50,-,150,397.51579999999996,213,0.008
12276,abl_no_seed,75,-,191,459.5629666666666,335,0.011
12298,abl_no_seed,100,-,125,240.18630000000005,272,0.014
12298,abl_no_seed,25,-,47,114.27660000000004,61,0.002
12298,abl_no_seed,50,-,81,184.33909999999997,136,0.005
12298,abl_no_seed,75,-,112,224.6938,198,0.006
12324,abl_no_seed,100,-,220,491.05756666666656,476,0.011
12324,abl_no_seed,25,-,90,237.191,120,0.005
12324,abl_no_seed,50,-,153,371.85316666666677,240,0.007
12324,abl_no_seed,75,-,200,461.19643333333335,360,0.007
12327,abl_no_seed,100,-,265,686.614,544,0.019
12327,abl_no_seed,25,-,108,295.58560000000006,138,0.01
12327,abl_no_seed,50,-,191,510.08983333333344,279,0.016
12327,abl_no_seed,75,-,243,642.735,417,0.014
12365,abl_no_seed,100,-,212,414.5168999999999,457,0.012
12365,abl_no_seed,25,-,90,205.2183666666667,114,0.005
12365,abl_no_seed,50,-,157,316.81893333333323,230,0.01
12365,abl_no_seed,75,-,190,373.8885333333333,336,0.009
12389,abl_no_seed,100,-,185,363.88633333333337,381,0.011
12389,abl_no_seed,25,-,75,177.03220000000005,96,0.004
12389,abl_no_seed,50,-,138,299.2513666666667,195,0.01
12389,abl_no_seed,75,-,173,354.13830000000013,288,0.011
12437,abl_no_seed,100,-,284,360.7298666666667,583,0.033
12437,abl_no_seed,25,-,118,181.27636666666666,140,0.006
12437,abl_no_seed,50,-,203,278.6138666666667,282,0.011
12437,abl_no_seed,75,-,254,333.26550000000003,428,0.025
12440,abl_no_seed,100,-,162,246.26733333333343,300,0.021
12440,abl_no_seed,25,-,62,100.1675,76,0.003
12440,abl_no_seed,50,-,112,189.4233,153,0.007
12440,abl_no_seed,75,-,146,235.92826666666676,234,0.013
12469,abl_no_seed,100,-,209,257.86606666666665,448,0.017
12469,abl_no_seed,25,-,84,154.8850333333333,109,0.004
12469,abl_no_seed,50,-,148,223.45416666666665,234,0.008
12469,abl_no_seed,75,-,185,251.10789999999994,347,0.014
12493,abl_no_seed,100,-,121,109.23166666666668,287,0.006
12493,abl_no_seed,25,-,36,36.06753333333332,70,0.001
12493,abl_no_seed,50,-,78,77.32553333333334,136,0.003
12493,abl_no_seed,75,-,98,95.69916666666667,201,0.004
12501,abl_no_seed,100,-,61,140.56879999999998,149,0.003
12501,abl_no_seed,25,-,15,40.310100000000006,21,0.001
12501,abl_no_seed,50,-,33,90.01780000000001,43,0.001
12501,abl_no_seed,75,-,48,126.42750000000002,86,0.003
12512,abl_no_seed,100,-,88,64.70293333333332,174,0.004
12512,abl_no_seed,25,-,27,21.151200000000003,33,0.001
12512,abl_no_seed,50,-,44,33.46186666666666,87,0.002
12512,abl_no_seed,75,-,63,49.99353333333333,131,0.003
12514,abl_no_seed,100,-,52,40.65306666666666,101,0.002
12514,abl_no_seed,25,-,12,10.161266666666668,17,0.0
12514,abl_no_seed,50,-,23,18.607233333333337,36,0.001
12514,abl_no_seed,75,-,40,32.896266666666655,74,0.002
12538,abl_no_seed,100,-,153,285.69776666666667,300,0.013
12538,abl_no_seed,25,-,52,141.4423,73,0.003
12538,abl_no_seed,50,-,84,204.7394,153,0.005
12538,abl_no_seed,75,-,118,257.45083333333326,229,0.006
12544,abl_no_seed,100,-,174,189.1428333333334,399,0.013
12544,abl_no_seed,25,-,72,106.8023,100,0.003
12544,abl_no_seed,50,-,114,149.18380000000005,181,0.006
12544,abl_no_seed,75,-,154,178.65400000000002,299,0.007
12548,abl_no_seed,100,-,147,126.1743,351,0.007
12548,abl_no_seed,25,-,47,50.10023333333332,84,0.002
12548,abl_no_seed,50,-,99,99.19689999999999,163,0.004
12548,abl_no_seed,75,-,134,117.33943333333335,258,0.006
12549,abl_no_seed,100,-,77,61.24596666666663,216,0.004
12549,abl_no_seed,25,-,11,16.3069,34,0.0
12549,abl_no_seed,50,-,50,43.634833333333326,111,0.002
12549,abl_no_seed,75,-,70,57.67823333333332,158,0.003
12558,abl_no_seed,100,-,44,36.629266666666666,92,0.002
12558,abl_no_seed,25,-,2,0.6082,15,0.0
12558,abl_no_seed,50,-,19,17.5258,31,0.0
12558,abl_no_seed,75,-,36,32.08996666666666,50,0.001
12559,abl_no_seed,100,-,91,73.94966666666666,211,0.005
12559,abl_no_seed,25,-,24,22.38093333333333,39,0.001
12559,abl_no_seed,50,-,60,53.0027,84,0.004
12559,abl_no_seed,75,-,80,66.34103333333333,170,0.004
12571,abl_no_seed,100,-,162,245.12193333333337,355,0.009
12571,abl_no_seed,25,-,67,108.98863333333335,86,0.003
12571,abl_no_seed,50,-,118,187.39526666666669,182,0.009
12571,abl_no_seed,75,-,146,223.93796666666668,276,0.01
12575,abl_no_seed,100,-,137,267.83879999999994,315,0.011
12575,abl_no_seed,25,-,53,119.4283,79,0.002
12575,abl_no_seed,50,-,91,197.14730000000003,153,0.004
12575,abl_no_seed,75,-,126,254.6912,233,0.006
12582,abl_no_seed,100,-,109,100.00036666666666,187,0.004
12582,abl_no_seed,25,-,23,22.908066666666667,27,0.001
12582,abl_no_seed,50,-,63,59.129033333333325,79,0.002
12582,abl_no_seed,75,-,94,86.87926666666667,154,0.004
12592,abl_no_seed,100,-,76,138.73886666666667,209,0.003
12592,abl_no_seed,25,-,11,29.058,26,0.0
12592,abl_no_seed,50,-,52,103.72213333333332,109,0.001
12592,abl_no_seed,75,-,68,130.20379999999997,150,0.002
12596,abl_no_seed,100,-,132,183.89063333333323,285,0.007
12596,abl_no_seed,25,-,42,70.15456666666668,66,0.002
12596,abl_no_seed,50,-,88,137.12473333333332,143,0.004
12596,abl_no_seed,75,-,122,174.8435666666666,209,0.007
12608,abl_no_seed,100,-,175,134.6664,411,0.009
12608,abl_no_seed,25,-,72,63.149366666666666,95,0.004
12608,abl_no_seed,50,-,122,104.90726666666664,196,0.005
12608,abl_no_seed,75,-,159,126.99359999999994,297,0.007
12639,abl_no_seed,100,-,367,362.4544333333333,671,0.031
12639,abl_no_seed,25,-,146,144.6435666666667,171,0.008
12639,abl_no_seed,50,-,266,261.99886666666663,337,0.019
12639,abl_no_seed,75,-,327,322.77009999999996,507,0.012
12652,abl_no_seed,100,-,88,178.12119999999996,208,0.005
12652,abl_no_seed,25,-,24,61.02699999999999,36,0.001
12652,abl_no_seed,50,-,53,116.5878,102,0.002
12652,abl_no_seed,75,-,73,159.0854,144,0.005
12658,abl_no_seed,100,-,178,209.13713333333342,337,0.013
12658,abl_no_seed,25,-,62,91.14866666666668,80,0.003
12658,abl_no_seed,50,-,114,162.39470000000003,171,0.006
12658,abl_no_seed,75,-,145,191.69493333333338,260,0.009
12673,abl_no_seed,100,-,57,57.31476666666667,147,0.002
12673,abl_no_seed,25,-,7,9.514733333333332,17,0.0
12673,abl_no_seed,50,-,25,33.78083333333333,48,0.001
12673,abl_no_seed,75,-,37,43.81306666666666,79,0.001
12694,abl_no_seed,100,-,385,385.0,660,0.014
12694,abl_no_seed,25,-,154,154.0,165,0.008
12694,abl_no_seed,50,-,275,275.0,325,0.011
12694,abl_no_seed,75,-,351,351.0,500,0.015
12695,abl_no_seed,100,-,385,385.0,681,0.022
12695,abl_no_seed,25,-,155,155.0,174,0.009
12695,abl_no_seed,50,-,284,284.0,351,0.014
12695,abl_no_seed,75,-,354,354.0,515,0.02
12722,abl_no_seed,100,-,48,45.44196666666666,62,0.002
12722,abl_no_seed,25,-,9,8.359566666666666,14,0.0
12722,abl_no_seed,50,-,24,23.359566666666666,29,0.001
12722,abl_no_seed,75,-,41,39.94513333333333,46,0.002
12727,abl_no_seed,100,-,129,245.3384666666667,270,0.008
12727,abl_no_seed,25,-,41,95.63353333333333,56,0.002
12727,abl_no_seed,50,-,85,176.6061,133,0.004
12727,abl_no_seed,75,-,115,229.26093333333338,203,0.006
12733,abl_no_seed,100,-,101,117.15963333333333,246,0.005
12733,abl_no_seed,25,-,30,40.50326666666667,48,0.001
12733,abl_no_seed,50,-,78,99.94923333333334,121,0.002
12733,abl_no_seed,75,-,94,113.0368,176,0.005
12746,abl_no_seed,100,-,388,388.0,691,0.031
12746,abl_no_seed,25,-,155,155.0,178,0.008
12746,abl_no_seed,50,-,280,280.0,352,0.021
12746,abl_no_seed,75,-,348,348.0,526,0.035
12810,abl_no_seed,100,-,193,189.47113333333346,409,0.016
12810,abl_no_seed,25,-,69,100.90196666666667,90,0.003
12810,abl_no_seed,50,-,136,154.90996666666672,203,0.008
12810,abl_no_seed,75,-,172,183.22200000000012,298,0.015
12830,abl_no_seed,100,-,289,276.9819333333334,544,0.015
12830,abl_no_seed,25,-,112,109.05136666666665,132,0.005
12830,abl_no_seed,50,-,200,195.66959999999997,278,0.009
12830,abl_no_seed,75,-,257,246.58386666666664,418,0.011
12898,abl_no_seed,100,-,113,216.38620000000006,300,0.006
12898,abl_no_seed,25,-,41,100.7817,75,0.002
12898,abl_no_seed,50,-,76,163.06610000000006,155,0.004
12898,abl_no_seed,75,-,102,209.23680000000007,238,0.005
12924,abl_no_seed,100,-,102,170.84936666666667,257,0.005
12924,abl_no_seed,25,-,36,74.84270000000001,60,0.001
12924,abl_no_seed,50,-,65,129.16846666666666,122,0.003
12924,abl_no_seed,75,-,89,157.39453333333333,198,0.004
12931,abl_no_seed,100,-,184,214.85076666666666,429,0.016
12931,abl_no_seed,25,-,76,129.61840000000004,110,0.003
12931,abl_no_seed,50,-,129,180.49423333333328,224,0.008
12931,abl_no_seed,75,-,165,206.41676666666663,328,0.013
12932,abl_no_seed,100,-,142,130.2199,309,0.009
12932,abl_no_seed,25,-,39,60.29776666666666,61,0.002
12932,abl_no_seed,50,-,89,100.0343,144,0.004
12932,abl_no_seed,75,-,121,120.35036666666663,219,0.005
12950,abl_no_seed,100,-,268,430.5758000000001,568,0.018
12950,abl_no_seed,25,-,107,218.37653333333327,139,0.006
12950,abl_no_seed,50,-,186,359.1418666666668,280,0.008
12950,abl_no_seed,75,-,241,406.84246666666684,411,0.012
12954,abl_no_seed,100,-,87,160.93953333333334,225,0.006
12954,abl_no_seed,25,-,19,32.7959,39,0.001
12954,abl_no_seed,50,-,56,106.90079999999998,104,0.002
12954,abl_no_seed,75,-,76,141.78153333333333,162,0.005
12960,abl_no_seed,100,-,119,269.4934000000001,251,0.004
12960,abl_no_seed,25,-,25,56.24353333333333,48,0.001
12960,abl_no_seed,50,-,73,173.53063333333327,121,0.003
12960,abl_no_seed,75,-,101,239.68033333333335,182,0.004
12961,abl_no_seed,100,-,56,102.4234,94,0.003
12961,abl_no_seed,25,-,5,9.7248,8,0.0
12961,abl_no_seed,50,-,13,25.724800000000002,16,0.001
12961,abl_no_seed,75,-,38,69.48433333333334,73,0.001
13013,abl_no_seed,100,-,191,201.7671333333334,446,0.013
13013,abl_no_seed,25,-,77,96.8168,113,0.003
13013,abl_no_seed,50,-,134,157.2289333333334,224,0.005
13013,abl_no_seed,75,-,170,189.08916666666667,348,0.01
13027,abl_no_seed,100,-,143,98.95236666666666,330,0.012
13027,abl_no_seed,25,-,53,42.952333333333335,73,0.003
13027,abl_no_seed,50,-,97,80.35403333333335,170,0.005
13027,abl_no_seed,75,-,126,92.70736666666666,250,0.007
13031,abl_no_seed,100,-,177,175.01123333333342,425,0.015
13031,abl_no_seed,25,-,63,85.16396666666667,102,0.003
13031,abl_no_seed,50,-,131,147.63716666666676,222,0.011
13031,abl_no_seed,75,-,156,165.99133333333342,311,0.015
13045,abl_no_seed,100,-,161,134.6618333333333,352,0.018
13045,abl_no_seed,25,-,61,55.195800000000006,88,0.005
13045,abl_no_seed,50,-,110,98.6500666666667,185,0.008
13045,abl_no_seed,75,-,146,122.86963333333331,274,0.01
13048,abl_no_seed,100,-,241,213.28719999999998,492,0.03
13048,abl_no_seed,25,-,98,105.23490000000001,120,0.006
13048,abl_no_seed,50,-,176,172.59973333333332,247,0.012
13048,abl_no_seed,75,-,220,202.90493333333333,372,0.018
13049,abl_no_seed,100,-,275,440.05839999999995,596,0.018
13049,abl_no_seed,25,-,123,234.42373333333342,152,0.006
13049,abl_no_seed,50,-,208,372.1172999999999,300,0.008
13049,abl_no_seed,75,-,250,419.48326666666634,449,0.011
13082,abl_no_seed,100,-,79,106.4977,159,0.006
13082,abl_no_seed,25,-,25,45.93986666666666,47,0.001
13082,abl_no_seed,50,-,57,91.72163333333334,96,0.002
13082,abl_no_seed,75,-,62,92.59036666666667,126,0.003
13085,abl_no_seed,100,-,250,225.60530000000003,544,0.03
13085,abl_no_seed,25,-,101,117.08519999999999,135,0.005
13085,abl_no_seed,50,-,181,185.26546666666664,269,0.008
13085,abl_no_seed,75,-,230,216.1155333333334,407,0.017
13103,abl_no_seed,100,-,111,91.07630000000002,316,0.003
13103,abl_no_seed,25,-,34,31.491099999999996,76,0.001
13103,abl_no_seed,50,-,82,77.26296666666669,146,0.003
13103,abl_no_seed,75,-,100,87.12180000000002,233,0.003
13108,abl_no_seed,100,-,87,68.25693333333334,220,0.003
13108,abl_no_seed,25,-,26,25.265099999999997,57,0.001
13108,abl_no_seed,50,-,55,49.19823333333333,99,0.002
13108,abl_no_seed,75,-,78,65.07483333333333,177,0.003
13128,abl_no_seed,100,-,198,165.20923333333337,409,0.011
13128,abl_no_seed,25,-,77,79.49179999999998,99,0.005
13128,abl_no_seed,50,-,145,132.22910000000002,199,0.007
13128,abl_no_seed,75,-,174,147.8488333333334,301,0.015
13155,abl_no_seed,100,-,189,168.92746666666667,437,0.01
13155,abl_no_seed,25,-,70,64.4088,104,0.002
13155,abl_no_seed,50,-,132,123.66869999999999,198,0.004
13155,abl_no_seed,75,-,169,154.99503333333337,326,0.008
13200,abl_no_seed,100,-,53,37.22983333333334,109,0.002
13200,abl_no_seed,25,-,7,5.8361,14,0.0
13200,abl_no_seed,50,-,19,13.7106,29,0.001
13200,abl_no_seed,75,-,37,28.558333333333337,68,0.001
13210,abl_no_seed,100,-,48,50.517066666666665,79,0.002
13210,abl_no_seed,25,-,6,4.7903,12,0.0
13210,abl_no_seed,50,-,20,16.072233333333333,26,0.001
13210,abl_no_seed,75,-,33,38.01766666666666,59,0.001
13211,abl_no_seed,100,-,57,40.17643333333335,126,0.003
13211,abl_no_seed,25,-,10,8.228933333333334,22,0.001
13211,abl_no_seed,50,-,32,25.574700000000004,44,0.001
13211,abl_no_seed,75,-,46,35.82203333333333,66,0.002
13251,abl_no_seed,100,-,223,216.0439333333333,440,0.007
13251,abl_no_seed,25,-,85,82.8668,112,0.004
13251,abl_no_seed,50,-,155,151.23413333333335,226,0.005
13251,abl_no_seed,75,-,198,193.1469,334,0.006
13258,abl_no_seed,100,-,189,189.3679666666667,347,0.011
13258,abl_no_seed,25,-,64,73.80563333333335,80,0.002
13258,abl_no_seed,50,-,123,130.7465666666667,176,0.008
13258,abl_no_seed,75,-,164,165.85963333333336,251,0.008
13261,abl_no_seed,100,-,265,255.1993,479,0.011
13261,abl_no_seed,25,-,95,92.93400000000001,118,0.006
13261,abl_no_seed,50,-,181,177.34776666666667,231,0.009
13261,abl_no_seed,75,-,230,224.05406666666664,358,0.009
13262,abl_no_seed,100,-,212,202.75620000000004,414,0.009
13262,abl_no_seed,25,-,67,64.98786666666666,95,0.003
13262,abl_no_seed,50,-,149,145.51466666666667,197,0.006
13262,abl_no_seed,75,-,187,181.9434666666667,301,0.008
13264,abl_no_seed,100,-,174,281.9198333333334,332,0.011
13264,abl_no_seed,25,-,70,125.4373,84,0.003
13264,abl_no_seed,50,-,127,224.42126666666664,172,0.006
13264,abl_no_seed,75,-,159,266.1900333333334,249,0.007
13265,abl_no_seed,100,-,167,332.5153666666666,308,0.01
13265,abl_no_seed,25,-,60,113.4218,76,0.002
13265,abl_no_seed,50,-,110,236.8161333333333,148,0.006
13265,abl_no_seed,75,-,143,301.56289999999996,237,0.01
13266,abl_no_seed,100,-,148,289.3851,341,0.012
13266,abl_no_seed,25,-,55,110.83553333333333,79,0.002
13266,abl_no_seed,50,-,105,216.10816666666668,164,0.007
13266,abl_no_seed,75,-,132,268.80589999999995,253,0.008
13316,abl_no_seed,100,-,180,324.70436666666654,391,0.022
13316,abl_no_seed,25,-,58,135.875,97,0.006
13316,abl_no_seed,50,-,131,249.29146666666665,189,0.01
13316,abl_no_seed,75,-,151,298.71679999999986,285,0.009
13323,abl_no_seed,100,-,117,111.35046666666668,224,0.007
13323,abl_no_seed,25,-,31,29.6897,46,0.001
13323,abl_no_seed,50,-,71,69.18393333333333,89,0.003
13323,abl_no_seed,75,-,103,95.24783333333336,184,0.005
13328,abl_no_seed,100,-,348,340.46483333333344,655,0.014
13328,abl_no_seed,25,-,146,144.7635666666667,164,0.012
13328,abl_no_seed,50,-,260,255.66810000000007,328,0.012
13328,abl_no_seed,75,-,320,313.33686666666677,489,0.028
13329,abl_no_seed,100,-,325,320.9901,619,0.021
13329,abl_no_seed,25,-,134,132.84203333333335,158,0.009
13329,abl_no_seed,50,-,231,229.25246666666666,309,0.015
13329,abl_no_seed,75,-,299,294.9412,475,0.016
13331,abl_no_seed,100,-,242,233.33599999999998,461,0.011
13331,abl_no_seed,25,-,92,90.74976666666667,116,0.004
13331,abl_no_seed,50,-,165,160.2931,233,0.006
13331,abl_no_seed,75,-,217,208.75556666666668,340,0.012
13333,abl_no_seed,100,-,147,137.45676666666665,312,0.005
13333,abl_no_seed,25,-,45,43.77526666666667,59,0.002
13333,abl_no_seed,50,-,102,97.14513333333333,149,0.004
13333,abl_no_seed,75,-,123,116.91850000000001,207,0.006
13350,abl_no_seed,100,-,35,34.90836666666667,39,0.001
13350,abl_no_seed,25,-,5,4.968366666666666,9,0.0
13350,abl_no_seed,50,-,15,14.958366666666663,19,0.0
13350,abl_no_seed,75,-,25,24.759733333333333,29,0.001
13388,abl_no_seed,100,-,348,338.072,679,0.034
13388,abl_no_seed,25,-,145,144.20083333333332,160,0.011
13388,abl_no_seed,50,-,250,245.58923333333337,343,0.01
13388,abl_no_seed,75,-,317,308.8303666666667,511,0.018
13392,abl_no_seed,100,-,166,158.23426666666666,344,0.008
13392,abl_no_seed,25,-,53,51.7803,65,0.002
13392,abl_no_seed,50,-,108,106.16566666666668,167,0.005
13392,abl_no_seed,75,-,144,138.17483333333337,268,0.009
13401,abl_no_seed,100,-,142,176.4086,344,0.017
13401,abl_no_seed,25,-,57,103.7506333333333,84,0.003
13401,abl_no_seed,50,-,105,154.75300000000001,172,0.008
13401,abl_no_seed,75,-,124,168.66193333333328,273,0.01
13418,abl_no_seed,100,-,190,171.2145666666666,348,0.02
13418,abl_no_seed,25,-,73,79.94549999999998,85,0.003
13418,abl_no_seed,50,-,123,123.06793333333336,171,0.01
13418,abl_no_seed,75,-,157,147.5786,263,0.009
13423,abl_no_seed,100,-,146,109.80579999999999,280,0.01
13423,abl_no_seed,25,-,55,50.63113333333333,66,0.004
13423,abl_no_seed,50,-,100,83.68266666666665,143,0.007
13423,abl_no_seed,75,-,126,102.87449999999998,207,0.01
13427,abl_no_seed,100,-,141,125.93310000000001,347,0.008
13427,abl_no_seed,25,-,56,58.7176,82,0.002
13427,abl_no_seed,50,-,106,106.60256666666665,167,0.006
13427,abl_no_seed,75,-,128,120.7534,249,0.006
13429,abl_no_seed,100,-,161,151.61256666666668,301,0.018
13429,abl_no_seed,25,-,52,68.3196,77,0.002
13429,abl_no_seed,50,-,106,117.77606666666667,146,0.006
13429,abl_no_seed,75,-,136,137.7941,229,0.008
13432,abl_no_seed,100,-,154,170.36703333333332,294,0.012
13432,abl_no_seed,25,-,46,65.03389999999999,68,0.002
13432,abl_no_seed,50,-,103,123.72916666666664,146,0.008
13432,abl_no_seed,75,-,140,164.39543333333333,230,0.012
13439,abl_no_seed,100,-,175,161.73659999999998,380,0.009
13439,abl_no_seed,25,-,59,62.21806666666666,95,0.003
13439,abl_no_seed,50,-,122,120.09639999999999,179,0.006
13439,abl_no_seed,75,-,155,149.40486666666663,287,0.007
13447,abl_no_seed,100,-,190,155.0626,466,0.017
13447,abl_no_seed,25,-,83,83.80723333333331,115,0.004
13447,abl_no_seed,50,-,145,130.90423333333334,235,0.007
13447,abl_no_seed,75,-,178,151.01136666666665,352,0.012
13450,abl_no_seed,100,-,94,154.45456666666672,265,0.003
13450,abl_no_seed,25,-,16,29.822066666666665,48,0.001
13450,abl_no_seed,50,-,68,130.51693333333333,127,0.002
13450,abl_no_seed,75,-,81,138.41196666666667,180,0.003
13456,abl_no_seed,100,-,104,97.51706666666668,183,0.003
13456,abl_no_seed,25,-,19,18.3733,23,0.001
13456,abl_no_seed,50,-,58,55.7432,72,0.002
13456,abl_no_seed,75,-,88,83.80743333333334,147,0.003
13464,abl_no_seed,100,-,349,342.0345333333333,672,0.022
13464,abl_no_seed,25,-,140,138.74620000000002,154,0.008
13464,abl_no_seed,50,-,250,247.6306,336,0.013
13464,abl_no_seed,75,-,315,311.29523333333333,498,0.014
13465,abl_no_seed,100,-,310,303.38250000000005,583,0.028
13465,abl_no_seed,25,-,127,123.90373333333334,147,0.006
13465,abl_no_seed,50,-,222,218.5744666666667,296,0.013
13465,abl_no_seed,75,-,285,279.2756333333333,446,0.017
13469,abl_no_seed,100,-,121,116.46776666666669,205,0.005
13469,abl_no_seed,25,-,26,26.0,30,0.001
13469,abl_no_seed,50,-,77,75.27510000000001,120,0.003
13469,abl_no_seed,75,-,104,100.36913333333335,174,0.005
13497,abl_no_seed,100,-,160,168.7747,385,0.006
13497,abl_no_seed,25,-,52,86.29339999999999,97,0.002
13497,abl_no_seed,50,-,110,134.80429999999998,180,0.005
13497,abl_no_seed,75,-,145,162.9135666666667,296,0.006
13513,abl_no_seed,100,-,169,146.31013333333328,375,0.008
13513,abl_no_seed,25,-,67,71.94426666666666,95,0.003
13513,abl_no_seed,50,-,123,119.93943333333333,191,0.007
13513,abl_no_seed,75,-,156,141.56789999999998,293,0.01
13520,abl_no_seed,100,-,75,121.2673,180,0.004
13520,abl_no_seed,25,-,12,22.594833333333334,23,0.0
13520,abl_no_seed,50,-,31,62.4752,63,0.002
13520,abl_no_seed,75,-,58,95.33333333333333,135,0.003
13525,abl_no_seed,100,-,107,156.0649666666667,319,0.004
13525,abl_no_seed,25,-,40,76.1132,80,0.002
13525,abl_no_seed,50,-,78,134.06116666666665,146,0.004
13525,abl_no_seed,75,-,97,150.83253333333337,237,0.004
13563,abl_no_seed,100,-,69,61.1146,116,0.004
13563,abl_no_seed,25,-,15,12.904433333333333,24,0.001
13563,abl_no_seed,50,-,35,31.404666666666667,48,0.002
13563,abl_no_seed,75,-,62,55.11456666666667,101,0.004
13564,abl_no_seed,100,-,47,43.12696666666666,79,0.004
13564,abl_no_seed,25,-,8,8.0,12,0.001
13564,abl_no_seed,50,-,22,22.0,26,0.001
13564,abl_no_seed,75,-,37,36.360166666666665,55,0.002
13629,abl_no_seed,100,-,163,144.76699999999997,382,0.016
13629,abl_no_seed,25,-,55,63.08893333333333,88,0.002
13629,abl_no_seed,50,-,116,112.9756666666667,180,0.008
13629,abl_no_seed,75,-,148,135.31656666666666,280,0.008
13645,abl_no_seed,100,-,127,131.6187333333333,301,0.011
13645,abl_no_seed,25,-,45,77.12056666666665,74,0.002
13645,abl_no_seed,50,-,97,119.33199999999998,151,0.005
13645,abl_no_seed,75,-,111,127.63219999999997,238,0.006
13655,abl_no_seed,100,-,221,260.3484333333334,522,0.018
13655,abl_no_seed,25,-,102,152.26189999999997,132,0.006
13655,abl_no_seed,50,-,172,233.69536666666679,264,0.008
13655,abl_no_seed,75,-,200,251.99726666666675,388,0.017
13666,abl_no_seed,100,-,151,274.1563333333334,350,0.006
13666,abl_no_seed,25,-,42,77.56259999999999,82,0.002
13666,abl_no_seed,50,-,100,194.28613333333334,165,0.003
13666,abl_no_seed,75,-,133,252.16473333333332,247,0.005
13674,abl_no_seed,100,-,164,160.00256666666667,321,0.008
13674,abl_no_seed,25,-,47,45.2553,61,0.002
13674,abl_no_seed,50,-,118,115.1245,154,0.004
13674,abl_no_seed,75,-,155,149.09713333333337,251,0.01
13682,abl_no_seed,100,-,108,102.14106666666665,195,0.004
13682,abl_no_seed,25,-,27,28.3101,38,0.001
13682,abl_no_seed,50,-,61,60.67496666666667,82,0.002
13682,abl_no_seed,75,-,85,84.38793333333332,123,0.003
13683,abl_no_seed,100,-,68,61.31953333333332,122,0.003
13683,abl_no_seed,25,-,12,9.966000000000001,17,0.0
13683,abl_no_seed,50,-,34,30.918599999999998,51,0.001
13683,abl_no_seed,75,-,57,53.11456666666667,92,0.002
13691,abl_no_seed,100,-,235,395.1268333333333,533,0.013
13691,abl_no_seed,25,-,86,178.7974333333333,131,0.008
13691,abl_no_seed,50,-,172,323.5618333333335,268,0.009
13691,abl_no_seed,75,-,216,373.6131,407,0.008
13703,abl_no_seed,100,-,184,165.1835,502,0.019
13703,abl_no_seed,25,-,71,91.10866666666666,121,0.003
13703,abl_no_seed,50,-,137,143.83586666666665,248,0.013
13703,abl_no_seed,75,-,168,159.13799999999995,369,0.017
13706,abl_no_seed,100,-,124,150.61976666666672,327,0.01
13706,abl_no_seed,25,-,39,57.04999999999999,64,0.002
13706,abl_no_seed,50,-,89,126.59999999999998,162,0.004
13706,abl_no_seed,75,-,116,144.03063333333336,256,0.008
13737,abl_no_seed,100,-,121,97.50350000000005,220,0.01
13737,abl_no_seed,25,-,46,43.13313333333333,60,0.002
13737,abl_no_seed,50,-,89,75.76683333333337,117,0.004
13737,abl_no_seed,75,-,107,91.14880000000004,168,0.007
13743,abl_no_seed,100,-,134,134.95290000000003,243,0.008
13743,abl_no_seed,25,-,49,55.02090000000001,60,0.003
13743,abl_no_seed,50,-,85,106.28423333333333,127,0.005
13743,abl_no_seed,75,-,118,127.0369,190,0.008
13775,abl_no_seed,100,-,269,398.86760000000004,552,0.012
13775,abl_no_seed,25,-,108,186.7471333333333,133,0.006
13775,abl_no_seed,50,-,189,308.28623333333337,273,0.007
13775,abl_no_seed,75,-,238,365.705,409,0.011
13812,abl_no_seed,100,-,160,111.40263333333336,446,0.007
13812,abl_no_seed,25,-,71,64.37576666666668,109,0.003
13812,abl_no_seed,50,-,118,96.49423333333333,228,0.006
13812,abl_no_seed,75,-,145,108.19863333333333,328,0.015
13868,abl_no_seed,100,-,72,104.778,148,0.004
13868,abl_no_seed,25,-,21,35.15186666666666,34,0.001
13868,abl_no_seed,50,-,47,75.60856666666669,68,0.003
13868,abl_no_seed,75,-,59,91.0532,115,0.004
13879,abl_no_seed,100,-,154,147.89883333333333,298,0.007
13879,abl_no_seed,25,-,42,40.901266666666665,56,0.002
13879,abl_no_seed,50,-,101,96.26883333333333,144,0.004
13879,abl_no_seed,75,-,132,129.63736666666665,209,0.005
13956,abl_no_seed,100,-,86,88.74036666666666,180,0.006
13956,abl_no_seed,25,-,25,31.39563333333333,38,0.001
13956,abl_no_seed,50,-,63,75.82273333333333,101,0.003
13956,abl_no_seed,75,-,75,83.47436666666665,140,0.005
13992,abl_no_seed,100,-,136,154.95896666666678,237,0.009
13992,abl_no_seed,25,-,49,57.45486666666667,59,0.003
13992,abl_no_seed,50,-,87,117.37870000000001,112,0.006
13992,abl_no_seed,75,-,120,146.65376666666677,174,0.008
14027,abl_no_seed,100,-,154,172.86203333333336,274,0.016
14027,abl_no_seed,25,-,62,87.47746666666666,74,0.003
14027,abl_no_seed,50,-,109,140.82949999999997,153,0.007
14027,abl_no_seed,75,-,135,161.81026666666668,217,0.011
14031,abl_no_seed,100,-,103,114.09843333333336,161,0.007
14031,abl_no_seed,25,-,28,26.76513333333333,38,0.001
14031,abl_no_seed,50,-,63,85.29136666666666,80,0.002
14031,abl_no_seed,75,-,85,99.44353333333333,118,0.004
14035,abl_no_seed,100,-,103,109.74830000000001,209,0.005
14035,abl_no_seed,25,-,28,26.055133333333334,36,0.001
14035,abl_no_seed,50,-,65,74.7636,101,0.003
14035,abl_no_seed,75,-,79,87.01773333333331,135,0.005
14037,abl_no_seed,100,-,72,62.1348,137,0.002
14037,abl_no_seed,25,-,10,9.140633333333334,17,0.0
14037,abl_no_seed,50,-,28,26.944799999999997,36,0.001
14037,abl_no_seed,75,-,49,42.850699999999996,105,0.002
14043,abl_no_seed,100,-,87,69.54023333333333,184,0.006
14043,abl_no_seed,25,-,25,24.444666666666667,29,0.001
14043,abl_no_seed,50,-,57,49.211600000000004,105,0.003
14043,abl_no_seed,75,-,84,66.44526666666667,170,0.005
14061,abl_no_seed,100,-,106,70.89860000000002,237,0.006
14061,abl_no_seed,25,-,35,27.0596,63,0.001
14061,abl_no_seed,50,-,78,57.5194,124,0.003
14061,abl_no_seed,75,-,91,66.3504,174,0.005
14071,abl_no_seed,100,-,56,42.32353333333332,159,0.002
14071,abl_no_seed,25,-,9,7.393233333333333,11,0.001
14071,abl_no_seed,50,-,33,27.680633333333333,59,0.001
14071,abl_no_seed,75,-,48,37.51056666666666,93,0.001
14078,abl_no_seed,100,-,87,66.5484,213,0.004
14078,abl_no_seed,25,-,28,26.177966666666666,37,0.001
14078,abl_no_seed,50,-,61,48.885333333333335,111,0.003
14078,abl_no_seed,75,-,78,60.1918,151,0.004
14092,abl_no_seed,100,-,123,90.46283333333334,319,0.009
14092,abl_no_seed,25,-,35,31.26813333333333,61,0.002
14092,abl_no_seed,50,-,87,71.1311,171,0.003
14092,abl_no_seed,75,-,108,81.4955,240,0.004
14093,abl_no_seed,100,-,123,82.2525,307,0.005
14093,abl_no_seed,25,-,36,27.18483333333333,82,0.001
14093,abl_no_seed,50,-,87,65.42223333333332,149,0.003
14093,abl_no_seed,75,-,110,77.66926666666664,230,0.011
14105,abl_no_seed,100,-,94,84.46156666666668,253,0.008
14105,abl_no_seed,25,-,25,32.409533333333336,30,0.001
14105,abl_no_seed,50,-,64,67.65003333333335,120,0.003
14105,abl_no_seed,75,-,80,78.7976,166,0.004
14106,abl_no_seed,100,-,119,93.25426666666665,315,0.004
14106,abl_no_seed,25,-,49,46.35199999999999,78,0.001
14106,abl_no_seed,50,-,83,68.94446666666667,160,0.004
14106,abl_no_seed,75,-,102,84.6544,242,0.003
14109,abl_no_seed,100,-,186,130.96213333333336,383,0.011
14109,abl_no_seed,25,-,75,63.0083,91,0.004
14109,abl_no_seed,50,-,134,108.98593333333336,190,0.008
14109,abl_no_seed,75,-,161,120.41023333333337,290,0.015
14173,abl_no_seed,100,-,156,111.08909999999999,368,0.009
14173,abl_no_seed,25,-,56,47.5335,78,0.003
14173,abl_no_seed,50,-,113,90.72796666666667,175,0.01
14173,abl_no_seed,75,-,138,105.03416666666665,277,0.01
14208,abl_no_seed,100,-,74,63.58860000000001,174,0.003
14208,abl_no_seed,25,-,23,19.72586666666667,33,0.001
14208,abl_no_seed,50,-,48,45.2681,85,0.002
14208,abl_no_seed,75,-,63,54.859199999999994,104,0.002
14213,abl_no_seed,100,-,99,78.25096666666664,249,0.004
14213,abl_no_seed,25,-,29,22.00306666666667,63,0.001
14213,abl_no_seed,50,-,73,59.149033333333335,128,0.003
14213,abl_no_seed,75,-,87,66.93913333333333,176,0.004
14225,abl_no_seed,100,-,205,196.11203333333327,388,0.013
14225,abl_no_seed,25,-,61,59.98856666666667,94,0.003
14225,abl_no_seed,50,-,133,127.63296666666665,175,0.006
14225,abl_no_seed,75,-,178,171.2273333333333,300,0.008
14228,abl_no_seed,100,-,71,161.0755,218,0.003
14228,abl_no_seed,25,-,11,10.192800000000002,25,0.0
14228,abl_no_seed,50,-,45,108.8681,103,0.001
14228,abl_no_seed,75,-,61,144.12403333333333,145,0.002
14238,abl_no_seed,100,-,128,110.7582,244,0.011
14238,abl_no_seed,25,-,39,37.40146666666667,63,0.002
14238,abl_no_seed,50,-,88,78.86070000000002,125,0.004
14238,abl_no_seed,75,-,115,101.62283333333333,194,0.005
14248,abl_no_seed,100,-,257,187.9297666666666,631,0.02
14248,abl_no_seed,25,-,120,106.50533333333333,158,0.009
14248,abl_no_seed,50,-,203,164.7925666666666,318,0.014
14248,abl_no_seed,75,-,240,183.74143333333325,464,0.016
14269,abl_no_seed,100,-,145,117.0721,304,0.01
14269,abl_no_seed,25,-,51,46.31666666666666,78,0.002
14269,abl_no_seed,50,-,101,91.1853,143,0.005
14269,abl_no_seed,75,-,122,107.03856666666665,233,0.006
14273,abl_no_seed,100,-,128,112.96706666666668,353,0.006
14273,abl_no_seed,25,-,56,58.100966666666665,87,0.002
14273,abl_no_seed,50,-,96,96.94396666666668,163,0.005
14273,abl_no_seed,75,-,120,110.90103333333334,263,0.005
14292,abl_no_seed,100,-,269,217.80800000000002,581,0.021
14292,abl_no_seed,25,-,114,105.34486666666666,145,0.005
14292,abl_no_seed,50,-,189,165.80143333333336,289,0.007
14292,abl_no_seed,75,-,242,202.86506666666668,438,0.011
14297,abl_no_seed,100,-,121,92.0743,271,0.01
14297,abl_no_seed,25,-,41,34.69623333333333,69,0.002
14297,abl_no_seed,50,-,73,61.27016666666666,136,0.004
14297,abl_no_seed,75,-,107,82.71173333333331,210,0.006
14305,abl_no_seed,100,-,125,88.24693333333332,313,0.008
14305,abl_no_seed,25,-,38,30.142233333333337,75,0.001
14305,abl_no_seed,50,-,91,71.13256666666669,147,0.004
14305,abl_no_seed,75,-,109,83.47330000000001,231,0.004
14306,abl_no_seed,100,-,146,108.73629999999997,328,0.009
14306,abl_no_seed,25,-,63,53.55240000000001,81,0.004
14306,abl_no_seed,50,-,100,83.13686666666668,157,0.006
14306,abl_no_seed,75,-,125,99.52143333333333,223,0.008
14309,abl_no_seed,100,-,188,130.76670000000001,437,0.01
14309,abl_no_seed,25,-,79,67.72626666666667,104,0.004
14309,abl_no_seed,50,-,141,109.79639999999996,218,0.012
14309,abl_no_seed,75,-,167,124.14149999999997,339,0.008
14310,abl_no_seed,100,-,190,135.80430000000007,450,0.018
14310,abl_no_seed,25,-,77,63.99296666666667,104,0.004
14310,abl_no_seed,50,-,139,106.32870000000004,220,0.007
14310,abl_no_seed,75,-,176,129.7642333333334,334,0.008
14311,abl_no_seed,100,-,170,115.42873333333333,420,0.013
14311,abl_no_seed,25,-,65,52.99239999999999,100,0.003
14311,abl_no_seed,50,-,123,90.8977333333333,192,0.007
14311,abl_no_seed,75,-,155,109.28236666666666,320,0.007
14313,abl_no_seed,100,-,165,139.72126666666676,472,0.011
14313,abl_no_seed,25,-,74,74.07876666666664,113,0.004
14313,abl_no_seed,50,-,127,118.89760000000001,236,0.008
14313,abl_no_seed,75,-,156,137.04500000000007,344,0.012
14314,abl_no_seed,100,-,193,161.41399999999996,437,0.016
14314,abl_no_seed,25,-,75,77.34856666666666,110,0.003
14314,abl_no_seed,50,-,140,136.31360000000004,229,0.006
14314,abl_no_seed,75,-,174,154.26466666666667,333,0.007
14318,abl_no_seed,100,-,139,129.14303333333328,299,0.011
14318,abl_no_seed,25,-,54,70.62380000000003,75,0.002
14318,abl_no_seed,50,-,97,106.14536666666667,147,0.005
14318,abl_no_seed,75,-,126,124.56703333333334,230,0.007
14320,abl_no_seed,100,-,208,195.0558666666667,437,0.008
14320,abl_no_seed,25,-,75,73.2715,109,0.004
14320,abl_no_seed,50,-,141,134.0500666666667,223,0.008
14320,abl_no_seed,75,-,182,170.0961,335,0.008
14325,abl_no_seed,100,-,55,62.54683333333334,115,0.002
14325,abl_no_seed,25,-,7,7.9697,16,0.0
14325,abl_no_seed,50,-,24,37.8395,33,0.001
14325,abl_no_seed,75,-,31,44.8395,40,0.001
14373,abl_no_seed,100,-,103,113.36376367899948,247,0.007
14373,abl_no_seed,25,-,24,25.290711307972902,32,0.001
14373,abl_no_seed,50,-,76,90.76524231370506,125,0.004
14373,abl_no_seed,75,-,89,103.53370896300156,198,0.004
14419,abl_no_seed,100,-,188,249.78250390828563,399,0.012
14419,abl_no_seed,25,-,73,131.40864382490884,96,0.004
14419,abl_no_seed,50,-,123,187.33321391349665,198,0.011
14419,abl_no_seed,75,-,164,236.9904247003648,297,0.013
14428,abl_no_seed,100,-,31,27.4709,48,0.002
14428,abl_no_seed,25,-,5,4.2454,12,0.0
14428,abl_no_seed,50,-,15,13.201133333333333,22,0.001
14428,abl_no_seed,75,-,25,19.619133333333334,35,0.001
14432,abl_no_seed,100,-,129,144.87150000000003,285,0.008
14432,abl_no_seed,25,-,43,59.996300000000005,58,0.002
14432,abl_no_seed,50,-,94,120.38869999999999,138,0.005
14432,abl_no_seed,75,-,112,136.3884666666667,208,0.006
14540,abl_no_seed,100,-,242,238.97723333333357,553,0.024
14540,abl_no_seed,25,-,105,133.66736666666662,139,0.006
14540,abl_no_seed,50,-,183,201.17813333333345,281,0.008
14540,abl_no_seed,75,-,228,233.81130000000013,408,0.016
14552,abl_no_seed,100,-,120,111.26466666666667,228,0.005
14552,abl_no_seed,25,-,29,41.205099999999995,45,0.001
14552,abl_no_seed,50,-,73,77.43926666666665,114,0.003
14552,abl_no_seed,75,-,102,101.63886666666667,178,0.003
14587,abl_no_seed,100,-,105,85.20223333333331,200,0.006
14587,abl_no_seed,25,-,29,25.159000000000002,39,0.001
14587,abl_no_seed,50,-,59,52.87190000000002,72,0.002
14587,abl_no_seed,75,-,83,70.29629999999999,159,0.004
14596,abl_no_seed,100,-,104,94.65676666666668,252,0.004
14596,abl_no_seed,25,-,24,26.114399999999996,34,0.001
14596,abl_no_seed,50,-,69,77.50993333333335,125,0.003
14596,abl_no_seed,75,-,91,89.71770000000002,174,0.005
14696,abl_no_seed,100,-,130,168.62633333333335,266,0.008
14696,abl_no_seed,25,-,31,43.634699999999995,55,0.001
14696,abl_no_seed,50,-,80,125.03543333333332,141,0.003
14696,abl_no_seed,75,-,113,158.6457333333333,217,0.005
14744,abl_no_seed,100,-,152,243.8865,330,0.006
14744,abl_no_seed,25,-,42,78.14966666666666,79,0.002
14744,abl_no_seed,50,-,101,197.72123333333332,168,0.004
14744,abl_no_seed,75,-,136,228.41573333333332,253,0.005
14750,abl_no_seed,100,-,35,73.27523333333332,62,0.002
14750,abl_no_seed,25,-,10,20.0973,16,0.0
14750,abl_no_seed,50,-,25,56.2877,34,0.001
14750,abl_no_seed,75,-,31,70.05019999999999,47,0.001
14758,abl_no_seed,100,-,68,50.699900000000014,146,0.004
14758,abl_no_seed,25,-,16,14.281133333333333,21,0.001
14758,abl_no_seed,50,-,39,32.56103333333334,85,0.002
14758,abl_no_seed,75,-,64,47.433299999999996,131,0.003
14761,abl_no_seed,100,-,112,127.26563333333335,245,0.007
14761,abl_no_seed,25,-,35,44.77933333333335,44,0.001
14761,abl_no_seed,50,-,70,90.70023333333334,123,0.004
14761,abl_no_seed,75,-,101,121.82683333333331,174,0.007
14763,abl_no_seed,100,-,72,98.5396,202,0.005
14763,abl_no_seed,25,-,10,26.2746,14,0.0
14763,abl_no_seed,50,-,45,66.75533333333334,105,0.002
14763,abl_no_seed,75,-,59,90.14829999999999,144,0.004
14773,abl_no_seed,100,-,89,60.247633333333326,242,0.003
14773,abl_no_seed,25,-,22,16.9561,58,0.0
14773,abl_no_seed,50,-,60,47.85733333333333,107,0.002
14773,abl_no_seed,75,-,73,55.3916,160,0.002
14777,abl_no_seed,100,-,97,128.5817,199,0.004
14777,abl_no_seed,25,-,21,35.7729,43,0.001
14777,abl_no_seed,50,-,61,96.63356666666667,103,0.002
14777,abl_no_seed,75,-,83,117.78566666666667,172,0.004
14802,abl_no_seed,100,-,46,60.38806666666666,92,0.001
14802,abl_no_seed,25,-,3,5.491366666666667,15,0.0
14802,abl_no_seed,50,-,32,46.91033333333333,65,0.001
14802,abl_no_seed,75,-,46,58.7977,89,0.001
14811,abl_no_seed,100,-,127,157.7968999999999,240,0.014
14811,abl_no_seed,25,-,47,78.92553333333333,61,0.002
14811,abl_no_seed,50,-,77,121.51056666666666,119,0.004
14811,abl_no_seed,75,-,106,147.31163333333325,176,0.006
14824,abl_no_seed,100,-,62,72.32569999999998,133,0.003
14824,abl_no_seed,25,-,14,12.377,18,0.001
14824,abl_no_seed,50,-,31,42.85446666666667,54,0.001
14824,abl_no_seed,75,-,50,64.10133333333334,104,0.002
14829,abl_no_seed,100,-,101,112.02470000000001,173,0.005
14829,abl_no_seed,25,-,33,24.50156666666667,43,0.001
14829,abl_no_seed,50,-,67,83.10856666666666,90,0.002
14829,abl_no_seed,75,-,84,105.58826666666668,139,0.004
14846,abl_no_seed,100,-,153,167.25656666666666,322,0.01
14846,abl_no_seed,25,-,50,90.98586666666665,86,0.002
14846,abl_no_seed,50,-,103,133.1718,155,0.004
14846,abl_no_seed,75,-,132,154.52353333333332,245,0.008
14849,abl_no_seed,100,-,131,115.41246666666667,298,0.006
14849,abl_no_seed,25,-,39,36.230000000000004,72,0.002
14849,abl_no_seed,50,-,97,97.83086666666667,146,0.004
14849,abl_no_seed,75,-,123,109.2099,215,0.005
14852,abl_no_seed,100,-,98,86.80719999999998,225,0.004
14852,abl_no_seed,25,-,25,27.925000000000004,46,0.001
14852,abl_no_seed,50,-,57,68.63206666666666,115,0.002
14852,abl_no_seed,75,-,87,81.90936666666664,189,0.003
14863,abl_no_seed,100,-,122,95.83853333333332,324,0.005
14863,abl_no_seed,25,-,40,36.9973,79,0.001
14863,abl_no_seed,50,-,87,79.22129999999997,144,0.003
14863,abl_no_seed,75,-,107,90.63746666666664,223,0.005
14873,abl_no_seed,100,-,59,62.8234,158,0.001
14873,abl_no_seed,25,-,5,3.5271,12,0.0
14873,abl_no_seed,50,-,30,37.799033333333334,93,0.001
14873,abl_no_seed,75,-,56,61.684266666666666,135,0.001
14876,abl_no_seed,100,-,55,59.637699999999995,149,0.002
14876,abl_no_seed,25,-,5,8.636133333333333,11,0.0
14876,abl_no_seed,50,-,29,38.36799999999999,63,0.001
14876,abl_no_seed,75,-,50,55.67783333333332,122,0.001
14877,abl_no_seed,100,-,87,95.6026333333333,173,0.005
14877,abl_no_seed,25,-,27,43.032399999999996,34,0.001
14877,abl_no_seed,50,-,45,64.36223333333334,82,0.002
14877,abl_no_seed,75,-,73,85.43336666666664,138,0.003
14881,abl_no_seed,100,-,150,113.35983333333328,364,0.008
14881,abl_no_seed,25,-,56,63.329433333333334,92,0.002
14881,abl_no_seed,50,-,108,103.82323333333329,195,0.004
14881,abl_no_seed,75,-,134,110.90266666666659,287,0.008
14900,abl_no_seed,100,-,214,411.71899999999994,454,0.014
14900,abl_no_seed,25,-,85,201.58833333333334,113,0.003
14900,abl_no_seed,50,-,148,318.0469333333333,209,0.006
14900,abl_no_seed,75,-,194,386.45983333333334,337,0.008
14919,abl_no_seed,100,-,57,41.86749999999999,143,0.001
14919,abl_no_seed,25,-,0,0.0,0,0.0
14919,abl_no_seed,50,-,32,25.00686666666667,86,0.0
14919,abl_no_seed,75,-,53,41.02773333333332,126,0.001
14926,abl_no_seed,100,-,174,418.5578666666667,387,0.009
14926,abl_no_seed,25,-,55,154.36943333333332,71,0.002
14926,abl_no_seed,50,-,117,313.4875666666667,185,0.004
14926,abl_no_seed,75,-,159,390.04893333333337,288,0.01
14935,abl_no_seed,100,-,213,282.68216666666666,406,0.015
14935,abl_no_seed,25,-,68,121.42609999999999,100,0.003
14935,abl_no_seed,50,-,137,203.13753333333335,191,0.008
14935,abl_no_seed,75,-,186,265.71406666666667,301,0.01
14945,abl_no_seed,100,-,111,159.79919999999998,225,0.006
14945,abl_no_seed,25,-,33,37.38033333333333,47,0.002
14945,abl_no_seed,50,-,74,105.85933333333335,125,0.003
14945,abl_no_seed,75,-,95,145.18826666666664,187,0.006
14997,abl_no_seed,100,-,41,39.7802,52,0.002
14997,abl_no_seed,25,-,8,7.823666666666667,13,0.0
14997,abl_no_seed,50,-,21,20.728333333333335,26,0.001
14997,abl_no_seed,75,-,30,29.2447,39,0.001
15022,abl_no_seed,100,-,64,57.36613333333334,149,0.004
15022,abl_no_seed,25,-,12,16.140900000000002,31,0.0
15022,abl_no_seed,50,-,43,42.196566666666676,87,0.001
15022,abl_no_seed,75,-,64,57.48656666666667,119,0.002
15032,abl_no_seed,100,-,138,164.93596666666673,316,0.007
15032,abl_no_seed,25,-,50,92.13296666666666,75,0.003
15032,abl_no_seed,50,-,101,141.80283333333335,164,0.007
15032,abl_no_seed,75,-,128,159.7423666666667,229,0.01
15056,abl_no_seed,100,-,95,94.18420000000005,285,0.004
15056,abl_no_seed,25,-,23,44.40376666666666,72,0.001
15056,abl_no_seed,50,-,63,78.4667666666667,129,0.002
15056,abl_no_seed,75,-,83,91.00530000000003,207,0.005
15076,abl_no_seed,100,-,177,205.8434731631058,408,0.012
15076,abl_no_seed,25,-,62,101.56425872850443,94,0.003
15076,abl_no_seed,50,-,123,173.04878843147478,201,0.007
15076,abl_no_seed,75,-,152,194.3492053152684,306,0.012
15083,abl_no_seed,100,-,105,76.60933428869204,280,0.007
15083,abl_no_seed,25,-,40,33.36910500260552,54,0.001
15083,abl_no_seed,50,-,73,56.6835917144346,139,0.002
15083,abl_no_seed,75,-,92,70.30807060969254,185,0.004
15087,abl_no_seed,100,-,103,93.70655289213128,210,0.006
15087,abl_no_seed,25,-,33,41.80116597186035,43,0.001
15087,abl_no_seed,50,-,71,72.66733976029181,89,0.003
15087,abl_no_seed,75,-,93,87.74452840020845,168,0.006
15088,abl_no_seed,100,-,68,54.21570479416362,149,0.003
15088,abl_no_seed,25,-,16,17.680562793121418,23,0.0
15088,abl_no_seed,50,-,32,30.368225638353316,45,0.001
15088,abl_no_seed,75,-,55,44.40001302761855,100,0.003
15097,abl_no_seed,100,-,101,80.69440463783222,218,0.009
15097,abl_no_seed,25,-,25,21.38340281396561,35,0.001
15097,abl_no_seed,50,-,63,61.70098358520063,107,0.003
15097,abl_no_seed,75,-,86,74.54341453882232,160,0.004
15103,abl_no_seed,100,-,43,34.51693590411674,89,0.001
15103,abl_no_seed,25,-,5,4.666004429390307,7,0.0
15103,abl_no_seed,50,-,20,17.010682647212086,29,0.0
15103,abl_no_seed,75,-,35,29.58871808233455,63,0.001
15118,abl_no_seed,100,-,203,484.1420010422094,346,0.019
15118,abl_no_seed,25,-,68,182.70645518499217,87,0.005
15118,abl_no_seed,50,-,134,356.56458441896825,187,0.009
15118,abl_no_seed,75,-,173,435.0490164147994,267,0.012
15130,abl_no_seed,100,-,81,54.53497915581033,192,0.004
15130,abl_no_seed,25,-,25,18.996319697759247,35,0.001
15130,abl_no_seed,50,-,60,45.27488275143304,79,0.003
15130,abl_no_seed,75,-,70,50.99446326211569,152,0.003
15133,abl_no_seed,100,-,188,124.62763809275664,428,0.023
15133,abl_no_seed,25,-,71,59.97782047941636,105,0.003
15133,abl_no_seed,50,-,128,96.90340020844191,194,0.007
15133,abl_no_seed,75,-,166,118.16160760812924,316,0.014
15182,abl_no_seed,100,-,143,118.69052892131313,279,0.008
15182,abl_no_seed,25,-,51,54.22537780093799,73,0.002
15182,abl_no_seed,50,-,99,92.17479807191246,136,0.004
15182,abl_no_seed,75,-,120,109.34353830119854,212,0.006
15184,abl_no_seed,100,-,145,135.55233845752997,306,0.013
15184,abl_no_seed,25,-,55,68.89222902553414,76,0.003
15184,abl_no_seed,50,-,105,108.56477983324646,156,0.011
15184,abl_no_seed,75,-,125,129.813444502345,225,0.015
15185,abl_no_seed,100,-,135,153.82630927566436,283,0.013
15185,abl_no_seed,25,-,44,81.15779702970298,68,0.002
15185,abl_no_seed,50,-,85,122.02983324648255,137,0.005
15185,abl_no_seed,75,-,117,146.32673267326732,195,0.009
15223,abl_no_seed,100,-,100,96.5237754038562,237,0.006
15223,abl_no_seed,25,-,26,34.22694111516415,47,0.001
15223,abl_no_seed,50,-,69,82.26312532569048,127,0.002
15223,abl_no_seed,75,-,82,89.62372980719127,190,0.003
15275,abl_no_seed,100,-,43,81.70403333333333,72,0.002
15275,abl_no_seed,25,-,8,18.0,12,0.0
15275,abl_no_seed,50,-,20,42.910599999999995,24,0.001
15275,abl_no_seed,75,-,32,61.96936666666666,53,0.001
15346,abl_no_seed,100,-,134,109.21313333333332,304,0.009
15346,abl_no_seed,25,-,42,37.66323333333334,73,0.002
15346,abl_no_seed,50,-,86,76.32363333333333,146,0.004
15346,abl_no_seed,75,-,120,99.18483333333333,227,0.006
15355,abl_no_seed,100,-,37,32.1914,55,0.001
15355,abl_no_seed,25,-,7,6.189866666666667,13,0.0
15355,abl_no_seed,50,-,21,18.772100000000002,27,0.001
15355,abl_no_seed,75,-,31,28.269199999999998,37,0.001
15360,abl_no_seed,100,-,131,106.60993333333332,271,0.008
15360,abl_no_seed,25,-,44,37.88643333333334,68,0.002
15360,abl_no_seed,50,-,95,78.64263333333332,132,0.005
15360,abl_no_seed,75,-,116,97.64359999999996,205,0.006
15364,abl_no_seed,100,-,243,200.93810000000002,478,0.018
15364,abl_no_seed,25,-,99,95.26006666666669,117,0.005
15364,abl_no_seed,50,-,173,155.64103333333335,241,0.011
15364,abl_no_seed,75,-,214,187.96873333333338,356,0.016
15367,abl_no_seed,100,-,117,100.02839999999998,212,0.007
15367,abl_no_seed,25,-,40,38.83843333333332,47,0.002
15367,abl_no_seed,50,-,66,63.119599999999984,95,0.005
15367,abl_no_seed,75,-,103,90.08133333333333,171,0.005
15383,abl_no_seed,100,-,82,63.96103333333334,202,0.004
15383,abl_no_seed,25,-,12,9.7013,24,0.0
15383,abl_no_seed,50,-,47,37.635699999999986,77,0.001
15383,abl_no_seed,75,-,67,54.697300000000006,165,0.003
15386,abl_no_seed,100,-,225,190.34760000000009,434,0.021
15386,abl_no_seed,25,-,88,82.75590000000003,109,0.006
15386,abl_no_seed,50,-,155,143.9025,198,0.011
15386,abl_no_seed,75,-,196,174.93636666666671,330,0.011
15388,abl_no_seed,100,-,204,155.52233333333334,373,0.017
15388,abl_no_seed,25,-,77,65.8191,94,0.004
15388,abl_no_seed,50,-,132,106.71833333333335,183,0.009
15388,abl_no_seed,75,-,187,144.35133333333332,294,0.011
15398,abl_no_seed,100,-,37,30.978566666666666,45,0.002
15398,abl_no_seed,25,-,5,4.005866666666667,10,0.0
15398,abl_no_seed,50,-,17,15.019300000000001,22,0.001
15398,abl_no_seed,75,-,26,23.60493333333333,32,0.001
15409,abl_no_seed,100,-,128,102.46316666666668,248,0.007
15409,abl_no_seed,25,-,47,42.545399999999994,68,0.003
15409,abl_no_seed,50,-,91,76.64883333333331,133,0.005
15409,abl_no_seed,75,-,122,97.85796666666667,211,0.006
15410,abl_no_seed,100,-,170,119.31259999999999,417,0.007
15410,abl_no_seed,25,-,63,56.47380000000001,103,0.002
15410,abl_no_seed,50,-,119,94.9341333333333,205,0.004
15410,abl_no_seed,75,-,150,110.8387,311,0.008
15411,abl_no_seed,100,-,193,135.64260000000002,455,0.018
15411,abl_no_seed,25,-,80,66.48980000000002,112,0.004
15411,abl_no_seed,50,-,138,111.85213333333331,237,0.007
15411,abl_no_seed,75,-,168,128.05673333333328,341,0.008
15426,abl_no_seed,100,-,70,56.71686666666668,145,0.005
15426,abl_no_seed,25,-,13,12.035366666666667,17,0.001
15426,abl_no_seed,50,-,30,28.999999999999996,34,0.001
15426,abl_no_seed,75,-,50,45.03486666666667,78,0.003
15434,abl_no_seed,100,-,103,72.11733333333335,215,0.003
15434,abl_no_seed,25,-,22,17.4747,42,0.001
15434,abl_no_seed,50,-,70,54.72546666666667,111,0.003
15434,abl_no_seed,75,-,94,68.14096666666669,162,0.003
15450,abl_no_seed,100,-,56,47.320699999999995,118,0.002
15450,abl_no_seed,25,-,11,10.1343,17,0.0
15450,abl_no_seed,50,-,26,23.7881,32,0.001
15450,abl_no_seed,75,-,40,35.043,71,0.001
15461,abl_no_seed,100,-,144,112.9312,299,0.008
15461,abl_no_seed,25,-,46,40.44826666666666,75,0.002
15461,abl_no_seed,50,-,99,87.52120000000001,145,0.005
15461,abl_no_seed,75,-,122,103.3088,222,0.006
15475,abl_no_seed,100,-,96,61.452799999999996,199,0.004
15475,abl_no_seed,25,-,27,21.430033333333334,40,0.001
15475,abl_no_seed,50,-,47,36.898500000000006,107,0.002
15475,abl_no_seed,75,-,82,55.55913333333335,157,0.004
15486,abl_no_seed,100,-,125,87.10106666666665,337,0.003
15486,abl_no_seed,25,-,47,36.10366666666666,86,0.001
15486,abl_no_seed,50,-,91,67.56823333333332,167,0.003
15486,abl_no_seed,75,-,105,81.46563333333332,233,0.004
15500,abl_no_seed,100,-,86,69.26890000000002,232,0.005
15500,abl_no_seed,25,-,20,18.465899999999998,30,0.001
15500,abl_no_seed,50,-,61,54.0786,120,0.004
15500,abl_no_seed,75,-,77,65.42876666666668,156,0.004
15501,abl_no_seed,100,-,169,159.66153333333332,381,0.007
15501,abl_no_seed,25,-,65,71.17996666666666,91,0.002
15501,abl_no_seed,50,-,121,129.30743333333334,182,0.007
15501,abl_no_seed,75,-,151,149.20333333333332,287,0.011
15534,abl_no_seed,100,-,75,49.36886666666667,174,0.003
15534,abl_no_seed,25,-,20,12.984166666666665,30,0.001
15534,abl_no_seed,50,-,37,24.97866666666667,77,0.001
15534,abl_no_seed,75,-,65,46.18510000000001,132,0.004
15556,abl_no_seed,100,-,148,125.23816666666666,302,0.009
15556,abl_no_seed,25,-,55,44.00826666666667,71,0.002
15556,abl_no_seed,50,-,100,93.07416666666666,161,0.006
15556,abl_no_seed,75,-,131,112.68139999999998,237,0.006
15565,abl_no_seed,100,-,112,103.9605,217,0.005
15565,abl_no_seed,25,-,27,23.824899999999996,42,0.001
15565,abl_no_seed,50,-,69,65.4368,89,0.003
15565,abl_no_seed,75,-,100,93.48043333333334,167,0.004
15574,abl_no_seed,100,-,155,183.07086666666683,379,0.008
15574,abl_no_seed,25,-,54,87.90876666666668,97,0.002
15574,abl_no_seed,50,-,113,151.23713333333345,186,0.005
15574,abl_no_seed,75,-,141,176.2429666666668,290,0.007
15580,abl_no_seed,100,-,64,58.14303333333334,218,0.002
15580,abl_no_seed,25,-,5,5.5557,26,0.0
15580,abl_no_seed,50,-,47,45.523700000000005,108,0.001
15580,abl_no_seed,75,-,54,53.934799999999996,139,0.001
15586,abl_no_seed,100,-,73,61.800333333333334,151,0.002
15586,abl_no_seed,25,-,13,11.562966666666666,21,0.0
15586,abl_no_seed,50,-,33,29.55003333333333,77,0.001
15586,abl_no_seed,75,-,56,48.407166666666676,117,0.002
15593,abl_no_seed,100,-,230,360.71623333333326,465,0.021
15593,abl_no_seed,25,-,77,138.9989,106,0.004
15593,abl_no_seed,50,-,158,265.4203666666666,224,0.007
15593,abl_no_seed,75,-,206,331.67413333333326,350,0.006
15628,abl_no_seed,100,-,164,279.28406666666666,426,0.009
15628,abl_no_seed,25,-,58,138.27633333333335,103,0.002
15628,abl_no_seed,50,-,116,237.12976666666668,210,0.005
15628,abl_no_seed,75,-,148,271.18103333333335,325,0.007
15699,abl_no_seed,100,-,45,55.81893333333333,71,0.002
15699,abl_no_seed,25,-,8,4.998,12,0.0
15699,abl_no_seed,50,-,21,21.209533333333333,25,0.001
15699,abl_no_seed,75,-,36,40.5913,58,0.001
15738,abl_no_seed,100,-,206,199.23333333333332,467,0.012
15738,abl_no_seed,25,-,90,112.88429999999998,111,0.004
15738,abl_no_seed,50,-,154,162.46876666666677,226,0.008
15738,abl_no_seed,75,-,187,192.35923333333335,342,0.012
15762,abl_no_seed,100,-,30,44.98349999999999,69,0.001
15762,abl_no_seed,25,-,5,5.933333333333334,10,0.0
15762,abl_no_seed,50,-,17,23.867099999999997,22,0.001
15762,abl_no_seed,75,-,23,34.5201,28,0.001
15806,abl_no_seed,100,-,211,200.04926666666668,462,0.021
15806,abl_no_seed,25,-,81,92.90873333333332,111,0.004
15806,abl_no_seed,50,-,147,157.5362,227,0.009
15806,abl_no_seed,75,-,184,186.1859666666667,345,0.008
15815,abl_no_seed,100,-,137,164.97703333333337,333,0.007
15815,abl_no_seed,25,-,43,76.56836666666666,72,0.001
15815,abl_no_seed,50,-,90,134.42326666666668,155,0.004
15815,abl_no_seed,75,-,118,151.50460000000007,245,0.006
15820,abl_no_seed,100,-,151,131.83656666666664,325,0.01
15820,abl_no_seed,25,-,51,56.547666666666665,80,0.003
15820,abl_no_seed,50,-,99,107.1365333333333,165,0.007
15820,abl_no_seed,75,-,123,120.70056666666663,239,0.008
15848,abl_no_seed,100,-,90,73.46766666666666,204,0.004
15848,abl_no_seed,25,-,17,19.869433333333337,30,0.001
15848,abl_no_seed,50,-,54,49.07756666666667,102,0.003
15848,abl_no_seed,75,-,77,65.53973333333334,148,0.003
15857,abl_no_seed,100,-,82,81.21403333333333,186,0.006
15857,abl_no_seed,25,-,24,24.2826,33,0.001
15857,abl_no_seed,50,-,44,55.07863333333333,82,0.002
15857,abl_no_seed,75,-,69,74.25793333333334,136,0.003
15862,abl_no_seed,100,-,134,126.33013333333335,315,0.012
15862,abl_no_seed,25,-,49,52.64656666666666,72,0.002
15862,abl_no_seed,50,-,98,98.90796666666665,159,0.006
15862,abl_no_seed,75,-,118,118.74686666666668,236,0.012
15883,abl_no_seed,100,-,210,231.06776666666676,470,0.016
15883,abl_no_seed,25,-,83,126.20256666666667,115,0.005
15883,abl_no_seed,50,-,141,193.55009999999996,241,0.007
15883,abl_no_seed,75,-,195,223.93530000000013,355,0.013
15884,abl_no_seed,100,-,164,168.34450000000015,394,0.009
15884,abl_no_seed,25,-,63,77.61196666666669,87,0.002
15884,abl_no_seed,50,-,122,145.21026666666677,200,0.008
15884,abl_no_seed,75,-,151,164.25856666666684,302,0.011
16013,abl_no_seed,100,-,142,161.21693333333323,310,0.007
16013,abl_no_seed,25,-,50,82.31096666666667,74,0.002
16013,abl_no_seed,50,-,81,126.00986666666667,154,0.004
16013,abl_no_seed,75,-,115,147.17646666666658,235,0.007
16231,abl_no_seed,100,-,249,239.84083333333334,545,0.008
16231,abl_no_seed,25,-,93,114.34349999999998,136,0.006
16231,abl_no_seed,50,-,182,189.83733333333333,274,0.009
16231,abl_no_seed,75,-,226,226.69033333333337,411,0.012
16232,abl_no_seed,100,-,153,131.2747,381,0.007
16232,abl_no_seed,25,-,55,56.89563333333333,91,0.002
16232,abl_no_seed,50,-,107,110.44210000000001,185,0.006
16232,abl_no_seed,75,-,136,128.1229,289,0.007
16301,abl_no_seed,100,-,102,79.20040000000003,243,0.009
16301,abl_no_seed,25,-,34,29.953966666666663,60,0.001
16301,abl_no_seed,50,-,65,58.303233333333345,117,0.002
16301,abl_no_seed,75,-,90,71.74020000000003,181,0.004
16329,abl_no_seed,100,-,134,100.71936666666667,289,0.009
16329,abl_no_seed,25,-,45,37.05090000000001,73,0.002
16329,abl_no_seed,50,-,89,76.69050000000001,154,0.006
16329,abl_no_seed,75,-,107,87.57423333333332,232,0.006
16504,abl_no_seed,100,-,59,40.773933333333325,149,0.003
16504,abl_no_seed,25,-,13,11.756333333333334,20,0.0
16504,abl_no_seed,50,-,33,27.296799999999998,55,0.001
16504,abl_no_seed,75,-,54,39.18623333333333,112,0.003
20418,abl_no_seed,100,-,126,117.65623333333333,238,0.008
20418,abl_no_seed,25,-,32,31.40976666666667,49,0.001
20418,abl_no_seed,50,-,78,74.95663333333334,133,0.004
20418,abl_no_seed,75,-,108,100.82026666666667,183,0.005
10781,abl_ratio_only,100,-,279,467.45326666666665,636,0.007
10781,abl_ratio_only,25,-,125,283.1769999999999,156,0.005
10781,abl_ratio_only,50,-,216,414.70930000000004,322,0.006
10781,abl_ratio_only,75,-,258,455.9924000000001,489,0.007
10793,abl_ratio_only,100,-,84,180.39229999999995,208,0.002
10793,abl_ratio_only,25,-,20,51.0426,28,0.0
10793,abl_ratio_only,50,-,52,118.35419999999999,87,0.001
10793,abl_ratio_only,75,-,69,156.53419999999997,163,0.002
10803,abl_ratio_only,100,-,194,294.17709999999994,430,0.006
10803,abl_ratio_only,25,-,79,179.11086666666668,107,0.003
10803,abl_ratio_only,50,-,137,250.11229999999998,215,0.005
10803,abl_ratio_only,75,-,173,282.39543333333324,323,0.006
10842,abl_ratio_only,100,-,155,232.33206666666663,360,0.004
10842,abl_ratio_only,25,-,54,113.81563333333335,88,0.002
10842,abl_ratio_only,50,-,110,186.65276666666665,182,0.003
10842,abl_ratio_only,75,-,138,221.0112333333333,279,0.004
10860,abl_ratio_only,100,-,278,367.1986000000003,538,0.008
10860,abl_ratio_only,25,-,125,200.19933333333339,138,0.005
10860,abl_ratio_only,50,-,205,308.4255666666669,272,0.006
10860,abl_ratio_only,75,-,251,349.3273333333335,416,0.007
10866,abl_ratio_only,100,-,139,221.09806666666674,275,0.004
10866,abl_ratio_only,25,-,42,85.07616666666667,64,0.001
10866,abl_ratio_only,50,-,89,162.21686666666668,131,0.003
10866,abl_ratio_only,75,-,115,200.3705,203,0.003
10869,abl_ratio_only,100,-,76,123.65416666666668,181,0.002
10869,abl_ratio_only,25,-,17,32.9586,41,0.0
10869,abl_ratio_only,50,-,40,77.11466666666665,67,0.001
10869,abl_ratio_only,75,-,61,106.08496666666665,132,0.002
10892,abl_ratio_only,100,-,146,274.5600000000002,337,0.003
10892,abl_ratio_only,25,-,50,101.88189999999999,89,0.001
10892,abl_ratio_only,50,-,104,213.45920000000007,185,0.003
10892,abl_ratio_only,75,-,132,256.23510000000016,263,0.003
10925,abl_ratio_only,100,-,59,111.60010000000003,140,0.002
10925,abl_ratio_only,25,-,12,19.9448,19,0.0
10925,abl_ratio_only,50,-,29,62.925933333333326,54,0.001
10925,abl_ratio_only,75,-,41,89.28303333333334,83,0.002
10942,abl_ratio_only,100,-,135,238.65229999999994,280,0.004
10942,abl_ratio_only,25,-,37,75.04979999999999,50,0.001
10942,abl_ratio_only,50,-,89,171.3493666666667,127,0.003
10942,abl_ratio_only,75,-,119,216.669,212,0.003
10954,abl_ratio_only,100,-,190,178.38933333333333,410,0.004
10954,abl_ratio_only,25,-,68,76.69996666666668,101,0.002
10954,abl_ratio_only,50,-,127,128.5245,206,0.003
10954,abl_ratio_only,75,-,165,162.8937,318,0.004
10963,abl_ratio_only,100,-,157,216.74806666666666,360,0.005
10963,abl_ratio_only,25,-,54,89.42406666666669,85,0.002
10963,abl_ratio_only,50,-,112,182.77346666666668,166,0.004
10963,abl_ratio_only,75,-,146,210.25433333333334,268,0.004
10966,abl_ratio_only,100,-,42,47.2472,58,0.001
10966,abl_ratio_only,25,-,9,8.4649,16,0.0
10966,abl_ratio_only,50,-,17,25.464700000000004,24,0.001
10966,abl_ratio_only,75,-,31,40.042633333333335,48,0.001
10985,abl_ratio_only,100,-,151,193.86919999999998,339,0.005
10985,abl_ratio_only,25,-,56,96.25796666666665,83,0.002
10985,abl_ratio_only,50,-,102,144.81359999999995,170,0.004
10985,abl_ratio_only,75,-,135,183.58449999999996,247,0.005
10997,abl_ratio_only,100,-,294,367.68466666666677,602,0.007
10997,abl_ratio_only,25,-,105,175.34633333333338,149,0.005
10997,abl_ratio_only,50,-,206,290.77770000000004,297,0.006
10997,abl_ratio_only,75,-,263,338.7885,452,0.007
11000,abl_ratio_only,100,-,115,223.71506666666664,309,0.003
11000,abl_ratio_only,25,-,34,69.52966666666667,76,0.001
11000,abl_ratio_only,50,-,84,183.28443333333334,146,0.002
11000,abl_ratio_only,75,-,99,206.60913333333335,228,0.002
11005,abl_ratio_only,100,-,199,401.72583333333347,440,0.006
11005,abl_ratio_only,25,-,80,198.35503333333332,102,0.003
11005,abl_ratio_only,50,-,149,328.45523333333347,215,0.005
11005,abl_ratio_only,75,-,184,386.8009333333335,328,0.006
11015,abl_ratio_only,100,-,272,255.22363333333328,597,0.007
11015,abl_ratio_only,25,-,120,128.46733333333333,149,0.005
11015,abl_ratio_only,50,-,203,198.1129,298,0.006
11015,abl_ratio_only,75,-,248,237.3413333333333,451,0.007
11018,abl_ratio_only,100,-,249,248.80076666666668,534,0.007
11018,abl_ratio_only,25,-,101,123.02336666666669,132,0.004
11018,abl_ratio_only,50,-,186,208.5698333333333,268,0.006
11018,abl_ratio_only,75,-,225,235.71526666666662,399,0.007
11046,abl_ratio_only,100,-,204,271.21493333333336,456,0.006
11046,abl_ratio_only,25,-,89,175.60916666666665,115,0.003
11046,abl_ratio_only,50,-,149,231.56193333333331,237,0.006
11046,abl_ratio_only,75,-,188,262.65396666666663,344,0.006
11072,abl_ratio_only,100,-,73,149.1912,171,0.002
11072,abl_ratio_only,25,-,12,29.8888,21,0.0
11072,abl_ratio_only,50,-,36,83.7206,91,0.001
11072,abl_ratio_only,75,-,61,133.85046666666665,138,0.002
11086,abl_ratio_only,100,-,65,40.19503333333333,167,0.002
11086,abl_ratio_only,25,-,12,7.032066666666666,20,0.0
11086,abl_ratio_only,50,-,42,25.102866666666667,72,0.001
11086,abl_ratio_only,75,-,56,37.7832,91,0.001
11113,abl_ratio_only,100,-,136,214.72956666666664,293,0.004
11113,abl_ratio_only,25,-,54,91.3065333333333,83,0.001
11113,abl_ratio_only,50,-,96,178.10596666666666,161,0.003
11113,abl_ratio_only,75,-,122,205.2180666666667,236,0.003
11116,abl_ratio_only,100,-,161,130.07586666666668,390,0.004
11116,abl_ratio_only,25,-,57,50.66353333333333,96,0.002
11116,abl_ratio_only,50,-,120,101.61033333333334,188,0.003
11116,abl_ratio_only,75,-,148,121.89883333333337,293,0.003
11122,abl_ratio_only,100,-,169,167.44446666666664,386,0.005
11122,abl_ratio_only,25,-,65,83.67473333333335,88,0.002
11122,abl_ratio_only,50,-,125,146.62756666666664,192,0.004
11122,abl_ratio_only,75,-,154,163.55939999999995,294,0.005
11125,abl_ratio_only,100,-,195,175.7057666666667,453,0.005
11125,abl_ratio_only,25,-,82,91.11063333333333,112,0.003
11125,abl_ratio_only,50,-,144,151.45396666666667,221,0.004
11125,abl_ratio_only,75,-,179,168.57173333333336,346,0.005
11133,abl_ratio_only,100,-,58,81.16516666666665,138,0.003
11133,abl_ratio_only,25,-,22,31.57186666666667,29,0.001
11133,abl_ratio_only,50,-,43,66.12606666666667,74,0.001
11133,abl_ratio_only,75,-,51,75.46146666666664,100,0.002
11150,abl_ratio_only,100,-,68,48.028600000000004,173,0.002
11150,abl_ratio_only,25,-,11,9.275933333333333,21,0.0
11150,abl_ratio_only,50,-,41,33.0588,62,0.001
11150,abl_ratio_only,75,-,58,45.506400000000006,115,0.001
11160,abl_ratio_only,100,-,236,249.9780666666667,542,0.005
11160,abl_ratio_only,25,-,98,130.74036666666666,131,0.003
11160,abl_ratio_only,50,-,173,200.1569333333334,264,0.004
11160,abl_ratio_only,75,-,214,233.9607333333334,403,0.005
11177,abl_ratio_only,100,-,276,265.5990999999999,533,0.008
11177,abl_ratio_only,25,-,103,120.31966666666666,129,0.004
11177,abl_ratio_only,50,-,194,206.0450333333333,265,0.006
11177,abl_ratio_only,75,-,240,244.56019999999995,383,0.007
11186,abl_ratio_only,100,-,51,28.312399999999997,156,0.001
11186,abl_ratio_only,25,-,3,2.481133333333333,9,0.0
11186,abl_ratio_only,50,-,26,16.770633333333333,54,0.0
11186,abl_ratio_only,75,-,39,24.247833333333332,75,0.001
11191,abl_ratio_only,100,-,93,74.4943,226,0.003
11191,abl_ratio_only,25,-,26,24.03016666666667,37,0.001
11191,abl_ratio_only,50,-,63,56.27396666666667,107,0.002
11191,abl_ratio_only,75,-,81,68.32406666666667,153,0.003
11207,abl_ratio_only,100,-,128,164.4848,307,0.003
11207,abl_ratio_only,25,-,33,61.71929999999999,38,0.001
11207,abl_ratio_only,50,-,85,121.35826666666665,145,0.003
11207,abl_ratio_only,75,-,103,144.63860000000003,219,0.003
11211,abl_ratio_only,100,-,84,156.39919999999998,210,0.002
11211,abl_ratio_only,25,-,19,42.414500000000004,41,0.001
11211,abl_ratio_only,50,-,54,126.39933333333333,104,0.001
11211,abl_ratio_only,75,-,79,152.10076666666666,150,0.002
11230,abl_ratio_only,100,-,149,148.02606666666668,362,0.004
11230,abl_ratio_only,25,-,50,58.60043333333333,88,0.001
11230,abl_ratio_only,50,-,96,110.87953333333334,167,0.003
11230,abl_ratio_only,75,-,126,136.6856,263,0.004
11231,abl_ratio_only,100,-,195,212.9249000000001,502,0.005
11231,abl_ratio_only,25,-,81,125.55439999999999,112,0.003
11231,abl_ratio_only,50,-,136,178.3320666666667,247,0.004
11231,abl_ratio_only,75,-,167,204.96286666666674,369,0.005
11266,abl_ratio_only,100,-,249,248.3989333333333,513,0.006
11266,abl_ratio_only,25,-,93,100.38193333333334,128,0.004
11266,abl_ratio_only,50,-,178,180.23610000000005,262,0.005
11266,abl_ratio_only,75,-,219,218.96856666666667,378,0.006
11275,abl_ratio_only,100,-,273,279.85860000000014,540,0.007
11275,abl_ratio_only,25,-,103,119.5163,136,0.004
11275,abl_ratio_only,50,-,191,203.4485333333333,269,0.005
11275,abl_ratio_only,75,-,237,249.15046666666666,404,0.006
11283,abl_ratio_only,100,-,212,245.50859999999997,481,0.006
11283,abl_ratio_only,25,-,83,129.94943333333333,117,0.003
11283,abl_ratio_only,50,-,167,211.8117666666667,246,0.005
11283,abl_ratio_only,75,-,195,234.76306666666667,370,0.006
11288,abl_ratio_only,100,-,307,357.55026666666646,548,0.008
11288,abl_ratio_only,25,-,115,161.66020000000003,134,0.005
11288,abl_ratio_only,50,-,221,276.75199999999995,267,0.007
11288,abl_ratio_only,75,-,276,330.8132333333333,409,0.008
11304,abl_ratio_only,100,-,284,253.7096666666666,599,0.006
11304,abl_ratio_only,25,-,119,113.1111,145,0.004
11304,abl_ratio_only,50,-,203,189.97116666666662,299,0.005
11304,abl_ratio_only,75,-,262,239.17306666666659,446,0.006
11307,abl_ratio_only,100,-,196,172.04286666666667,432,0.005
11307,abl_ratio_only,25,-,82,75.93586666666667,105,0.002
11307,abl_ratio_only,50,-,140,125.86336666666669,203,0.004
11307,abl_ratio_only,75,-,184,160.12490000000005,320,0.005
11336,abl_ratio_only,100,-,350,346.1964333333333,665,0.009
11336,abl_ratio_only,25,-,143,160.33389999999997,163,0.006
11336,abl_ratio_only,50,-,247,257.07003333333336,336,0.008
11336,abl_ratio_only,75,-,311,316.72546666666665,486,0.008
11337,abl_ratio_only,100,-,338,350.85766666666655,636,0.01
11337,abl_ratio_only,25,-,128,146.61033333333336,156,0.006
11337,abl_ratio_only,50,-,246,262.04313333333334,326,0.008
11337,abl_ratio_only,75,-,305,319.7750666666666,476,0.009
11345,abl_ratio_only,100,-,326,356.2060333333335,637,0.008
11345,abl_ratio_only,25,-,127,163.74273333333332,151,0.006
11345,abl_ratio_only,50,-,229,263.84296666666665,319,0.007
11345,abl_ratio_only,75,-,296,327.6562000000002,473,0.008
11346,abl_ratio_only,100,-,295,309.8185000000001,621,0.007
11346,abl_ratio_only,25,-,115,143.98333333333332,146,0.005
11346,abl_ratio_only,50,-,210,233.92930000000004,305,0.006
11346,abl_ratio_only,75,-,264,284.6498000000001,454,0.006
11359,abl_ratio_only,100,-,303,485.0980666666666,596,0.008
11359,abl_ratio_only,25,-,118,253.16413333333333,142,0.005
11359,abl_ratio_only,50,-,210,382.4649,294,0.006
11359,abl_ratio_only,75,-,275,452.82939999999985,446,0.007
11372,abl_ratio_only,100,-,210,174.40810000000002,471,0.005
11372,abl_ratio_only,25,-,88,75.32519999999997,115,0.003
11372,abl_ratio_only,50,-,156,137.32486666666662,241,0.004
11372,abl_ratio_only,75,-,190,164.6504,353,0.005
11384,abl_ratio_only,100,-,216,190.06033333333332,400,0.006
11384,abl_ratio_only,25,-,84,77.70696666666666,97,0.003
11384,abl_ratio_only,50,-,148,133.82063333333332,200,0.005
11384,abl_ratio_only,75,-,198,174.56449999999998,299,0.006
11391,abl_ratio_only,100,-,233,392.71659999999986,497,0.007
11391,abl_ratio_only,25,-,85,183.5476333333333,120,0.003
11391,abl_ratio_only,50,-,170,325.0520999999999,245,0.005
11391,abl_ratio_only,75,-,208,370.94833333333315,363,0.006
11392,abl_ratio_only,100,-,210,255.7678666666666,403,0.006
11392,abl_ratio_only,25,-,82,124.48646666666669,106,0.003
11392,abl_ratio_only,50,-,150,210.82959999999997,213,0.004
11392,abl_ratio_only,75,-,181,236.2328666666666,294,0.006
11403,abl_ratio_only,100,-,234,411.81103333333334,449,0.006
11403,abl_ratio_only,25,-,81,160.13,108,0.003
11403,abl_ratio_only,50,-,170,308.2800666666666,232,0.004
11403,abl_ratio_only,75,-,210,381.36296666666675,343,0.005
11420,abl_ratio_only,100,-,185,195.09806666666657,429,0.004
11420,abl_ratio_only,25,-,69,87.75420000000001,101,0.002
11420,abl_ratio_only,50,-,132,160.79269999999994,218,0.004
11420,abl_ratio_only,75,-,166,184.63639999999995,335,0.004
11421,abl_ratio_only,100,-,234,202.22253333333333,519,0.006
11421,abl_ratio_only,25,-,101,98.87389999999996,128,0.004
11421,abl_ratio_only,50,-,177,161.77236666666676,252,0.006
11421,abl_ratio_only,75,-,213,190.2007666666667,392,0.006
11437,abl_ratio_only,100,-,229,204.67363333333338,496,0.004
11437,abl_ratio_only,25,-,96,89.47736666666665,122,0.002
11437,abl_ratio_only,50,-,173,160.87493333333336,249,0.004
11437,abl_ratio_only,75,-,213,193.7581,380,0.004
11451,abl_ratio_only,100,-,258,311.75263333333316,546,0.007
11451,abl_ratio_only,25,-,107,158.42353333333338,136,0.004
11451,abl_ratio_only,50,-,182,246.77129999999997,270,0.006
11451,abl_ratio_only,75,-,227,292.3599,408,0.007
11452,abl_ratio_only,100,-,247,315.66623333333337,534,0.007
11452,abl_ratio_only,25,-,97,164.12703333333332,133,0.004
11452,abl_ratio_only,50,-,179,260.69986666666665,266,0.006
11452,abl_ratio_only,75,-,223,301.6515666666668,393,0.007
11481,abl_ratio_only,100,-,253,345.6721333333333,526,0.007
11481,abl_ratio_only,25,-,94,184.88453333333334,122,0.004
11481,abl_ratio_only,50,-,157,259.4285666666667,257,0.006
11481,abl_ratio_only,75,-,220,318.0921,385,0.007
11482,abl_ratio_only,100,-,273,538.3854,518,0.007
11482,abl_ratio_only,25,-,108,260.94469999999995,134,0.004
11482,abl_ratio_only,50,-,204,423.93843333333314,251,0.006
11482,abl_ratio_only,75,-,244,511.08223333333314,397,0.007
11491,abl_ratio_only,100,-,148,175.28916666666663,344,0.003
11491,abl_ratio_only,25,-,51,63.054633333333335,86,0.001
11491,abl_ratio_only,50,-,99,132.4379,169,0.002
11491,abl_ratio_only,75,-,134,165.36256666666662,251,0.003
11511,abl_ratio_only,100,-,57,85.91843333333334,144,0.002
11511,abl_ratio_only,25,-,9,7.8496,19,0.0
11511,abl_ratio_only,50,-,24,43.840199999999996,37,0.001
11511,abl_ratio_only,75,-,42,69.19103333333335,79,0.001
11553,abl_ratio_only,100,-,184,152.6976,399,0.004
11553,abl_ratio_only,25,-,65,60.84336666666666,99,0.002
11553,abl_ratio_only,50,-,124,109.55703333333334,183,0.004
11553,abl_ratio_only,75,-,161,138.03993333333332,288,0.004
11556,abl_ratio_only,100,-,259,239.95953333333324,561,0.007
11556,abl_ratio_only,25,-,107,109.9449,133,0.004
11556,abl_ratio_only,50,-,186,183.06856666666664,270,0.006
11556,abl_ratio_only,75,-,237,219.71339999999992,415,0.007
11610,abl_ratio_only,100,-,129,123.97983333333333,251,0.004
11610,abl_ratio_only,25,-,29,29.0,33,0.001
11610,abl_ratio_only,50,-,72,69.7609,126,0.003
11610,abl_ratio_only,75,-,109,105.88026666666667,182,0.003
11631,abl_ratio_only,100,-,123,97.80953333333332,318,0.002
11631,abl_ratio_only,25,-,37,31.79123333333333,73,0.001
11631,abl_ratio_only,50,-,91,75.10186666666664,154,0.002
11631,abl_ratio_only,75,-,107,88.37750000000001,235,0.002
11639,abl_ratio_only,100,-,246,289.7560666666666,577,0.007
11639,abl_ratio_only,25,-,98,146.98430000000002,139,0.004
11639,abl_ratio_only,50,-,190,247.05836666666661,284,0.006
11639,abl_ratio_only,75,-,225,279.87693333333306,441,0.006
11680,abl_ratio_only,100,-,145,226.24219999999997,316,0.004
11680,abl_ratio_only,25,-,51,96.9929,81,0.001
11680,abl_ratio_only,50,-,88,171.56136666666663,155,0.003
11680,abl_ratio_only,75,-,127,208.43153333333333,237,0.004
11690,abl_ratio_only,100,-,142,136.0019333333333,272,0.004
11690,abl_ratio_only,25,-,34,33.8755,38,0.001
11690,abl_ratio_only,50,-,86,84.24889999999999,126,0.003
11690,abl_ratio_only,75,-,122,117.12513333333334,205,0.003
11702,abl_ratio_only,100,-,207,316.76569999999987,468,0.006
11702,abl_ratio_only,25,-,77,163.94313333333335,117,0.003
11702,abl_ratio_only,50,-,144,250.99200000000005,233,0.005
11702,abl_ratio_only,75,-,191,303.4775666666666,351,0.005
11703,abl_ratio_only,100,-,186,280.70730000000003,487,0.005
11703,abl_ratio_only,25,-,66,113.63146666666665,119,0.002
11703,abl_ratio_only,50,-,134,233.29389999999998,242,0.004
11703,abl_ratio_only,75,-,167,268.2626333333333,353,0.004
11712,abl_ratio_only,100,-,177,184.79739999999995,340,0.006
11712,abl_ratio_only,25,-,62,81.74346666666668,76,0.002
11712,abl_ratio_only,50,-,120,139.84580000000003,166,0.005
11712,abl_ratio_only,75,-,153,171.70126666666667,259,0.006
11714,abl_ratio_only,100,-,176,181.66286666666673,366,0.005
11714,abl_ratio_only,25,-,52,72.41313333333333,87,0.002
11714,abl_ratio_only,50,-,114,139.57293333333334,179,0.004
11714,abl_ratio_only,75,-,145,166.38110000000003,262,0.005
11725,abl_ratio_only,100,-,219,261.2848666666667,471,0.005
11725,abl_ratio_only,25,-,91,147.66216666666668,118,0.003
11725,abl_ratio_only,50,-,161,217.6324666666667,239,0.004
11725,abl_ratio_only,75,-,198,248.13596666666663,338,0.005
11768,abl_ratio_only,100,-,68,62.7293,150,0.002
11768,abl_ratio_only,25,-,13,11.616566666666667,21,0.0
11768,abl_ratio_only,50,-,31,29.616566666666667,39,0.001
11768,abl_ratio_only,75,-,52,49.534166666666664,78,0.001
11823,abl_ratio_only,100,-,176,271.61656666666664,463,0.004
11823,abl_ratio_only,25,-,63,162.11816666666664,115,0.002
11823,abl_ratio_only,50,-,123,233.33729999999994,232,0.004
11823,abl_ratio_only,75,-,153,258.9241,344,0.004
11826,abl_ratio_only,100,-,59,91.52599999999998,127,0.002
11826,abl_ratio_only,25,-,11,8.555733333333333,19,0.0
11826,abl_ratio_only,50,-,25,38.15593333333334,52,0.001
11826,abl_ratio_only,75,-,49,73.63879999999999,111,0.001
11836,abl_ratio_only,100,-,155,319.51013333333344,321,0.003
11836,abl_ratio_only,25,-,49,107.25609999999999,81,0.001
11836,abl_ratio_only,50,-,104,241.6536666666667,156,0.003
11836,abl_ratio_only,75,-,133,284.75903333333343,249,0.003
11842,abl_ratio_only,100,-,129,117.41886666666666,308,0.004
11842,abl_ratio_only,25,-,45,57.77739999999999,80,0.001
11842,abl_ratio_only,50,-,87,92.28166666666668,154,0.003
11842,abl_ratio_only,75,-,111,109.30309999999999,241,0.004
11868,abl_ratio_only,100,-,207,236.6500666666667,513,0.006
11868,abl_ratio_only,25,-,92,139.00943333333333,123,0.003
11868,abl_ratio_only,50,-,157,208.82906666666665,245,0.005
11868,abl_ratio_only,75,-,191,228.7735,380,0.005
11876,abl_ratio_only,100,-,178,253.11036666666666,348,0.006
11876,abl_ratio_only,25,-,63,122.80130000000001,91,0.002
11876,abl_ratio_only,50,-,126,192.16873333333334,184,0.004
11876,abl_ratio_only,75,-,163,239.06516666666667,274,0.005
11905,abl_ratio_only,100,-,144,255.36066666666665,276,0.004
11905,abl_ratio_only,25,-,49,87.28586666666669,68,0.001
11905,abl_ratio_only,50,-,92,199.89119999999994,136,0.003
11905,abl_ratio_only,75,-,130,240.7279333333333,221,0.004
11999,abl_ratio_only,100,-,170,238.5556666666667,409,0.005
11999,abl_ratio_only,25,-,66,126.76716666666665,103,0.002
11999,abl_ratio_only,50,-,119,202.13306666666668,202,0.004
11999,abl_ratio_only,75,-,154,228.21826666666672,308,0.004
12003,abl_ratio_only,100,-,227,275.29416666666674,512,0.006
12003,abl_ratio_only,25,-,90,145.53346666666667,120,0.003
12003,abl_ratio_only,50,-,167,240.44043333333343,250,0.005
12003,abl_ratio_only,75,-,206,264.49096666666674,387,0.006
12016,abl_ratio_only,100,-,106,84.41006666666668,220,0.003
12016,abl_ratio_only,25,-,26,20.284033333333333,40,0.001
12016,abl_ratio_only,50,-,72,60.933866666666674,112,0.002
12016,abl_ratio_only,75,-,92,74.86483333333334,170,0.003
12017,abl_ratio_only,100,-,138,109.95626666666664,357,0.003
12017,abl_ratio_only,25,-,44,38.33903333333333,64,0.001
12017,abl_ratio_only,50,-,92,79.78920000000001,154,0.003
12017,abl_ratio_only,75,-,117,98.8116333333333,260,0.003
12024,abl_ratio_only,100,-,164,114.57066666666664,380,0.004
12024,abl_ratio_only,25,-,60,49.4554,94,0.002
12024,abl_ratio_only,50,-,112,88.29406666666664,197,0.003
12024,abl_ratio_only,75,-,146,107.1999,289,0.004
12034,abl_ratio_only,100,-,115,250.9960333333333,291,0.003
12034,abl_ratio_only,25,-,33,65.96373333333334,70,0.001
12034,abl_ratio_only,50,-,81,190.52426666666668,140,0.002
12034,abl_ratio_only,75,-,101,229.14499999999995,205,0.002
12036,abl_ratio_only,100,-,96,69.21273333333333,220,0.003
12036,abl_ratio_only,25,-,27,23.149033333333332,41,0.001
12036,abl_ratio_only,50,-,64,49.52636666666666,108,0.002
12036,abl_ratio_only,75,-,81,62.65886666666667,151,0.003
12045,abl_ratio_only,100,-,84,74.20716666666668,196,0.003
12045,abl_ratio_only,25,-,26,26.85713333333333,40,0.001
12045,abl_ratio_only,50,-,47,51.12639999999999,97,0.001
12045,abl_ratio_only,75,-,76,68.3066,169,0.002
12047,abl_ratio_only,100,-,67,85.57230000000004,183,0.002
12047,abl_ratio_only,25,-,14,12.030199999999999,23,0.0
12047,abl_ratio_only,50,-,43,56.45290000000001,102,0.001
12047,abl_ratio_only,75,-,57,80.33983333333337,134,0.001
12069,abl_ratio_only,100,-,76,52.822066666666686,165,0.002
12069,abl_ratio_only,25,-,11,8.579633333333334,26,0.0
12069,abl_ratio_only,50,-,47,36.174600000000005,92,0.001
12069,abl_ratio_only,75,-,66,47.76793333333335,135,0.002
12077,abl_ratio_only,100,-,180,193.25066666666675,401,0.004
12077,abl_ratio_only,25,-,66,97.9302,89,0.002
12077,abl_ratio_only,50,-,126,155.4468666666667,206,0.003
12077,abl_ratio_only,75,-,159,180.40673333333336,304,0.004
12078,abl_ratio_only,100,-,252,343.59376666666674,524,0.007
12078,abl_ratio_only,25,-,103,180.05903333333333,133,0.004
12078,abl_ratio_only,50,-,186,284.58159999999987,262,0.006
12078,abl_ratio_only,75,-,227,327.6793333333333,387,0.006
12081,abl_ratio_only,100,-,309,391.0280666666667,636,0.008
12081,abl_ratio_only,25,-,128,192.02870000000001,156,0.005
12081,abl_ratio_only,50,-,225,308.4538000000001,314,0.007
12081,abl_ratio_only,75,-,279,363.2758333333334,474,0.008
12087,abl_ratio_only,100,-,149,119.74296666666666,349,0.004
12087,abl_ratio_only,25,-,54,50.87563333333333,91,0.002
12087,abl_ratio_only,50,-,99,88.72836666666666,163,0.003
12087,abl_ratio_only,75,-,129,111.30176666666665,261,0.004
12091,abl_ratio_only,100,-,62,52.37380000000002,129,0.001
12091,abl_ratio_only,25,-,5,3.7376333333333336,21,0.0
12091,abl_ratio_only,50,-,37,33.96353333333333,62,0.0
12091,abl_ratio_only,75,-,50,44.4072,80,0.001
12093,abl_ratio_only,100,-,79,66.39306666666667,190,0.002
12093,abl_ratio_only,25,-,14,9.438266666666665,38,0.0
12093,abl_ratio_only,50,-,49,43.59546666666666,73,0.001
12093,abl_ratio_only,75,-,72,61.40646666666666,151,0.002
12126,abl_ratio_only,100,-,91,90.15890000000005,227,0.002
12126,abl_ratio_only,25,-,19,34.05166666666667,46,0.0
12126,abl_ratio_only,50,-,54,61.42710000000001,126,0.001
12126,abl_ratio_only,75,-,78,83.0814666666667,173,0.002
12133,abl_ratio_only,100,-,85,73.79813333333335,129,0.003
12133,abl_ratio_only,25,-,27,26.438633333333335,33,0.001
12133,abl_ratio_only,50,-,55,52.20823333333334,66,0.002
12133,abl_ratio_only,75,-,73,64.6456666666667,123,0.003
12134,abl_ratio_only,100,-,108,89.61113333333333,246,0.003
12134,abl_ratio_only,25,-,27,24.686366666666668,42,0.001
12134,abl_ratio_only,50,-,69,62.10559999999999,112,0.002
12134,abl_ratio_only,75,-,90,78.38750000000002,164,0.003
12168,abl_ratio_only,100,-,124,188.6687666666667,326,0.003
12168,abl_ratio_only,25,-,41,68.58370000000001,72,0.001
12168,abl_ratio_only,50,-,91,159.62063333333336,166,0.003
12168,abl_ratio_only,75,-,111,183.09550000000004,241,0.003
12182,abl_ratio_only,100,-,136,210.93150000000006,344,0.003
12182,abl_ratio_only,25,-,47,94.12836666666668,83,0.001
12182,abl_ratio_only,50,-,96,182.02183333333338,173,0.002
12182,abl_ratio_only,75,-,125,204.45070000000013,277,0.003
12214,abl_ratio_only,100,-,274,196.42056666666676,607,0.008
12214,abl_ratio_only,25,-,117,97.89430000000002,148,0.005
12214,abl_ratio_only,50,-,198,163.14683333333335,298,0.006
12214,abl_ratio_only,75,-,239,187.0273666666667,459,0.007
12221,abl_ratio_only,100,-,139,180.29370000000006,263,0.005
12221,abl_ratio_only,25,-,51,75.94353333333332,65,0.001
12221,abl_ratio_only,50,-,92,137.6692666666667,136,0.003
12221,abl_ratio_only,75,-,127,168.73313333333337,204,0.005
12224,abl_ratio_only,100,-,162,274.2961666666666,366,0.005
12224,abl_ratio_only,25,-,57,124.8158666666667,87,0.002
12224,abl_ratio_only,50,-,114,215.93646666666666,179,0.004
12224,abl_ratio_only,75,-,145,259.6163666666665,268,0.005
12238,abl_ratio_only,100,-,59,117.52546666666666,124,0.002
12238,abl_ratio_only,25,-,7,16.7968,15,0.0
12238,abl_ratio_only,50,-,22,55.5042,30,0.001
12238,abl_ratio_only,75,-,41,89.85336666666669,100,0.001
12276,abl_ratio_only,100,-,214,491.4879,425,0.006
12276,abl_ratio_only,25,-,83,234.71186666666665,106,0.003
12276,abl_ratio_only,50,-,142,383.7233999999999,213,0.005
12276,abl_ratio_only,75,-,188,456.5338666666666,332,0.006
12298,abl_ratio_only,100,-,121,238.74480000000005,273,0.005
12298,abl_ratio_only,25,-,46,113.28380000000004,60,0.001
12298,abl_ratio_only,50,-,77,179.42249999999999,134,0.003
12298,abl_ratio_only,75,-,108,222.89280000000002,202,0.004
12324,abl_ratio_only,100,-,217,481.96446666666657,480,0.005
12324,abl_ratio_only,25,-,86,227.9584,120,0.002
12324,abl_ratio_only,50,-,154,368.3238666666667,239,0.004
12324,abl_ratio_only,75,-,199,457.19643333333335,356,0.005
12327,abl_ratio_only,100,-,257,673.1600999999999,534,0.006
12327,abl_ratio_only,25,-,106,292.57470000000006,132,0.004
12327,abl_ratio_only,50,-,186,498.07263333333344,269,0.006
12327,abl_ratio_only,75,-,241,639.5317000000001,413,0.006
12365,abl_ratio_only,100,-,211,414.4413999999999,465,0.005
12365,abl_ratio_only,25,-,88,202.78230000000002,110,0.003
12365,abl_ratio_only,50,-,152,306.1056999999999,222,0.005
12365,abl_ratio_only,75,-,190,373.8885333333333,337,0.005
12389,abl_ratio_only,100,-,181,361.88273333333336,375,0.006
12389,abl_ratio_only,25,-,74,176.11340000000004,96,0.003
12389,abl_ratio_only,50,-,139,297.32483333333334,193,0.005
12389,abl_ratio_only,75,-,167,348.5209000000001,289,0.006
12437,abl_ratio_only,100,-,278,359.1043333333334,577,0.007
12437,abl_ratio_only,25,-,118,181.27636666666666,140,0.004
12437,abl_ratio_only,50,-,200,275.78030000000007,277,0.006
12437,abl_ratio_only,75,-,251,329.3176666666667,430,0.006
12440,abl_ratio_only,100,-,153,242.3015000000001,301,0.006
12440,abl_ratio_only,25,-,58,94.93826666666665,72,0.002
12440,abl_ratio_only,50,-,111,188.2055,154,0.004
12440,abl_ratio_only,75,-,139,229.17526666666674,227,0.005
12469,abl_ratio_only,100,-,201,256.69939999999997,452,0.006
12469,abl_ratio_only,25,-,82,153.69626666666665,109,0.003
12469,abl_ratio_only,50,-,144,222.3937333333333,228,0.005
12469,abl_ratio_only,75,-,182,250.38493333333324,355,0.005
12493,abl_ratio_only,100,-,113,105.52720000000001,264,0.003
12493,abl_ratio_only,25,-,36,36.06753333333332,70,0.001
12493,abl_ratio_only,50,-,75,75.49173333333334,126,0.002
12493,abl_ratio_only,75,-,97,95.40116666666668,199,0.002
12501,abl_ratio_only,100,-,60,139.9657,148,0.002
12501,abl_ratio_only,25,-,13,36.4532,19,0.0
12501,abl_ratio_only,50,-,33,90.01780000000001,43,0.001
12501,abl_ratio_only,75,-,48,125.75140000000003,85,0.002
12512,abl_ratio_only,100,-,79,60.70186666666665,175,0.002
12512,abl_ratio_only,25,-,27,21.151200000000003,33,0.001
12512,abl_ratio_only,50,-,40,31.21886666666667,69,0.001
12512,abl_ratio_only,75,-,60,49.01233333333332,131,0.002
12514,abl_ratio_only,100,-,50,40.60689999999999,96,0.001
12514,abl_ratio_only,25,-,11,9.662266666666667,16,0.0
12514,abl_ratio_only,50,-,22,18.597600000000003,37,0.001
12514,abl_ratio_only,75,-,39,32.859733333333324,75,0.001
12538,abl_ratio_only,100,-,153,284.0935666666667,297,0.005
12538,abl_ratio_only,25,-,51,137.5439,71,0.002
12538,abl_ratio_only,50,-,84,204.7394,153,0.004
12538,abl_ratio_only,75,-,118,257.45083333333326,229,0.005
12544,abl_ratio_only,100,-,172,188.49640000000008,408,0.004
12544,abl_ratio_only,25,-,70,106.09906666666667,98,0.002
12544,abl_ratio_only,50,-,114,149.18380000000005,192,0.004
12544,abl_ratio_only,75,-,147,174.53430000000003,277,0.004
12548,abl_ratio_only,100,-,146,125.04833333333333,334,0.004
12548,abl_ratio_only,25,-,44,48.710999999999984,77,0.001
12548,abl_ratio_only,50,-,99,99.19689999999999,163,0.003
12548,abl_ratio_only,75,-,130,115.87723333333332,256,0.004
12549,abl_ratio_only,100,-,72,58.890299999999975,218,0.002
12549,abl_ratio_only,25,-,11,16.3069,34,0.0
12549,abl_ratio_only,50,-,42,39.77256666666666,103,0.001
12549,abl_ratio_only,75,-,64,55.267033333333316,156,0.001
12558,abl_ratio_only,100,-,40,32.971266666666665,93,0.001
12558,abl_ratio_only,25,-,2,0.6082,15,0.0
12558,abl_ratio_only,50,-,19,17.5258,31,0.0
12558,abl_ratio_only,75,-,36,32.08996666666666,50,0.001
12559,abl_ratio_only,100,-,88,73.6385,208,0.003
12559,abl_ratio_only,25,-,24,22.38093333333333,39,0.001
12559,abl_ratio_only,50,-,51,44.20523333333333,76,0.002
12559,abl_ratio_only,75,-,78,66.03406666666666,167,0.003
12571,abl_ratio_only,100,-,158,243.17506666666662,359,0.005
12571,abl_ratio_only,25,-,67,108.98863333333335,86,0.002
12571,abl_ratio_only,50,-,112,181.791,179,0.004
12571,abl_ratio_only,75,-,144,223.41023333333334,268,0.004
12575,abl_ratio_only,100,-,132,265.31569999999994,310,0.004
12575,abl_ratio_only,25,-,50,117.38259999999998,76,0.001
12575,abl_ratio_only,50,-,91,197.14730000000003,160,0.003
12575,abl_ratio_only,75,-,122,251.88270000000003,237,0.004
12582,abl_ratio_only,100,-,108,99.00036666666668,187,0.003
12582,abl_ratio_only,25,-,23,22.908066666666667,27,0.001
12582,abl_ratio_only,50,-,63,59.129033333333325,79,0.002
12582,abl_ratio_only,75,-,94,86.40646666666667,153,0.003
12592,abl_ratio_only,100,-,75,135.31393333333332,211,0.002
12592,abl_ratio_only,25,-,10,27.5185,25,0.0
12592,abl_ratio_only,50,-,52,103.72213333333332,109,0.001
12592,abl_ratio_only,75,-,68,130.20379999999997,150,0.001
12596,abl_ratio_only,100,-,126,181.81223333333324,280,0.004
12596,abl_ratio_only,25,-,42,70.15456666666668,66,0.001
12596,abl_ratio_only,50,-,87,135.77663333333334,142,0.003
12596,abl_ratio_only,75,-,117,170.07263333333321,199,0.004
12608,abl_ratio_only,100,-,173,133.47436666666667,411,0.004
12608,abl_ratio_only,25,-,65,58.4633,84,0.002
12608,abl_ratio_only,50,-,122,104.90726666666664,196,0.003
12608,abl_ratio_only,75,-,155,125.72299999999997,301,0.004
12639,abl_ratio_only,100,-,362,356.27099999999996,662,0.008
12639,abl_ratio_only,25,-,146,144.6435666666667,171,0.005
12639,abl_ratio_only,50,-,256,252.68066666666667,341,0.007
12639,abl_ratio_only,75,-,327,322.77009999999996,507,0.008
12652,abl_ratio_only,100,-,82,171.46939999999998,198,0.003
12652,abl_ratio_only,25,-,22,58.05839999999999,34,0.001
12652,abl_ratio_only,50,-,44,106.0798,93,0.002
12652,abl_ratio_only,75,-,67,153.9282,145,0.003
12658,abl_ratio_only,100,-,166,206.08460000000008,334,0.005
12658,abl_ratio_only,25,-,62,91.14866666666668,80,0.002
12658,abl_ratio_only,50,-,113,162.2364666666667,170,0.004
12658,abl_ratio_only,75,-,140,190.08193333333338,261,0.005
12673,abl_ratio_only,100,-,55,55.891666666666666,142,0.001
12673,abl_ratio_only,25,-,7,9.514733333333332,17,0.0
12673,abl_ratio_only,50,-,25,33.78083333333333,48,0.0
12673,abl_ratio_only,75,-,37,43.81306666666666,79,0.001
12694,abl_ratio_only,100,-,385,385.0,660,0.009
12694,abl_ratio_only,25,-,154,154.0,165,0.006
12694,abl_ratio_only,50,-,275,275.0,325,0.008
12694,abl_ratio_only,75,-,348,348.0,496,0.009
12695,abl_ratio_only,100,-,383,383.0,680,0.009
12695,abl_ratio_only,25,-,155,155.0,174,0.006
12695,abl_ratio_only,50,-,283,283.0,348,0.008
12695,abl_ratio_only,75,-,352,352.0,510,0.009
12722,abl_ratio_only,100,-,48,45.44196666666666,62,0.002
12722,abl_ratio_only,25,-,9,8.359566666666666,14,0.0
12722,abl_ratio_only,50,-,24,23.359566666666666,29,0.001
12722,abl_ratio_only,75,-,40,39.06713333333333,45,0.001
12727,abl_ratio_only,100,-,128,243.7345666666667,274,0.004
12727,abl_ratio_only,25,-,41,95.63353333333333,56,0.001
12727,abl_ratio_only,50,-,85,176.6061,133,0.003
12727,abl_ratio_only,75,-,115,227.8247333333334,204,0.004
12733,abl_ratio_only,100,-,102,116.51473333333334,236,0.002
12733,abl_ratio_only,25,-,30,40.50326666666667,48,0.001
12733,abl_ratio_only,50,-,78,99.94923333333334,121,0.002
12733,abl_ratio_only,75,-,94,112.64716666666666,174,0.002
12746,abl_ratio_only,100,-,380,380.0,687,0.009
12746,abl_ratio_only,25,-,155,155.0,178,0.006
12746,abl_ratio_only,50,-,273,273.0,345,0.008
12746,abl_ratio_only,75,-,340,340.0,512,0.008
12810,abl_ratio_only,100,-,187,187.26613333333344,414,0.005
12810,abl_ratio_only,25,-,69,100.90196666666667,90,0.002
12810,abl_ratio_only,50,-,133,153.64470000000003,197,0.004
12810,abl_ratio_only,75,-,166,178.4159000000001,313,0.005
12830,abl_ratio_only,100,-,281,270.90596666666676,534,0.006
12830,abl_ratio_only,25,-,112,109.05136666666665,132,0.003
12830,abl_ratio_only,50,-,201,195.57329999999996,277,0.005
12830,abl_ratio_only,75,-,253,244.7628333333333,417,0.006
12898,abl_ratio_only,100,-,111,214.8075000000001,306,0.004
12898,abl_ratio_only,25,-,41,100.7817,75,0.001
12898,abl_ratio_only,50,-,74,159.51750000000004,153,0.003
12898,abl_ratio_only,75,-,101,208.50670000000005,245,0.003
12924,abl_ratio_only,100,-,98,167.93963333333335,260,0.003
12924,abl_ratio_only,25,-,36,74.84270000000001,60,0.001
12924,abl_ratio_only,50,-,63,127.82166666666666,120,0.002
12924,abl_ratio_only,75,-,88,157.33966666666666,197,0.003
12931,abl_ratio_only,100,-,171,208.9865333333333,446,0.005
12931,abl_ratio_only,25,-,76,129.61840000000004,110,0.002
12931,abl_ratio_only,50,-,124,177.5328333333333,222,0.004
12931,abl_ratio_only,75,-,160,202.8507666666666,332,0.005
12932,abl_ratio_only,100,-,135,126.58086666666665,305,0.004
12932,abl_ratio_only,25,-,37,56.95069999999998,59,0.001
12932,abl_ratio_only,50,-,88,98.17299999999997,143,0.003
12932,abl_ratio_only,75,-,118,119.09393333333331,220,0.004
12950,abl_ratio_only,100,-,263,427.2957,561,0.007
12950,abl_ratio_only,25,-,106,217.55343333333332,138,0.004
12950,abl_ratio_only,50,-,183,357.2695666666668,273,0.005
12950,abl_ratio_only,75,-,237,405.4940000000001,413,0.006
12954,abl_ratio_only,100,-,86,159.6928666666667,227,0.002
12954,abl_ratio_only,25,-,19,32.7959,39,0.0
12954,abl_ratio_only,50,-,56,106.90079999999998,104,0.001
12954,abl_ratio_only,75,-,74,138.48326666666668,154,0.002
12960,abl_ratio_only,100,-,119,269.4934000000001,251,0.003
12960,abl_ratio_only,25,-,23,54.19513333333333,48,0.001
12960,abl_ratio_only,50,-,68,168.43203333333327,118,0.002
12960,abl_ratio_only,75,-,97,227.12420000000006,181,0.003
12961,abl_ratio_only,100,-,48,89.37273333333334,88,0.001
12961,abl_ratio_only,25,-,5,9.7248,8,0.0
12961,abl_ratio_only,50,-,13,25.724800000000002,16,0.0
12961,abl_ratio_only,75,-,38,69.48433333333334,73,0.001
13013,abl_ratio_only,100,-,184,198.1423666666667,448,0.004
13013,abl_ratio_only,25,-,73,92.7843,107,0.002
13013,abl_ratio_only,50,-,123,150.51063333333337,223,0.004
13013,abl_ratio_only,75,-,163,185.06703333333337,352,0.004
13027,abl_ratio_only,100,-,139,98.7368,331,0.004
13027,abl_ratio_only,25,-,53,42.952333333333335,73,0.001
13027,abl_ratio_only,50,-,94,77.83336666666668,159,0.003
13027,abl_ratio_only,75,-,123,92.68106666666667,247,0.005
13031,abl_ratio_only,100,-,173,174.3725000000001,431,0.006
13031,abl_ratio_only,25,-,63,85.16396666666667,102,0.002
13031,abl_ratio_only,50,-,126,143.81506666666675,217,0.004
13031,abl_ratio_only,75,-,151,163.60776666666678,323,0.005
13045,abl_ratio_only,100,-,156,133.07633333333334,360,0.005
13045,abl_ratio_only,25,-,61,55.195800000000006,88,0.002
13045,abl_ratio_only,50,-,110,98.6500666666667,185,0.004
13045,abl_ratio_only,75,-,142,121.40973333333334,276,0.004
13048,abl_ratio_only,100,-,236,212.33073333333328,492,0.008
13048,abl_ratio_only,25,-,96,104.55966666666667,118,0.004
13048,abl_ratio_only,50,-,173,170.551,249,0.007
13048,abl_ratio_only,75,-,216,200.29376666666667,361,0.008
13049,abl_ratio_only,100,-,272,438.99933333333325,607,0.007
13049,abl_ratio_only,25,-,123,234.42373333333342,152,0.009
13049,abl_ratio_only,50,-,208,372.1172999999999,300,0.011
13049,abl_ratio_only,75,-,250,418.96696666666645,451,0.01
13082,abl_ratio_only,100,-,77,106.2862,161,0.005
13082,abl_ratio_only,25,-,25,45.93986666666666,47,0.001
13082,abl_ratio_only,50,-,55,90.68816666666667,95,0.003
13082,abl_ratio_only,75,-,61,92.20616666666666,122,0.003
13085,abl_ratio_only,100,-,243,223.0740666666667,534,0.007
13085,abl_ratio_only,25,-,101,117.08519999999999,135,0.004
13085,abl_ratio_only,50,-,181,185.26546666666664,269,0.006
13085,abl_ratio_only,75,-,222,213.1676333333334,399,0.007
13103,abl_ratio_only,100,-,109,90.58040000000001,312,0.002
13103,abl_ratio_only,25,-,29,29.381400000000003,72,0.0
13103,abl_ratio_only,50,-,79,75.70270000000002,137,0.002
13103,abl_ratio_only,75,-,99,87.12173333333335,231,0.002
13108,abl_ratio_only,100,-,85,68.21933333333334,231,0.002
13108,abl_ratio_only,25,-,22,22.378166666666665,53,0.0
13108,abl_ratio_only,50,-,49,45.302,90,0.001
13108,abl_ratio_only,75,-,71,61.20219999999999,171,0.001
13128,abl_ratio_only,100,-,194,163.4764666666667,406,0.006
13128,abl_ratio_only,25,-,71,76.64973333333333,96,0.003
13128,abl_ratio_only,50,-,143,131.7379666666667,200,0.005
13128,abl_ratio_only,75,-,167,147.3714333333334,302,0.005
13155,abl_ratio_only,100,-,183,166.66953333333336,420,0.004
13155,abl_ratio_only,25,-,70,64.4088,104,0.002
13155,abl_ratio_only,50,-,132,123.66869999999999,198,0.003
13155,abl_ratio_only,75,-,161,150.4612666666667,324,0.003
13200,abl_ratio_only,100,-,51,37.01630000000001,111,0.001
13200,abl_ratio_only,25,-,7,5.8361,14,0.0
13200,abl_ratio_only,50,-,18,13.692699999999999,31,0.001
13200,abl_ratio_only,75,-,35,27.846033333333335,66,0.001
13210,abl_ratio_only,100,-,41,47.0132,84,0.001
13210,abl_ratio_only,25,-,6,4.7903,12,0.0
13210,abl_ratio_only,50,-,16,16.009833333333333,25,0.0
13210,abl_ratio_only,75,-,32,37.58746666666667,59,0.001
13211,abl_ratio_only,100,-,57,40.17643333333335,126,0.002
13211,abl_ratio_only,25,-,10,8.228933333333334,22,0.0
13211,abl_ratio_only,50,-,32,25.574700000000004,44,0.001
13211,abl_ratio_only,75,-,45,34.627233333333336,64,0.001
13251,abl_ratio_only,100,-,223,216.0439333333333,440,0.005
13251,abl_ratio_only,25,-,83,80.7636,108,0.002
13251,abl_ratio_only,50,-,155,151.23413333333335,226,0.004
13251,abl_ratio_only,75,-,198,193.1469,334,0.004
13258,abl_ratio_only,100,-,185,186.66903333333337,353,0.005
13258,abl_ratio_only,25,-,64,73.80563333333335,88,0.002
13258,abl_ratio_only,50,-,122,130.48336666666668,181,0.003
13258,abl_ratio_only,75,-,159,163.12810000000007,262,0.004
13261,abl_ratio_only,100,-,265,255.19929999999997,474,0.006
13261,abl_ratio_only,25,-,95,92.934,118,0.003
13261,abl_ratio_only,50,-,171,167.34776666666667,226,0.005
13261,abl_ratio_only,75,-,230,224.05406666666664,358,0.006
13262,abl_ratio_only,100,-,211,202.48326666666668,415,0.005
13262,abl_ratio_only,25,-,67,64.98786666666666,95,0.002
13262,abl_ratio_only,50,-,147,143.51466666666667,197,0.004
13262,abl_ratio_only,75,-,187,181.94176666666667,300,0.004
13264,abl_ratio_only,100,-,175,281.8581666666667,338,0.006
13264,abl_ratio_only,25,-,70,125.4373,84,0.002
13264,abl_ratio_only,50,-,127,224.42126666666664,172,0.004
13264,abl_ratio_only,75,-,159,266.1900333333334,249,0.005
13265,abl_ratio_only,100,-,165,330.71506666666653,302,0.005
13265,abl_ratio_only,25,-,60,113.4218,76,0.002
13265,abl_ratio_only,50,-,110,236.8161333333333,148,0.004
13265,abl_ratio_only,75,-,145,294.03669999999994,220,0.005
13266,abl_ratio_only,100,-,135,270.54346666666663,327,0.005
13266,abl_ratio_only,25,-,55,110.83553333333333,79,0.002
13266,abl_ratio_only,50,-,105,215.9085,165,0.004
13266,abl_ratio_only,75,-,129,268.0111333333333,252,0.004
13316,abl_ratio_only,100,-,171,316.5109666666667,365,0.005
13316,abl_ratio_only,25,-,56,128.7086,89,0.002
13316,abl_ratio_only,50,-,115,239.61053333333328,178,0.004
13316,abl_ratio_only,75,-,150,298.07389999999987,282,0.005
13323,abl_ratio_only,100,-,114,107.95363333333334,223,0.003
13323,abl_ratio_only,25,-,31,29.6897,46,0.001
13323,abl_ratio_only,50,-,71,69.18393333333333,89,0.002
13323,abl_ratio_only,75,-,100,91.47230000000002,183,0.003
13328,abl_ratio_only,100,-,346,339.4529000000001,650,0.008
13328,abl_ratio_only,25,-,142,139.79280000000003,162,0.005
13328,abl_ratio_only,50,-,254,249.66810000000007,318,0.007
13328,abl_ratio_only,75,-,313,306.3168666666667,479,0.007
13329,abl_ratio_only,100,-,323,318.9901,631,0.009
13329,abl_ratio_only,25,-,132,130.8353666666667,157,0.005
13329,abl_ratio_only,50,-,227,225.25246666666666,308,0.007
13329,abl_ratio_only,75,-,290,287.28663333333327,451,0.008
13331,abl_ratio_only,100,-,235,225.36223333333334,447,0.005
13331,abl_ratio_only,25,-,92,90.74976666666667,116,0.003
13331,abl_ratio_only,50,-,165,160.2931,233,0.004
13331,abl_ratio_only,75,-,209,202.47203333333334,338,0.005
13333,abl_ratio_only,100,-,146,136.45676666666665,308,0.003
13333,abl_ratio_only,25,-,43,42.2771,56,0.001
13333,abl_ratio_only,50,-,100,96.3561,145,0.002
13333,abl_ratio_only,75,-,118,112.1027,203,0.003
13350,abl_ratio_only,100,-,35,34.90836666666667,39,0.001
13350,abl_ratio_only,25,-,5,4.968366666666666,9,0.0
13350,abl_ratio_only,50,-,15,14.958366666666663,19,0.0
13350,abl_ratio_only,75,-,25,24.759733333333333,29,0.001
13388,abl_ratio_only,100,-,341,331.072,669,0.007
13388,abl_ratio_only,25,-,145,144.20083333333332,160,0.005
13388,abl_ratio_only,50,-,250,245.58923333333337,343,0.007
13388,abl_ratio_only,75,-,307,298.0957666666667,502,0.007
13392,abl_ratio_only,100,-,165,157.62736666666666,340,0.004
13392,abl_ratio_only,25,-,53,51.7803,65,0.001
13392,abl_ratio_only,50,-,105,103.16566666666668,166,0.003
13392,abl_ratio_only,75,-,141,134.60176666666672,258,0.003
13401,abl_ratio_only,100,-,133,174.14016666666666,356,0.004
13401,abl_ratio_only,25,-,54,99.0958333333333,82,0.002
13401,abl_ratio_only,50,-,102,154.0349,173,0.003
13401,abl_ratio_only,75,-,121,168.28603333333328,272,0.004
13418,abl_ratio_only,100,-,184,168.55903333333328,332,0.006
13418,abl_ratio_only,25,-,72,79.10596666666665,84,0.002
13418,abl_ratio_only,50,-,121,122.34220000000002,166,0.005
13418,abl_ratio_only,75,-,154,146.4398,260,0.005
13423,abl_ratio_only,100,-,139,109.11286666666666,278,0.005
13423,abl_ratio_only,25,-,54,50.18343333333333,65,0.002
13423,abl_ratio_only,50,-,97,81.55853333333332,141,0.004
13423,abl_ratio_only,75,-,124,99.59909999999999,198,0.005
13427,abl_ratio_only,100,-,139,125.43600000000002,345,0.004
13427,abl_ratio_only,25,-,55,57.7176,80,0.001
13427,abl_ratio_only,50,-,105,105.75806666666669,159,0.003
13427,abl_ratio_only,75,-,126,120.61863333333334,259,0.003
13429,abl_ratio_only,100,-,153,147.80083333333334,310,0.005
13429,abl_ratio_only,25,-,52,68.3196,77,0.002
13429,abl_ratio_only,50,-,106,117.77606666666667,149,0.004
13429,abl_ratio_only,75,-,135,137.55526666666665,229,0.005
13432,abl_ratio_only,100,-,145,168.4963333333333,297,0.005
13432,abl_ratio_only,25,-,45,64.39949999999999,67,0.001
13432,abl_ratio_only,50,-,101,123.55566666666665,144,0.004
13432,abl_ratio_only,75,-,134,159.3867333333333,229,0.004
13439,abl_ratio_only,100,-,173,161.6563333333333,380,0.005
13439,abl_ratio_only,25,-,59,62.21806666666666,95,0.002
13439,abl_ratio_only,50,-,120,118.42339999999997,172,0.004
13439,abl_ratio_only,75,-,154,149.36779999999996,288,0.004
13447,abl_ratio_only,100,-,186,153.8703,471,0.006
13447,abl_ratio_only,25,-,77,79.4392,111,0.003
13447,abl_ratio_only,50,-,136,127.45643333333334,230,0.004
13447,abl_ratio_only,75,-,167,148.12383333333332,358,0.005
13450,abl_ratio_only,100,-,94,154.45456666666672,270,0.002
13450,abl_ratio_only,25,-,16,29.603166666666667,47,0.001
13450,abl_ratio_only,50,-,62,117.81833333333331,127,0.001
13450,abl_ratio_only,75,-,78,136.3988666666667,177,0.002
13456,abl_ratio_only,100,-,104,97.51706666666668,183,0.003
13456,abl_ratio_only,25,-,19,18.3733,23,0.001
13456,abl_ratio_only,50,-,50,47.7432,72,0.001
13456,abl_ratio_only,75,-,88,83.80743333333334,147,0.002
13464,abl_ratio_only,100,-,347,340.7615333333333,664,0.008
13464,abl_ratio_only,25,-,140,138.74620000000002,154,0.005
13464,abl_ratio_only,50,-,247,244.6306,327,0.007
13464,abl_ratio_only,75,-,315,311.29523333333333,504,0.007
13465,abl_ratio_only,100,-,304,297.05510000000004,586,0.008
13465,abl_ratio_only,25,-,127,123.90373333333334,147,0.004
13465,abl_ratio_only,50,-,212,207.9648,282,0.006
13465,abl_ratio_only,75,-,274,268.2756333333333,436,0.007
13469,abl_ratio_only,100,-,118,113.18770000000002,202,0.003
13469,abl_ratio_only,25,-,26,26.0,30,0.001
13469,abl_ratio_only,50,-,74,72.28296666666667,120,0.002
13469,abl_ratio_only,75,-,98,94.31660000000002,172,0.003
13497,abl_ratio_only,100,-,157,168.67513333333335,389,0.004
13497,abl_ratio_only,25,-,50,83.1316,95,0.001
13497,abl_ratio_only,50,-,105,131.06843333333336,179,0.003
13497,abl_ratio_only,75,-,140,160.54896666666667,290,0.003
13513,abl_ratio_only,100,-,164,145.25316666666663,386,0.004
13513,abl_ratio_only,25,-,62,67.79213333333334,90,0.002
13513,abl_ratio_only,50,-,120,116.99739999999998,188,0.003
13513,abl_ratio_only,75,-,149,137.54453333333333,278,0.004
13520,abl_ratio_only,100,-,69,116.91043333333333,173,0.002
13520,abl_ratio_only,25,-,12,22.594833333333334,23,0.0
13520,abl_ratio_only,50,-,29,60.640699999999995,61,0.001
13520,abl_ratio_only,75,-,55,92.56183333333331,131,0.002
13525,abl_ratio_only,100,-,106,155.7577666666667,306,0.003
13525,abl_ratio_only,25,-,37,61.29503333333333,78,0.001
13525,abl_ratio_only,50,-,76,131.74509999999998,143,0.002
13525,abl_ratio_only,75,-,96,150.60860000000002,229,0.003
13563,abl_ratio_only,100,-,67,58.57926666666666,116,0.002
13563,abl_ratio_only,25,-,14,12.4972,23,0.0
13563,abl_ratio_only,50,-,35,31.404666666666667,49,0.001
13563,abl_ratio_only,75,-,62,55.11456666666667,102,0.001
13564,abl_ratio_only,100,-,44,41.09636666666667,72,0.001
13564,abl_ratio_only,25,-,8,8.0,12,0.0
13564,abl_ratio_only,50,-,22,22.0,26,0.001
13564,abl_ratio_only,75,-,37,36.360166666666665,55,0.001
13629,abl_ratio_only,100,-,164,142.3960666666666,386,0.005
13629,abl_ratio_only,25,-,55,63.08893333333333,89,0.002
13629,abl_ratio_only,50,-,113,111.38230000000003,180,0.004
13629,abl_ratio_only,75,-,147,134.83169999999998,270,0.004
13645,abl_ratio_only,100,-,120,130.50099999999995,306,0.005
13645,abl_ratio_only,25,-,43,74.97336666666666,72,0.001
13645,abl_ratio_only,50,-,86,112.03583333333331,146,0.003
13645,abl_ratio_only,75,-,109,127.05133333333329,236,0.005
13655,abl_ratio_only,100,-,215,259.21803333333344,519,0.006
13655,abl_ratio_only,25,-,101,152.03303333333332,132,0.003
13655,abl_ratio_only,50,-,171,233.57103333333345,263,0.005
13655,abl_ratio_only,75,-,199,249.88900000000012,374,0.006
13666,abl_ratio_only,100,-,148,269.21580000000006,347,0.003
13666,abl_ratio_only,25,-,42,77.56259999999999,82,0.001
13666,abl_ratio_only,50,-,100,194.28613333333334,165,0.002
13666,abl_ratio_only,75,-,130,247.81776666666664,243,0.003
13674,abl_ratio_only,100,-,161,156.46046666666666,313,0.004
13674,abl_ratio_only,25,-,47,45.2553,61,0.001
13674,abl_ratio_only,50,-,118,115.1245,154,0.003
13674,abl_ratio_only,75,-,153,147.1179666666667,251,0.003
13682,abl_ratio_only,100,-,101,96.92616666666665,160,0.003
13682,abl_ratio_only,25,-,26,28.0297,37,0.001
13682,abl_ratio_only,50,-,61,60.67496666666667,87,0.002
13682,abl_ratio_only,75,-,82,81.42843333333333,124,0.002
13683,abl_ratio_only,100,-,63,58.05039999999999,122,0.002
13683,abl_ratio_only,25,-,12,9.966000000000001,17,0.0
13683,abl_ratio_only,50,-,34,30.918599999999998,51,0.001
13683,abl_ratio_only,75,-,55,51.65033333333333,90,0.001
13691,abl_ratio_only,100,-,228,389.8159333333333,544,0.005
13691,abl_ratio_only,25,-,87,178.12109999999996,130,0.003
13691,abl_ratio_only,50,-,172,322.47290000000015,261,0.004
13691,abl_ratio_only,75,-,214,371.93010000000004,407,0.004
13703,abl_ratio_only,100,-,179,164.7906,503,0.005
13703,abl_ratio_only,25,-,71,91.10866666666666,121,0.003
13703,abl_ratio_only,50,-,131,142.37486666666663,246,0.004
13703,abl_ratio_only,75,-,166,158.98296666666664,376,0.005
13706,abl_ratio_only,100,-,117,147.9178333333334,317,0.004
13706,abl_ratio_only,25,-,39,56.39756666666666,62,0.001
13706,abl_ratio_only,50,-,89,126.05689999999998,161,0.003
13706,abl_ratio_only,75,-,108,139.99350000000007,246,0.003
13737,abl_ratio_only,100,-,118,97.23966666666668,224,0.004
13737,abl_ratio_only,25,-,46,43.13313333333333,60,0.001
13737,abl_ratio_only,50,-,87,75.6468666666667,118,0.003
13737,abl_ratio_only,75,-,104,90.50386666666671,161,0.004
13743,abl_ratio_only,100,-,133,134.50810000000004,243,0.005
13743,abl_ratio_only,25,-,45,53.509733333333344,57,0.001
13743,abl_ratio_only,50,-,84,105.30849999999998,125,0.003
13743,abl_ratio_only,75,-,116,126.38816666666666,190,0.005
13775,abl_ratio_only,100,-,269,398.6563666666667,551,0.006
13775,abl_ratio_only,25,-,106,183.6684,131,0.004
13775,abl_ratio_only,50,-,189,308.28623333333337,273,0.005
13775,abl_ratio_only,75,-,238,365.5586,406,0.005
13812,abl_ratio_only,100,-,157,111.38080000000002,432,0.004
13812,abl_ratio_only,25,-,70,64.37236666666668,107,0.002
13812,abl_ratio_only,50,-,116,95.80823333333332,225,0.003
13812,abl_ratio_only,75,-,136,106.42649999999999,321,0.003
13868,abl_ratio_only,100,-,72,104.778,159,0.003
13868,abl_ratio_only,25,-,21,35.15186666666666,34,0.001
13868,abl_ratio_only,50,-,42,73.60793333333334,66,0.001
13868,abl_ratio_only,75,-,58,89.1278,117,0.002
13879,abl_ratio_only,100,-,153,147.2364,291,0.004
13879,abl_ratio_only,25,-,42,40.901266666666665,56,0.001
13879,abl_ratio_only,50,-,101,96.26883333333333,144,0.003
13879,abl_ratio_only,75,-,132,129.63736666666665,209,0.003
13956,abl_ratio_only,100,-,85,88.54063333333333,184,0.003
13956,abl_ratio_only,25,-,25,31.39563333333333,38,0.001
13956,abl_ratio_only,50,-,63,74.4578,101,0.002
13956,abl_ratio_only,75,-,73,81.47436666666665,141,0.003
13992,abl_ratio_only,100,-,135,154.8994666666668,235,0.006
13992,abl_ratio_only,25,-,47,55.9773,57,0.001
13992,abl_ratio_only,50,-,85,116.09443333333334,110,0.003
13992,abl_ratio_only,75,-,119,146.37733333333344,177,0.005
14027,abl_ratio_only,100,-,152,171.537,284,0.005
14027,abl_ratio_only,25,-,62,87.47746666666666,74,0.002
14027,abl_ratio_only,50,-,108,140.8081333333333,154,0.004
14027,abl_ratio_only,75,-,132,161.58836666666667,218,0.005
14031,abl_ratio_only,100,-,97,110.78256666666668,158,0.004
14031,abl_ratio_only,25,-,25,24.560499999999998,35,0.001
14031,abl_ratio_only,50,-,61,83.78343333333333,78,0.002
14031,abl_ratio_only,75,-,82,97.28313333333334,115,0.003
14035,abl_ratio_only,100,-,100,106.6881,209,0.004
14035,abl_ratio_only,25,-,28,26.055133333333334,36,0.001
14035,abl_ratio_only,50,-,58,70.2508,98,0.002
14035,abl_ratio_only,75,-,78,86.47519999999999,131,0.003
14037,abl_ratio_only,100,-,72,62.1348,137,0.002
14037,abl_ratio_only,25,-,10,9.140633333333334,17,0.0
14037,abl_ratio_only,50,-,27,26.1058,35,0.001
14037,abl_ratio_only,75,-,49,42.850699999999996,105,0.001
14043,abl_ratio_only,100,-,89,69.35466666666666,198,0.003
14043,abl_ratio_only,25,-,24,24.0,28,0.001
14043,abl_ratio_only,50,-,54,47.49543333333334,78,0.002
14043,abl_ratio_only,75,-,82,65.69993333333333,170,0.003
14061,abl_ratio_only,100,-,101,70.07853333333334,248,0.003
14061,abl_ratio_only,25,-,32,26.0373,59,0.001
14061,abl_ratio_only,50,-,77,57.36333333333332,123,0.002
14061,abl_ratio_only,75,-,88,64.80683333333333,165,0.003
14071,abl_ratio_only,100,-,55,42.311966666666656,163,0.002
14071,abl_ratio_only,25,-,9,7.393233333333333,11,0.0
14071,abl_ratio_only,50,-,33,27.680633333333333,59,0.001
14071,abl_ratio_only,75,-,48,37.51056666666666,93,0.001
14078,abl_ratio_only,100,-,86,66.41616666666667,214,0.003
14078,abl_ratio_only,25,-,28,26.177966666666666,37,0.001
14078,abl_ratio_only,50,-,55,45.82606666666668,104,0.001
14078,abl_ratio_only,75,-,73,57.71003333333334,156,0.002
14092,abl_ratio_only,100,-,122,89.6234,322,0.003
14092,abl_ratio_only,25,-,35,31.10996666666667,60,0.001
14092,abl_ratio_only,50,-,86,70.24693333333333,162,0.002
14092,abl_ratio_only,75,-,106,80.40163333333335,226,0.002
14093,abl_ratio_only,100,-,120,81.7276,311,0.003
14093,abl_ratio_only,25,-,36,27.18483333333333,82,0.001
14093,abl_ratio_only,50,-,85,64.5029,148,0.002
14093,abl_ratio_only,75,-,101,73.58226666666664,237,0.003
14105,abl_ratio_only,100,-,92,83.76606666666667,252,0.003
14105,abl_ratio_only,25,-,25,32.409533333333336,30,0.001
14105,abl_ratio_only,50,-,60,64.23886666666667,128,0.002
14105,abl_ratio_only,75,-,78,78.0569,170,0.003
14106,abl_ratio_only,100,-,112,89.56883333333334,323,0.003
14106,abl_ratio_only,25,-,49,46.35199999999999,78,0.001
14106,abl_ratio_only,50,-,77,67.68596666666667,154,0.002
14106,abl_ratio_only,75,-,100,84.13719999999999,241,0.002
14109,abl_ratio_only,100,-,180,129.9875333333334,374,0.006
14109,abl_ratio_only,25,-,73,61.37336666666666,89,0.003
14109,abl_ratio_only,50,-,131,107.34123333333336,186,0.005
14109,abl_ratio_only,75,-,157,119.59613333333338,284,0.006
14173,abl_ratio_only,100,-,152,110.70473333333332,372,0.005
14173,abl_ratio_only,25,-,54,45.97906666666666,80,0.002
14173,abl_ratio_only,50,-,105,86.16273333333334,179,0.004
14173,abl_ratio_only,75,-,134,103.9467,270,0.004
14208,abl_ratio_only,100,-,71,62.87173333333333,155,0.002
14208,abl_ratio_only,25,-,23,19.72586666666667,33,0.0
14208,abl_ratio_only,50,-,42,42.69896666666666,79,0.001
14208,abl_ratio_only,75,-,62,54.4403,113,0.002
14213,abl_ratio_only,100,-,99,78.25096666666664,249,0.003
14213,abl_ratio_only,25,-,29,21.650133333333336,62,0.001
14213,abl_ratio_only,50,-,68,55.876533333333334,118,0.002
14213,abl_ratio_only,75,-,84,66.21413333333334,171,0.002
14225,abl_ratio_only,100,-,192,184.39396666666664,378,0.004
14225,abl_ratio_only,25,-,59,58.410133333333334,90,0.002
14225,abl_ratio_only,50,-,132,126.63296666666665,172,0.003
14225,abl_ratio_only,75,-,162,158.4099333333333,291,0.004
14228,abl_ratio_only,100,-,69,158.30370000000002,181,0.001
14228,abl_ratio_only,25,-,11,10.192800000000002,25,0.0
14228,abl_ratio_only,50,-,41,94.6449,98,0.001
14228,abl_ratio_only,75,-,60,143.75923333333336,141,0.001
14238,abl_ratio_only,100,-,130,110.16696666666668,239,0.004
14238,abl_ratio_only,25,-,38,36.59726666666667,59,0.001
14238,abl_ratio_only,50,-,86,77.74200000000002,124,0.003
14238,abl_ratio_only,75,-,115,101.62283333333333,194,0.004
14248,abl_ratio_only,100,-,251,187.35729999999992,617,0.007
14248,abl_ratio_only,25,-,116,103.42693333333332,153,0.005
14248,abl_ratio_only,50,-,190,156.64056666666661,312,0.006
14248,abl_ratio_only,75,-,235,183.40109999999993,476,0.006
14269,abl_ratio_only,100,-,142,114.67150000000001,303,0.004
14269,abl_ratio_only,25,-,49,45.8815,75,0.001
14269,abl_ratio_only,50,-,97,89.7182,139,0.003
14269,abl_ratio_only,75,-,123,106.47749999999998,227,0.004
14273,abl_ratio_only,100,-,126,112.86843333333334,348,0.006
14273,abl_ratio_only,25,-,55,58.09823333333334,86,0.001
14273,abl_ratio_only,50,-,93,94.99576666666667,153,0.003
14273,abl_ratio_only,75,-,117,109.79213333333333,253,0.005
14292,abl_ratio_only,100,-,266,216.41413333333335,582,0.006
14292,abl_ratio_only,25,-,110,101.45176666666666,144,0.004
14292,abl_ratio_only,50,-,189,165.80143333333336,289,0.005
14292,abl_ratio_only,75,-,239,199.42569999999998,442,0.005
14297,abl_ratio_only,100,-,115,90.32896666666664,257,0.004
14297,abl_ratio_only,25,-,39,34.295366666666666,68,0.001
14297,abl_ratio_only,50,-,73,61.27016666666666,136,0.003
14297,abl_ratio_only,75,-,103,81.48096666666665,204,0.003
14305,abl_ratio_only,100,-,118,86.41493333333334,309,0.003
14305,abl_ratio_only,25,-,35,29.242266666666666,72,0.001
14305,abl_ratio_only,50,-,89,71.00900000000003,145,0.002
14305,abl_ratio_only,75,-,108,82.52730000000001,228,0.002
14306,abl_ratio_only,100,-,141,106.55523333333332,314,0.004
14306,abl_ratio_only,25,-,61,52.711966666666676,77,0.002
14306,abl_ratio_only,50,-,94,78.28429999999999,156,0.004
14306,abl_ratio_only,75,-,123,98.86589999999998,226,0.004
14309,abl_ratio_only,100,-,183,130.49646666666666,433,0.006
14309,abl_ratio_only,25,-,77,66.90033333333335,103,0.003
14309,abl_ratio_only,50,-,130,103.08663333333331,221,0.005
14309,abl_ratio_only,75,-,164,123.59189999999995,335,0.006
14310,abl_ratio_only,100,-,188,135.1856333333334,447,0.005
14310,abl_ratio_only,25,-,77,63.99296666666667,104,0.003
14310,abl_ratio_only,50,-,137,105.69956666666671,221,0.005
14310,abl_ratio_only,75,-,175,129.40886666666674,334,0.005
14311,abl_ratio_only,100,-,168,114.03046666666668,421,0.009
14311,abl_ratio_only,25,-,64,52.88086666666666,99,0.002
14311,abl_ratio_only,50,-,124,90.83436666666663,190,0.005
14311,abl_ratio_only,75,-,152,108.41306666666665,320,0.005
14313,abl_ratio_only,100,-,160,139.52290000000008,454,0.005
14313,abl_ratio_only,25,-,66,67.9716,109,0.002
14313,abl_ratio_only,50,-,119,113.94596666666665,222,0.004
14313,abl_ratio_only,75,-,149,135.23966666666675,344,0.004
14314,abl_ratio_only,100,-,185,160.29339999999996,451,0.004
14314,abl_ratio_only,25,-,75,77.34856666666666,110,0.002
14314,abl_ratio_only,50,-,138,135.31213333333335,230,0.003
14314,abl_ratio_only,75,-,171,153.86463333333336,326,0.004
14318,abl_ratio_only,100,-,137,128.46179999999995,293,0.004
14318,abl_ratio_only,25,-,54,70.62380000000003,75,0.001
14318,abl_ratio_only,50,-,97,106.14536666666667,147,0.003
14318,abl_ratio_only,75,-,124,124.54183333333334,228,0.004
14320,abl_ratio_only,100,-,204,192.37163333333336,435,0.005
14320,abl_ratio_only,25,-,74,71.17633333333333,106,0.002
14320,abl_ratio_only,50,-,138,131.99163333333334,217,0.004
14320,abl_ratio_only,75,-,182,169.64813333333333,336,0.004
14325,abl_ratio_only,100,-,55,62.54683333333334,116,0.001
14325,abl_ratio_only,25,-,7,7.9697,16,0.0
14325,abl_ratio_only,50,-,24,37.8395,33,0.001
14325,abl_ratio_only,75,-,31,44.8395,40,0.001
14373,abl_ratio_only,100,-,99,110.45150468994265,222,0.003
14373,abl_ratio_only,25,-,24,25.290711307972902,32,0.001
14373,abl_ratio_only,50,-,64,82.6352266805628,117,0.002
14373,abl_ratio_only,75,-,87,102.79168837936425,200,0.003
14419,abl_ratio_only,100,-,184,248.23723293381974,393,0.005
14419,abl_ratio_only,25,-,67,120.7675547159979,90,0.002
14419,abl_ratio_only,50,-,119,186.12115685252738,197,0.004
14419,abl_ratio_only,75,-,160,234.4091323606045,291,0.005
14428,abl_ratio_only,100,-,30,27.295433333333335,50,0.001
14428,abl_ratio_only,25,-,5,4.2454,12,0.0
14428,abl_ratio_only,50,-,14,12.571533333333333,21,0.0
14428,abl_ratio_only,75,-,24,19.107266666666668,37,0.001
14432,abl_ratio_only,100,-,118,142.79680000000005,279,0.003
14432,abl_ratio_only,25,-,42,59.9328,57,0.001
14432,abl_ratio_only,50,-,88,114.05326666666664,128,0.002
14432,abl_ratio_only,75,-,111,134.80926666666667,204,0.003
14540,abl_ratio_only,100,-,238,237.85756666666686,562,0.006
14540,abl_ratio_only,25,-,104,132.77606666666662,136,0.004
14540,abl_ratio_only,50,-,183,201.17813333333345,281,0.006
14540,abl_ratio_only,75,-,220,229.42176666666677,413,0.006
14552,abl_ratio_only,100,-,111,106.16166666666666,225,0.002
14552,abl_ratio_only,25,-,28,40.88343333333333,44,0.001
14552,abl_ratio_only,50,-,71,77.0121,112,0.002
14552,abl_ratio_only,75,-,102,101.63886666666667,178,0.002
14587,abl_ratio_only,100,-,97,80.87316666666663,194,0.003
14587,abl_ratio_only,25,-,29,25.159000000000002,39,0.001
14587,abl_ratio_only,50,-,59,52.87190000000002,72,0.002
14587,abl_ratio_only,75,-,78,68.82896666666664,158,0.003
14596,abl_ratio_only,100,-,95,91.94216666666668,243,0.003
14596,abl_ratio_only,25,-,24,26.114399999999996,34,0.001
14596,abl_ratio_only,50,-,69,76.37413333333335,121,0.002
14596,abl_ratio_only,75,-,86,87.99683333333334,171,0.002
14696,abl_ratio_only,100,-,121,163.6523333333333,281,0.003
14696,abl_ratio_only,25,-,29,41.96263333333333,52,0.001
14696,abl_ratio_only,50,-,80,125.03543333333332,141,0.002
14696,abl_ratio_only,75,-,106,152.53979999999999,210,0.003
14744,abl_ratio_only,100,-,151,240.8865,332,0.004
14744,abl_ratio_only,25,-,42,78.14966666666666,79,0.001
14744,abl_ratio_only,50,-,97,187.5266333333333,163,0.003
14744,abl_ratio_only,75,-,136,228.41573333333332,253,0.003
14750,abl_ratio_only,100,-,35,73.27523333333332,65,0.001
14750,abl_ratio_only,25,-,10,20.0973,16,0.0
14750,abl_ratio_only,50,-,24,55.656666666666666,34,0.0
14750,abl_ratio_only,75,-,30,69.73169999999999,43,0.001
14758,abl_ratio_only,100,-,68,50.699900000000014,184,0.002
14758,abl_ratio_only,25,-,15,14.2448,20,0.001
14758,abl_ratio_only,50,-,38,32.22686666666667,81,0.001
14758,abl_ratio_only,75,-,58,43.0551,129,0.002
14761,abl_ratio_only,100,-,103,122.64586666666669,245,0.004
14761,abl_ratio_only,25,-,35,44.77933333333335,44,0.001
14761,abl_ratio_only,50,-,69,90.62023333333333,121,0.002
14761,abl_ratio_only,75,-,93,114.96483333333332,171,0.004
14763,abl_ratio_only,100,-,70,97.41793333333332,205,0.002
14763,abl_ratio_only,25,-,10,26.2746,14,0.0
14763,abl_ratio_only,50,-,43,65.93316666666668,98,0.001
14763,abl_ratio_only,75,-,60,89.7182,130,0.002
14773,abl_ratio_only,100,-,88,60.01659999999999,243,0.002
14773,abl_ratio_only,25,-,22,16.9561,58,0.0
14773,abl_ratio_only,50,-,56,44.79286666666666,97,0.001
14773,abl_ratio_only,75,-,73,55.3916,160,0.002
14777,abl_ratio_only,100,-,95,126.01103333333334,197,0.002
14777,abl_ratio_only,25,-,21,35.7729,43,0.0
14777,abl_ratio_only,50,-,61,96.63356666666667,103,0.001
14777,abl_ratio_only,75,-,78,111.49136666666666,159,0.002
14802,abl_ratio_only,100,-,46,60.38806666666666,92,0.001
14802,abl_ratio_only,25,-,3,5.491366666666667,15,0.0
14802,abl_ratio_only,50,-,31,45.47593333333333,69,0.0
14802,abl_ratio_only,75,-,46,58.7977,89,0.001
14811,abl_ratio_only,100,-,120,155.3309999999999,239,0.005
14811,abl_ratio_only,25,-,46,77.80053333333333,60,0.002
14811,abl_ratio_only,50,-,77,121.51056666666666,119,0.003
14811,abl_ratio_only,75,-,106,147.31163333333325,176,0.004
14824,abl_ratio_only,100,-,55,66.76526666666666,126,0.003
14824,abl_ratio_only,25,-,11,10.408266666666666,15,0.0
14824,abl_ratio_only,50,-,31,42.85446666666667,54,0.001
14824,abl_ratio_only,75,-,49,62.76353333333334,95,0.002
14829,abl_ratio_only,100,-,101,112.02470000000001,173,0.004
14829,abl_ratio_only,25,-,33,24.50156666666667,43,0.001
14829,abl_ratio_only,50,-,63,79.54896666666667,86,0.002
14829,abl_ratio_only,75,-,85,105.54270000000002,138,0.003
14846,abl_ratio_only,100,-,145,162.55440000000002,308,0.004
14846,abl_ratio_only,25,-,51,88.00009999999999,79,0.001
14846,abl_ratio_only,50,-,102,131.6308,162,0.003
14846,abl_ratio_only,75,-,127,151.99049999999997,259,0.004
14849,abl_ratio_only,100,-,128,115.02613333333333,297,0.004
14849,abl_ratio_only,25,-,39,36.230000000000004,72,0.001
14849,abl_ratio_only,50,-,97,97.83086666666667,146,0.003
14849,abl_ratio_only,75,-,123,109.2099,217,0.003
14852,abl_ratio_only,100,-,96,86.31419999999999,227,0.002
14852,abl_ratio_only,25,-,25,27.925000000000004,47,0.001
14852,abl_ratio_only,50,-,56,67.38166666666665,116,0.001
14852,abl_ratio_only,75,-,85,81.72323333333331,188,0.002
14863,abl_ratio_only,100,-,115,94.8694333333333,310,0.002
14863,abl_ratio_only,25,-,37,36.0031,75,0.0
14863,abl_ratio_only,50,-,85,78.26146666666664,142,0.002
14863,abl_ratio_only,75,-,105,88.40699999999997,212,0.002
14873,abl_ratio_only,100,-,59,62.8234,158,0.001
14873,abl_ratio_only,25,-,5,3.5271,12,0.0
14873,abl_ratio_only,50,-,28,34.72829999999999,86,0.0
14873,abl_ratio_only,75,-,56,61.684266666666666,135,0.001
14876,abl_ratio_only,100,-,55,59.637699999999995,149,0.001
14876,abl_ratio_only,25,-,5,8.636133333333333,11,0.0
14876,abl_ratio_only,50,-,29,38.04546666666666,62,0.0
14876,abl_ratio_only,75,-,52,54.80479999999999,124,0.001
14877,abl_ratio_only,100,-,83,94.17559999999995,180,0.003
14877,abl_ratio_only,25,-,27,43.032399999999996,34,0.001
14877,abl_ratio_only,50,-,45,64.36223333333334,91,0.001
14877,abl_ratio_only,75,-,71,85.02479999999997,139,0.002
14881,abl_ratio_only,100,-,143,112.82783333333329,364,0.003
14881,abl_ratio_only,25,-,53,62.0929,89,0.001
14881,abl_ratio_only,50,-,104,101.4997333333333,181,0.002
14881,abl_ratio_only,75,-,129,110.30893333333329,285,0.003
14900,abl_ratio_only,100,-,212,411.2886666666666,453,0.005
14900,abl_ratio_only,25,-,85,201.58833333333334,113,0.002
14900,abl_ratio_only,50,-,147,317.6634,208,0.004
14900,abl_ratio_only,75,-,195,383.5842333333333,333,0.005
14919,abl_ratio_only,100,-,57,41.86749999999999,143,0.001
14919,abl_ratio_only,25,-,0,0.0,0,0.0
14919,abl_ratio_only,50,-,31,24.74073333333334,86,0.0
14919,abl_ratio_only,75,-,53,41.02773333333332,126,0.0
14926,abl_ratio_only,100,-,172,416.5388333333334,382,0.004
14926,abl_ratio_only,25,-,55,154.36943333333332,71,0.001
14926,abl_ratio_only,50,-,117,313.4875666666667,185,0.003
14926,abl_ratio_only,75,-,155,380.77753333333334,282,0.004
14935,abl_ratio_only,100,-,208,279.91130000000004,395,0.005
14935,abl_ratio_only,25,-,68,121.42609999999999,100,0.002
14935,abl_ratio_only,50,-,135,201.02223333333336,184,0.004
14935,abl_ratio_only,75,-,176,253.2579666666667,290,0.005
14945,abl_ratio_only,100,-,110,159.6638333333333,233,0.004
14945,abl_ratio_only,25,-,32,36.66916666666666,46,0.001
14945,abl_ratio_only,50,-,71,103.84143333333334,125,0.002
14945,abl_ratio_only,75,-,93,145.02656666666664,183,0.003
14997,abl_ratio_only,100,-,41,39.7802,52,0.001
14997,abl_ratio_only,25,-,8,7.823666666666667,13,0.0
14997,abl_ratio_only,50,-,21,20.728333333333335,26,0.001
14997,abl_ratio_only,75,-,30,29.2447,39,0.001
15022,abl_ratio_only,100,-,62,56.39023333333334,137,0.002
15022,abl_ratio_only,25,-,12,16.140900000000002,31,0.0
15022,abl_ratio_only,50,-,40,40.3858,80,0.001
15022,abl_ratio_only,75,-,60,55.42746666666667,126,0.001
15032,abl_ratio_only,100,-,138,164.87420000000006,307,0.005
15032,abl_ratio_only,25,-,47,89.50606666666665,70,0.001
15032,abl_ratio_only,50,-,99,140.49633333333335,160,0.003
15032,abl_ratio_only,75,-,122,156.7228666666667,217,0.004
15056,abl_ratio_only,100,-,93,94.11003333333338,285,0.002
15056,abl_ratio_only,25,-,23,44.40376666666666,72,0.001
15056,abl_ratio_only,50,-,63,78.4667666666667,129,0.002
15056,abl_ratio_only,75,-,82,90.9710666666667,206,0.002
15076,abl_ratio_only,100,-,168,202.50569958311624,395,0.004
15076,abl_ratio_only,25,-,58,93.10519801980196,91,0.002
15076,abl_ratio_only,50,-,118,168.34396169880145,196,0.003
15076,abl_ratio_only,75,-,147,190.43505732152167,310,0.004
15083,abl_ratio_only,100,-,97,73.92678478374155,275,0.003
15083,abl_ratio_only,25,-,40,33.36910500260552,54,0.001
15083,abl_ratio_only,50,-,73,56.6835917144346,139,0.002
15083,abl_ratio_only,75,-,88,69.37314356435643,182,0.003
15087,abl_ratio_only,100,-,99,92.55523710265764,212,0.003
15087,abl_ratio_only,25,-,32,41.06002475247525,42,0.001
15087,abl_ratio_only,50,-,68,70.65646169880145,91,0.002
15087,abl_ratio_only,75,-,90,85.75211698801459,165,0.003
15088,abl_ratio_only,100,-,68,54.21570479416362,150,0.002
15088,abl_ratio_only,25,-,15,17.100703491401774,22,0.0
15088,abl_ratio_only,50,-,30,28.924342105263158,48,0.001
15088,abl_ratio_only,75,-,52,42.60444893173529,99,0.002
15097,abl_ratio_only,100,-,98,79.36900729546642,212,0.003
15097,abl_ratio_only,25,-,24,20.659653465346537,34,0.001
15097,abl_ratio_only,50,-,63,60.31898124022929,101,0.002
15097,abl_ratio_only,75,-,83,73.86877931214175,154,0.003
15103,abl_ratio_only,100,-,43,34.51693590411674,89,0.001
15103,abl_ratio_only,25,-,5,4.666004429390307,7,0.0
15103,abl_ratio_only,50,-,20,17.010682647212086,29,0.0
15103,abl_ratio_only,75,-,35,29.58871808233455,63,0.001
15118,abl_ratio_only,100,-,201,482.1968147472641,351,0.006
15118,abl_ratio_only,25,-,66,181.7894736842105,84,0.002
15118,abl_ratio_only,50,-,130,350.9881448671183,182,0.005
15118,abl_ratio_only,75,-,171,433.0790450755602,276,0.006
15130,abl_ratio_only,100,-,81,54.53497915581033,192,0.003
15130,abl_ratio_only,25,-,25,18.996319697759247,35,0.001
15130,abl_ratio_only,50,-,56,43.849628712871294,77,0.001
15130,abl_ratio_only,75,-,69,50.49596143824908,153,0.002
15133,abl_ratio_only,100,-,182,122.2019280875456,415,0.005
15133,abl_ratio_only,25,-,71,59.97782047941636,105,0.002
15133,abl_ratio_only,50,-,127,96.48537649817615,196,0.004
15133,abl_ratio_only,75,-,163,116.84669749869727,307,0.004
15182,abl_ratio_only,100,-,141,118.25227983324642,274,0.004
15182,abl_ratio_only,25,-,49,53.391707920792086,72,0.001
15182,abl_ratio_only,50,-,98,92.15916492965087,141,0.003
15182,abl_ratio_only,75,-,120,108.89056800416884,212,0.004
15184,abl_ratio_only,100,-,137,134.30719124544032,305,0.005
15184,abl_ratio_only,25,-,54,68.16945674830642,75,0.002
15184,abl_ratio_only,50,-,93,105.8228569567483,154,0.004
15184,abl_ratio_only,75,-,124,129.38092756644087,225,0.006
15185,abl_ratio_only,100,-,129,151.99824127149554,266,0.005
15185,abl_ratio_only,25,-,44,81.15779702970298,68,0.001
15185,abl_ratio_only,50,-,79,119.13828817092238,133,0.003
15185,abl_ratio_only,75,-,114,144.55865685252735,199,0.004
15223,abl_ratio_only,100,-,95,94.86180953621681,247,0.002
15223,abl_ratio_only,25,-,26,34.22694111516415,49,0.001
15223,abl_ratio_only,50,-,67,79.71759379885357,126,0.001
15223,abl_ratio_only,75,-,81,89.51872720166756,193,0.002
15275,abl_ratio_only,100,-,40,80.68413333333332,67,0.001
15275,abl_ratio_only,25,-,8,18.0,12,0.0
15275,abl_ratio_only,50,-,20,42.910599999999995,24,0.0
15275,abl_ratio_only,75,-,31,60.34006666666666,54,0.001
15346,abl_ratio_only,100,-,128,107.15346666666666,303,0.003
15346,abl_ratio_only,25,-,40,35.84986666666667,70,0.001
15346,abl_ratio_only,50,-,85,76.26686666666667,139,0.002
15346,abl_ratio_only,75,-,119,98.65646666666669,225,0.003
15355,abl_ratio_only,100,-,37,32.1914,55,0.001
15355,abl_ratio_only,25,-,7,6.189866666666667,13,0.0
15355,abl_ratio_only,50,-,18,16.6601,24,0.0
15355,abl_ratio_only,75,-,30,27.607,36,0.001
15360,abl_ratio_only,100,-,130,106.12246666666664,267,0.003
15360,abl_ratio_only,25,-,43,37.52753333333334,67,0.001
15360,abl_ratio_only,50,-,88,73.79729999999999,124,0.002
15360,abl_ratio_only,75,-,116,97.64359999999996,205,0.003
15364,abl_ratio_only,100,-,236,198.53740000000002,473,0.006
15364,abl_ratio_only,25,-,98,94.26006666666669,115,0.003
15364,abl_ratio_only,50,-,167,151.55160000000006,235,0.005
15364,abl_ratio_only,75,-,213,186.57593333333335,353,0.006
15367,abl_ratio_only,100,-,116,99.96236666666665,216,0.004
15367,abl_ratio_only,25,-,40,38.83843333333332,47,0.001
15367,abl_ratio_only,50,-,65,61.749233333333315,83,0.003
15367,abl_ratio_only,75,-,103,90.08133333333333,171,0.003
15383,abl_ratio_only,100,-,76,61.47516666666668,201,0.002
15383,abl_ratio_only,25,-,12,9.7013,24,0.0
15383,abl_ratio_only,50,-,42,36.5517,73,0.001
15383,abl_ratio_only,75,-,67,54.3706,163,0.002
15386,abl_ratio_only,100,-,208,183.0963000000001,424,0.006
15386,abl_ratio_only,25,-,81,77.21730000000001,102,0.003
15386,abl_ratio_only,50,-,152,141.26586666666668,194,0.005
15386,abl_ratio_only,75,-,190,170.20596666666674,323,0.005
15388,abl_ratio_only,100,-,198,153.22426666666664,381,0.006
15388,abl_ratio_only,25,-,73,62.979066666666675,90,0.002
15388,abl_ratio_only,50,-,129,105.8204,179,0.005
15388,abl_ratio_only,75,-,180,143.41740000000001,286,0.005
15398,abl_ratio_only,100,-,28,25.266933333333334,38,0.001
15398,abl_ratio_only,25,-,5,4.005866666666667,10,0.0
15398,abl_ratio_only,50,-,17,15.019300000000001,22,0.0
15398,abl_ratio_only,75,-,22,20.505033333333333,28,0.001
15409,abl_ratio_only,100,-,128,102.46316666666668,258,0.004
15409,abl_ratio_only,25,-,46,42.49596666666666,68,0.001
15409,abl_ratio_only,50,-,89,75.83066666666664,128,0.003
15409,abl_ratio_only,75,-,118,95.25536666666667,207,0.004
15410,abl_ratio_only,100,-,168,119.30616666666666,408,0.003
15410,abl_ratio_only,25,-,63,56.47380000000001,103,0.001
15410,abl_ratio_only,50,-,119,94.9341333333333,205,0.003
15410,abl_ratio_only,75,-,146,109.85180000000001,302,0.003
15411,abl_ratio_only,100,-,188,135.0447666666666,469,0.005
15411,abl_ratio_only,25,-,80,66.48980000000002,112,0.002
15411,abl_ratio_only,50,-,137,111.27259999999998,237,0.004
15411,abl_ratio_only,75,-,167,127.93379999999995,340,0.004
15426,abl_ratio_only,100,-,61,52.29856666666667,141,0.002
15426,abl_ratio_only,25,-,13,12.035366666666667,17,0.0
15426,abl_ratio_only,50,-,30,28.999999999999996,34,0.001
15426,abl_ratio_only,75,-,47,43.660433333333344,82,0.002
15434,abl_ratio_only,100,-,103,72.11733333333335,215,0.002
15434,abl_ratio_only,25,-,22,17.4747,42,0.001
15434,abl_ratio_only,50,-,65,51.75036666666666,106,0.001
15434,abl_ratio_only,75,-,94,68.14096666666669,162,0.002
15450,abl_ratio_only,100,-,56,47.320699999999995,118,0.002
15450,abl_ratio_only,25,-,11,10.1343,17,0.0
15450,abl_ratio_only,50,-,26,23.7881,32,0.001
15450,abl_ratio_only,75,-,40,35.043,71,0.001
15461,abl_ratio_only,100,-,140,108.33826666666667,289,0.004
15461,abl_ratio_only,25,-,45,39.84226666666667,74,0.001
15461,abl_ratio_only,50,-,97,86.3001,142,0.003
15461,abl_ratio_only,75,-,122,103.26550000000002,221,0.004
15475,abl_ratio_only,100,-,90,60.88523333333333,200,0.003
15475,abl_ratio_only,25,-,27,21.430033333333334,40,0.001
15475,abl_ratio_only,50,-,47,36.898500000000006,107,0.001
15475,abl_ratio_only,75,-,77,54.596166666666676,154,0.002
15486,abl_ratio_only,100,-,124,86.54453333333332,344,0.002
15486,abl_ratio_only,25,-,46,35.5267,86,0.001
15486,abl_ratio_only,50,-,90,67.01169999999999,166,0.002
15486,abl_ratio_only,75,-,104,78.9890333333333,231,0.002
15500,abl_ratio_only,100,-,86,69.25240000000001,231,0.002
15500,abl_ratio_only,25,-,19,17.4268,28,0.001
15500,abl_ratio_only,50,-,53,46.291799999999995,116,0.001
15500,abl_ratio_only,75,-,74,62.46536666666667,149,0.002
15501,abl_ratio_only,100,-,167,159.17996666666667,379,0.005
15501,abl_ratio_only,25,-,65,71.17996666666666,91,0.002
15501,abl_ratio_only,50,-,118,126.85206666666667,182,0.004
15501,abl_ratio_only,75,-,150,145.71469999999997,278,0.004
15534,abl_ratio_only,100,-,75,49.36886666666667,187,0.002
15534,abl_ratio_only,25,-,19,12.531099999999999,29,0.0
15534,abl_ratio_only,50,-,37,24.97866666666667,90,0.001
15534,abl_ratio_only,75,-,62,44.76836666666667,113,0.001
15556,abl_ratio_only,100,-,148,125.23816666666666,322,0.005
15556,abl_ratio_only,25,-,55,44.00826666666667,71,0.001
15556,abl_ratio_only,50,-,99,92.96406666666664,160,0.003
15556,abl_ratio_only,75,-,127,111.16896666666665,246,0.005
15565,abl_ratio_only,100,-,103,97.19539999999999,201,0.003
15565,abl_ratio_only,25,-,27,23.824899999999996,42,0.001
15565,abl_ratio_only,50,-,66,62.84786666666666,83,0.002
15565,abl_ratio_only,75,-,95,88.48043333333334,164,0.002
15574,abl_ratio_only,100,-,154,182.70653333333348,380,0.004
15574,abl_ratio_only,25,-,54,87.90876666666668,97,0.002
15574,abl_ratio_only,50,-,108,147.76883333333348,184,0.003
15574,abl_ratio_only,75,-,131,171.25323333333344,281,0.004
15580,abl_ratio_only,100,-,63,58.05523333333335,219,0.001
15580,abl_ratio_only,25,-,5,5.5557,26,0.0
15580,abl_ratio_only,50,-,43,43.14483333333333,102,0.0
15580,abl_ratio_only,75,-,54,53.934799999999996,139,0.001
15586,abl_ratio_only,100,-,73,61.800333333333334,152,0.002
15586,abl_ratio_only,25,-,13,11.562966666666666,21,0.0
15586,abl_ratio_only,50,-,33,29.55003333333333,77,0.001
15586,abl_ratio_only,75,-,53,45.18423333333333,117,0.001
15593,abl_ratio_only,100,-,228,351.8335999999999,459,0.005
15593,abl_ratio_only,25,-,77,138.9989,106,0.002
15593,abl_ratio_only,50,-,158,265.1842999999999,226,0.004
15593,abl_ratio_only,75,-,206,331.67413333333326,350,0.005
15628,abl_ratio_only,100,-,160,277.8361666666667,427,0.004
15628,abl_ratio_only,25,-,58,138.27633333333335,103,0.002
15628,abl_ratio_only,50,-,117,236.8982666666667,212,0.003
15628,abl_ratio_only,75,-,147,270.5814666666667,309,0.004
15699,abl_ratio_only,100,-,45,55.81893333333333,71,0.001
15699,abl_ratio_only,25,-,8,4.998,12,0.0
15699,abl_ratio_only,50,-,21,21.209533333333333,25,0.0
15699,abl_ratio_only,75,-,32,35.90233333333333,55,0.001
15738,abl_ratio_only,100,-,200,197.74166666666667,454,0.006
15738,abl_ratio_only,25,-,90,112.88429999999998,111,0.003
15738,abl_ratio_only,50,-,153,161.60236666666674,220,0.005
15738,abl_ratio_only,75,-,184,190.89843333333334,341,0.006
15762,abl_ratio_only,100,-,30,44.98349999999999,69,0.001
15762,abl_ratio_only,25,-,5,5.933333333333334,10,0.0
15762,abl_ratio_only,50,-,17,23.867099999999997,22,0.0
15762,abl_ratio_only,75,-,21,31.867099999999997,26,0.001
15806,abl_ratio_only,100,-,206,197.6387,455,0.007
15806,abl_ratio_only,25,-,80,92.17733333333332,112,0.003
15806,abl_ratio_only,50,-,143,155.3143666666667,226,0.005
15806,abl_ratio_only,75,-,183,184.87476666666666,340,0.006
15815,abl_ratio_only,100,-,134,164.15773333333337,330,0.003
15815,abl_ratio_only,25,-,43,76.56836666666666,72,0.001
15815,abl_ratio_only,50,-,80,126.84516666666669,155,0.003
15815,abl_ratio_only,75,-,117,151.35713333333345,238,0.003
15820,abl_ratio_only,100,-,145,130.3413333333333,319,0.005
15820,abl_ratio_only,25,-,50,55.62703333333333,81,0.002
15820,abl_ratio_only,50,-,98,106.14799999999998,164,0.004
15820,abl_ratio_only,75,-,123,120.70056666666663,243,0.005
15848,abl_ratio_only,100,-,86,69.59463333333335,200,0.002
15848,abl_ratio_only,25,-,15,19.045033333333333,28,0.0
15848,abl_ratio_only,50,-,53,47.594400000000014,107,0.001
15848,abl_ratio_only,75,-,79,65.39533333333334,150,0.002
15857,abl_ratio_only,100,-,71,75.79343333333334,176,0.003
15857,abl_ratio_only,25,-,24,24.2826,33,0.001
15857,abl_ratio_only,50,-,44,55.07863333333333,82,0.001
15857,abl_ratio_only,75,-,61,69.90803333333332,123,0.002
15862,abl_ratio_only,100,-,128,122.14610000000003,313,0.004
15862,abl_ratio_only,25,-,49,51.82803333333332,76,0.001
15862,abl_ratio_only,50,-,90,97.35459999999999,156,0.003
15862,abl_ratio_only,75,-,114,115.8199,234,0.004
15883,abl_ratio_only,100,-,205,229.0631000000001,476,0.006
15883,abl_ratio_only,25,-,83,124.21273333333335,113,0.003
15883,abl_ratio_only,50,-,140,192.24999999999991,237,0.005
15883,abl_ratio_only,75,-,190,222.88190000000014,356,0.006
15884,abl_ratio_only,100,-,156,167.29443333333347,394,0.004
15884,abl_ratio_only,25,-,63,77.61196666666669,87,0.002
15884,abl_ratio_only,50,-,109,137.2452666666667,200,0.003
15884,abl_ratio_only,75,-,142,159.24313333333347,279,0.004
16013,abl_ratio_only,100,-,133,156.0065333333332,310,0.004
16013,abl_ratio_only,25,-,49,81.76943333333334,73,0.001
16013,abl_ratio_only,50,-,81,126.00986666666667,154,0.003
16013,abl_ratio_only,75,-,109,144.99736666666658,231,0.004
16231,abl_ratio_only,100,-,248,238.84083333333334,543,0.005
16231,abl_ratio_only,25,-,92,112.34349999999998,135,0.003
16231,abl_ratio_only,50,-,177,188.25379999999998,269,0.005
16231,abl_ratio_only,75,-,223,222.58270000000005,406,0.005
16232,abl_ratio_only,100,-,150,130.3056,384,0.004
16232,abl_ratio_only,25,-,55,56.89563333333333,91,0.002
16232,abl_ratio_only,50,-,106,109.86240000000001,181,0.004
16232,abl_ratio_only,75,-,126,124.79163333333335,291,0.004
16301,abl_ratio_only,100,-,98,77.29513333333335,230,0.006
16301,abl_ratio_only,25,-,29,27.5906,53,0.001
16301,abl_ratio_only,50,-,65,58.303233333333345,117,0.002
16301,abl_ratio_only,75,-,86,69.55943333333337,160,0.005
16329,abl_ratio_only,100,-,124,96.80253333333333,296,0.004
16329,abl_ratio_only,25,-,43,36.595700000000015,71,0.001
16329,abl_ratio_only,50,-,82,74.37446666666668,150,0.003
16329,abl_ratio_only,75,-,105,87.17259999999999,234,0.004
16504,abl_ratio_only,100,-,58,40.75193333333333,152,0.001
16504,abl_ratio_only,25,-,12,11.231200000000001,19,0.0
16504,abl_ratio_only,50,-,30,25.92203333333333,54,0.001
16504,abl_ratio_only,75,-,50,38.73313333333333,109,0.001
20418,abl_ratio_only,100,-,121,114.44753333333331,233,0.003
20418,abl_ratio_only,25,-,32,31.40976666666667,49,0.001
20418,abl_ratio_only,50,-,79,74.54606666666668,127,0.002
20418,abl_ratio_only,75,-,105,99.83919999999999,185,0.003
10781,ilp_uav,100,-,295,470.17386666666664,636,120.217
10781,ilp_uav,25,-,140,302.05223333333333,160,120.225
10781,ilp_uav,50,-,221,426.3781,316,120.141
10781,ilp_uav,75,-,271,464.72313333333335,465,120.108
10793,ilp_uav,100,-,97,191.5943,216,1.562
10793,ilp_uav,25,-,20,51.0426,28,0.03
10793,ilp_uav,50,-,57,133.85829999999999,91,0.143
10793,ilp_uav,75,-,83,180.1367,160,1.017
10803,ilp_uav,100,-,216,298.98883333333333,443,120.179
10803,ilp_uav,25,-,88,190.62176666666667,109,0.452
10803,ilp_uav,50,-,153,264.2896333333333,214,120.121
10803,ilp_uav,75,-,196,295.83983333333333,323,120.104
10842,ilp_uav,100,-,173,237.98183333333333,372,120.067
10842,ilp_uav,25,-,60,130.67993333333334,94,0.257
10842,ilp_uav,50,-,120,209.4261,192,16.729
10842,ilp_uav,75,-,160,233.60076666666666,284,28.464
10860,ilp_uav,100,-,295,368.64453333333336,533,120.118
10860,ilp_uav,25,-,120,213.32126666666667,138,2.809
10860,ilp_uav,50,-,212,315.00243333333333,262,120.104
10860,ilp_uav,75,-,276,360.19556666666665,418,120.103
10866,ilp_uav,100,-,155,227.69586666666666,274,45.022
10866,ilp_uav,25,-,51,94.37766666666667,70,0.112
10866,ilp_uav,50,-,112,189.0829,139,0.572
10866,ilp_uav,75,-,137,221.78946666666667,205,27.405
10869,ilp_uav,100,-,89,137.81576666666666,179,5.65
10869,ilp_uav,25,-,20,34.70386666666666,41,0.045
10869,ilp_uav,50,-,55,96.80476666666667,92,0.137
10869,ilp_uav,75,-,68,122.27906666666667,140,1.537
10892,ilp_uav,100,-,165,282.4507,364,49.929
10892,ilp_uav,25,-,57,118.8904,85,0.168
10892,ilp_uav,50,-,118,236.1955,182,2.672
10892,ilp_uav,75,-,148,276.9953,274,52.225
10925,ilp_uav,100,-,66,121.11593333333333,151,2.151
10925,ilp_uav,25,-,13,21.2211,20,0.046
10925,ilp_uav,50,-,34,65.73373333333333,59,0.104
10925,ilp_uav,75,-,50,99.21293333333334,85,0.713
10942,ilp_uav,100,-,152,251.03126666666665,297,117.145
10942,ilp_uav,25,-,39,75.8001,53,0.112
10942,ilp_uav,50,-,105,194.6801,150,0.788
10942,ilp_uav,75,-,124,223.5489,225,120.123
10954,ilp_uav,100,-,201,186.14516666666665,418,120.095
10954,ilp_uav,25,-,74,78.9442,102,0.446
10954,ilp_uav,50,-,146,143.36673333333334,208,120.053
10954,ilp_uav,75,-,189,176.71686666666668,323,120.115
10963,ilp_uav,100,-,175,220.99263333333334,359,120.214
10963,ilp_uav,25,-,61,109.61853333333333,86,0.223
10963,ilp_uav,50,-,124,194.31976666666668,176,21.192
10963,ilp_uav,75,-,156,216.80386666666666,269,120.185
10966,ilp_uav,100,-,44,48.41173333333333,85,0.071
10966,ilp_uav,25,-,9,8.4649,16,0.021
10966,ilp_uav,50,-,21,27.047066666666666,32,0.036
10966,ilp_uav,75,-,31,40.042633333333335,48,0.044
10985,ilp_uav,100,-,171,198.5432,352,120.151
10985,ilp_uav,25,-,61,101.09093333333334,85,0.222
10985,ilp_uav,50,-,123,174.27726666666666,165,120.269
10985,ilp_uav,75,-,158,196.51813333333334,258,87.578
10997,ilp_uav,100,-,305,370.8965333333333,595,120.124
10997,ilp_uav,25,-,123,202.31146666666666,150,3.003
10997,ilp_uav,50,-,234,310.8131666666667,298,120.108
10997,ilp_uav,75,-,283,360.0472,450,120.092
11000,ilp_uav,100,-,133,232.46846666666667,310,0.823
11000,ilp_uav,25,-,43,88.25696666666667,75,0.1
11000,ilp_uav,50,-,96,201.25343333333333,156,0.981
11000,ilp_uav,75,-,115,227.41823333333332,239,4.086
11005,ilp_uav,100,-,216,409.24263333333334,447,120.103
11005,ilp_uav,25,-,95,225.19813333333335,112,0.461
11005,ilp_uav,50,-,168,358.81103333333334,225,120.099
11005,ilp_uav,75,-,201,402.1852333333333,339,120.1
11015,ilp_uav,100,-,295,261.7668,588,120.115
11015,ilp_uav,25,-,126,134.9102,149,2.074
11015,ilp_uav,50,-,220,218.90823333333333,289,120.106
11015,ilp_uav,75,-,264,245.6012,443,120.093
11018,ilp_uav,100,-,272,253.70053333333334,542,120.177
11018,ilp_uav,25,-,111,132.98773333333332,138,3.299
11018,ilp_uav,50,-,206,222.2416,272,120.165
11018,ilp_uav,75,-,249,246.60036666666667,394,120.161
11046,ilp_uav,100,-,228,276.32233333333335,473,120.126
11046,ilp_uav,25,-,102,189.87886666666665,115,0.442
11046,ilp_uav,50,-,180,257.5758,237,120.189
11046,ilp_uav,75,-,214,274.9284666666667,359,58.633
11072,ilp_uav,100,-,89,158.37453333333335,175,0.631
11072,ilp_uav,25,-,13,31.3741,22,0.029
11072,ilp_uav,50,-,40,90.9775,96,0.095
11072,ilp_uav,75,-,69,145.98276666666666,145,0.603
11086,ilp_uav,100,-,74,41.46856666666667,167,1.167
11086,ilp_uav,25,-,14,7.712266666666666,22,0.028
11086,ilp_uav,50,-,46,27.9698,71,0.057
11086,ilp_uav,75,-,65,38.838366666666666,107,0.303
11113,ilp_uav,100,-,154,225.4401,342,30.474
11113,ilp_uav,25,-,58,93.15523333333333,85,0.105
11113,ilp_uav,50,-,111,193.61403333333334,166,2.466
11113,ilp_uav,75,-,142,219.6285,255,25.751
11116,ilp_uav,100,-,175,133.87926666666667,401,120.115
11116,ilp_uav,25,-,65,57.1461,98,0.166
11116,ilp_uav,50,-,131,108.29543333333334,191,82.875
11116,ilp_uav,75,-,160,129.4609,299,119.879
11122,ilp_uav,100,-,183,170.40196666666665,392,120.201
11122,ilp_uav,25,-,71,86.24363333333334,99,0.485
11122,ilp_uav,50,-,137,153.8601,199,92.904
11122,ilp_uav,75,-,168,167.11046666666667,302,120.161
11125,ilp_uav,100,-,216,179.19216666666668,469,120.17
11125,ilp_uav,25,-,89,97.96956666666667,115,0.608
11125,ilp_uav,50,-,167,162.89073333333334,227,120.109
11125,ilp_uav,75,-,198,176.25223333333332,342,120.105
11133,ilp_uav,100,-,73,85.30273333333334,157,0.535
11133,ilp_uav,25,-,23,32.231966666666665,30,0.035
11133,ilp_uav,50,-,49,67.48906666666667,79,0.072
11133,ilp_uav,75,-,62,83.02073333333334,111,0.555
11150,ilp_uav,100,-,74,51.3268,184,2.066
11150,ilp_uav,25,-,13,10.4921,23,0.025
11150,ilp_uav,50,-,46,34.110566666666664,66,0.05
11150,ilp_uav,75,-,71,49.244366666666664,131,0.271
11160,ilp_uav,100,-,251,255.24866666666668,535,120.129
11160,ilp_uav,25,-,100,133.59326666666666,131,0.784
11160,ilp_uav,50,-,186,207.72103333333334,268,120.075
11160,ilp_uav,75,-,225,241.1159,396,120.07
11177,ilp_uav,100,-,299,271.87786666666665,528,120.145
11177,ilp_uav,25,-,119,132.98329999999999,133,1.314
11177,ilp_uav,50,-,212,220.34786666666668,268,120.119
11177,ilp_uav,75,-,264,259.8084,402,120.095
11186,ilp_uav,100,-,57,29.075366666666667,146,0.849
11186,ilp_uav,25,-,3,2.481133333333333,9,0.019
11186,ilp_uav,50,-,30,17.107233333333333,57,0.048
11186,ilp_uav,75,-,51,28.291633333333333,111,0.073
11191,ilp_uav,100,-,113,78.94763333333333,200,1.15
11191,ilp_uav,25,-,30,26.9979,39,0.049
11191,ilp_uav,50,-,73,61.4336,111,0.125
11191,ilp_uav,75,-,102,76.75543333333333,159,0.834
11207,ilp_uav,100,-,146,178.14736666666667,310,71.463
11207,ilp_uav,25,-,33,61.7193,38,0.048
11207,ilp_uav,50,-,95,137.72916666666666,156,3.144
11207,ilp_uav,75,-,130,164.4326,247,49.747
11211,ilp_uav,100,-,100,165.05606666666668,224,1.754
11211,ilp_uav,25,-,19,42.4145,41,0.036
11211,ilp_uav,50,-,59,130.55783333333332,112,0.164
11211,ilp_uav,75,-,86,159.29236666666668,155,0.897
11230,ilp_uav,100,-,178,158.72643333333335,371,120.156
11230,ilp_uav,25,-,55,64.5982,91,0.155
11230,ilp_uav,50,-,116,127.03496666666666,183,22.924
11230,ilp_uav,75,-,154,150.86213333333333,266,90.167
11231,ilp_uav,100,-,214,215.49143333333333,506,120.129
11231,ilp_uav,25,-,96,136.5816,125,1.055
11231,ilp_uav,50,-,159,194.00143333333332,245,120.152
11231,ilp_uav,75,-,191,211.65656666666666,360,120.154
11266,ilp_uav,100,-,268,259.04703333333333,503,120.154
11266,ilp_uav,25,-,110,114.47503333333333,129,1.117
11266,ilp_uav,50,-,193,194.7568,254,120.107
11266,ilp_uav,75,-,248,243.62846666666667,398,120.083
11275,ilp_uav,100,-,288,289.906,547,120.135
11275,ilp_uav,25,-,112,125.67203333333333,135,1.358
11275,ilp_uav,50,-,206,222.85896666666667,271,120.095
11275,ilp_uav,75,-,266,273.5861,411,120.087
11283,ilp_uav,100,-,224,249.76,508,120.223
11283,ilp_uav,25,-,95,143.21626666666666,116,1.902
11283,ilp_uav,50,-,183,224.1492,252,120.088
11283,ilp_uav,75,-,216,244.97493333333333,364,120.114
11288,ilp_uav,100,-,322,364.13983333333334,537,120.118
11288,ilp_uav,25,-,130,171.5155,141,4.652
11288,ilp_uav,50,-,243,299.9873666666667,279,120.111
11288,ilp_uav,75,-,296,351.48856666666666,423,120.147
11304,ilp_uav,100,-,284,253.92983333333333,582,120.204
11304,ilp_uav,25,-,126,118.32933333333334,149,5.941
11304,ilp_uav,50,-,219,203.1231,284,120.158
11304,ilp_uav,75,-,266,242.52823333333333,449,120.162
11307,ilp_uav,100,-,209,177.3748,413,120.104
11307,ilp_uav,25,-,85,77.3197,106,0.491
11307,ilp_uav,50,-,149,138.45263333333332,215,120.123
11307,ilp_uav,75,-,193,167.6386,308,120.097
11336,ilp_uav,100,-,349,342.319,651,120.139
11336,ilp_uav,25,-,154,169.87283333333335,164,3.112
11336,ilp_uav,50,-,263,272.09906666666666,322,120.099
11336,ilp_uav,75,-,330,327.9068,499,120.173
11337,ilp_uav,100,-,349,350.01036666666664,626,120.094
11337,ilp_uav,25,-,142,163.1406,158,120.151
11337,ilp_uav,50,-,256,273.2649333333333,309,120.088
11337,ilp_uav,75,-,328,338.3879333333333,476,120.132
11345,ilp_uav,100,-,341,367.23946666666666,633,120.135
11345,ilp_uav,25,-,142,176.69786666666667,160,13.473
11345,ilp_uav,50,-,253,287.4311666666667,324,120.068
11345,ilp_uav,75,-,318,345.60923333333335,467,120.079
11346,ilp_uav,100,-,307,318.1329666666667,629,120.124
11346,ilp_uav,25,-,133,166.2672,154,7.689
11346,ilp_uav,50,-,232,259.467,313,120.085
11346,ilp_uav,75,-,280,301.13013333333333,452,120.081
11359,ilp_uav,100,-,316,490.47473333333335,594,120.142
11359,ilp_uav,25,-,121,255.28256666666667,140,120.151
11359,ilp_uav,50,-,222,393.2853333333333,286,120.086
11359,ilp_uav,75,-,288,460.7470666666667,436,120.106
11372,ilp_uav,100,-,224,177.99223333333333,466,120.151
11372,ilp_uav,25,-,95,82.7284,117,1.069
11372,ilp_uav,50,-,167,145.44716666666667,234,120.164
11372,ilp_uav,75,-,203,169.67143333333334,344,120.188
11384,ilp_uav,100,-,230,193.82506666666666,411,120.138
11384,ilp_uav,25,-,88,78.7992,102,0.437
11384,ilp_uav,50,-,152,135.33893333333333,203,120.082
11384,ilp_uav,75,-,202,176.3858,305,120.089
11391,ilp_uav,100,-,259,399.4932333333333,497,120.143
11391,ilp_uav,25,-,91,203.0893,118,0.946
11391,ilp_uav,50,-,191,346.8958666666667,249,120.088
11391,ilp_uav,75,-,229,390.1949333333333,369,120.097
11392,ilp_uav,100,-,226,262.18236666666667,421,120.092
11392,ilp_uav,25,-,86,135.7521,105,0.243
11392,ilp_uav,50,-,161,220.07913333333335,215,120.116
11392,ilp_uav,75,-,203,254.21893333333333,313,120.134
11403,ilp_uav,100,-,248,424.0074,430,120.124
11403,ilp_uav,25,-,84,165.12463333333332,111,0.466
11403,ilp_uav,50,-,166,325.4532,233,110.355
11403,ilp_uav,75,-,225,409.67406666666665,349,120.084
11420,ilp_uav,100,-,201,201.29153333333332,445,120.154
11420,ilp_uav,25,-,75,91.3363,108,0.221
11420,ilp_uav,50,-,154,169.5946,227,55.998
11420,ilp_uav,75,-,188,197.0077,328,120.076
11421,ilp_uav,100,-,258,207.91156666666666,513,120.15
11421,ilp_uav,25,-,115,109.8429,133,1.049
11421,ilp_uav,50,-,203,180.32983333333334,264,92.393
11421,ilp_uav,75,-,241,201.2741,384,120.103
11437,ilp_uav,100,-,240,209.51536666666667,490,120.095
11437,ilp_uav,25,-,102,93.4192,126,0.556
11437,ilp_uav,50,-,179,164.9549,255,120.142
11437,ilp_uav,75,-,221,195.06436666666667,376,120.097
11451,ilp_uav,100,-,283,315.3883666666667,548,120.138
11451,ilp_uav,25,-,117,173.4816,133,2.424
11451,ilp_uav,50,-,204,271.884,272,120.106
11451,ilp_uav,75,-,260,310.2078,402,120.102
11452,ilp_uav,100,-,270,323.07466666666664,533,120.141
11452,ilp_uav,25,-,111,188.38803333333334,131,1.937
11452,ilp_uav,50,-,187,272.5953,262,120.102
11452,ilp_uav,75,-,239,312.5779,379,120.1
11481,ilp_uav,100,-,274,362.7505,520,120.158
11481,ilp_uav,25,-,114,215.4939,132,27.742
11481,ilp_uav,50,-,197,295.45006666666666,259,120.121
11481,ilp_uav,75,-,242,343.0552333333333,391,120.095
11482,ilp_uav,100,-,286,548.6462666666666,517,120.128
11482,ilp_uav,25,-,115,280.1089666666667,133,4.931
11482,ilp_uav,50,-,198,442.6836,259,120.097
11482,ilp_uav,75,-,269,532.7554666666666,403,120.094
11491,ilp_uav,100,-,167,185.42483333333334,332,120.158
11491,ilp_uav,25,-,51,63.054633333333335,86,0.16
11491,ilp_uav,50,-,112,143.74216666666666,171,3.056
11491,ilp_uav,75,-,148,173.32696666666666,258,120.113
11511,ilp_uav,100,-,75,99.0766,152,0.293
11511,ilp_uav,25,-,9,7.8496,19,0.023
11511,ilp_uav,50,-,24,43.8402,37,0.038
11511,ilp_uav,75,-,51,75.6037,83,0.237
11553,ilp_uav,100,-,205,158.6924,408,120.203
11553,ilp_uav,25,-,69,63.80193333333333,98,0.269
11553,ilp_uav,50,-,144,124.88903333333333,201,6.508
11553,ilp_uav,75,-,182,150.15676666666667,304,120.15
11556,ilp_uav,100,-,278,248.3957,556,120.113
11556,ilp_uav,25,-,122,124.41593333333333,140,1.29
11556,ilp_uav,50,-,210,199.30186666666665,273,120.086
11556,ilp_uav,75,-,260,241.73213333333334,427,120.076
11610,ilp_uav,100,-,146,140.79393333333334,255,120.049
11610,ilp_uav,25,-,29,29.0,33,0.092
11610,ilp_uav,50,-,84,81.7609,130,0.54
11610,ilp_uav,75,-,126,122.34096666666667,184,23.762
11631,ilp_uav,100,-,135,103.70316666666666,335,71.244
11631,ilp_uav,25,-,39,32.63583333333333,77,0.08
11631,ilp_uav,50,-,102,83.3139,157,0.597
11631,ilp_uav,75,-,122,97.99273333333333,250,42.737
11639,ilp_uav,100,-,276,295.52253333333334,580,65.266
11639,ilp_uav,25,-,121,183.9464,147,1.295
11639,ilp_uav,50,-,208,270.8603,295,120.093
11639,ilp_uav,75,-,249,291.5426,441,120.126
11680,ilp_uav,100,-,170,239.60223333333334,317,120.068
11680,ilp_uav,25,-,55,102.46876666666667,82,0.093
11680,ilp_uav,50,-,104,192.24873333333332,163,1.375
11680,ilp_uav,75,-,147,230.97133333333332,235,34.698
11690,ilp_uav,100,-,158,152.37333333333333,276,120.074
11690,ilp_uav,25,-,34,33.8755,38,0.096
11690,ilp_uav,50,-,95,93.29266666666666,135,0.306
11690,ilp_uav,75,-,137,133.95313333333334,193,16.58
11702,ilp_uav,100,-,231,324.8146,486,120.124
11702,ilp_uav,25,-,85,182.14336666666668,113,2.149
11702,ilp_uav,50,-,170,285.1382,241,120.163
11702,ilp_uav,75,-,211,313.4865,357,120.101
11703,ilp_uav,100,-,204,285.1455,482,56.868
11703,ilp_uav,25,-,85,156.11156666666668,120,0.346
11703,ilp_uav,50,-,153,250.6961,243,55.016
11703,ilp_uav,75,-,190,282.7069666666667,369,49.975
11712,ilp_uav,100,-,198,189.33006666666665,342,69.5
11712,ilp_uav,25,-,76,100.829,85,0.424
11712,ilp_uav,50,-,146,163.50546666666668,177,38.037
11712,ilp_uav,75,-,178,181.51946666666666,260,120.134
11714,ilp_uav,100,-,185,186.99693333333335,358,120.163
11714,ilp_uav,25,-,55,79.9547,93,0.372
11714,ilp_uav,50,-,127,153.9203,178,4.975
11714,ilp_uav,75,-,163,179.90196666666668,278,120.145
11725,ilp_uav,100,-,231,265.5237,478,120.106
11725,ilp_uav,25,-,91,149.9211,119,1.76
11725,ilp_uav,50,-,171,226.0802,243,120.117
11725,ilp_uav,75,-,209,255.54516666666666,362,120.087
11768,ilp_uav,100,-,76,69.32883333333334,152,6.194
11768,ilp_uav,25,-,13,11.616566666666667,21,0.033
11768,ilp_uav,50,-,32,29.7704,42,0.032
11768,ilp_uav,75,-,57,54.6788,87,0.251
11823,ilp_uav,100,-,192,277.16693333333336,478,109.393
11823,ilp_uav,25,-,78,176.4722,114,5.822
11823,ilp_uav,50,-,139,248.4999,237,53.903
11823,ilp_uav,75,-,174,272.65066666666667,359,70.926
11826,ilp_uav,100,-,73,100.7029,136,0.604
11826,ilp_uav,25,-,11,8.555733333333333,19,0.029
11826,ilp_uav,50,-,27,39.2669,54,0.044
11826,ilp_uav,75,-,55,79.72063333333334,109,0.09
11836,ilp_uav,100,-,160,333.3482,336,120.157
11836,ilp_uav,25,-,52,107.5845,84,0.12
11836,ilp_uav,50,-,105,245.21083333333334,151,2.64
11836,ilp_uav,75,-,153,317.664,251,88.533
11842,ilp_uav,100,-,148,122.2177,320,24.76
11842,ilp_uav,25,-,51,63.19813333333333,82,0.251
11842,ilp_uav,50,-,107,105.46966666666667,156,1.851
11842,ilp_uav,75,-,134,119.63803333333334,243,14.142
11868,ilp_uav,100,-,237,239.69093333333333,522,120.196
11868,ilp_uav,25,-,97,148.25266666666667,129,1.612
11868,ilp_uav,50,-,178,225.33216666666667,256,120.097
11868,ilp_uav,75,-,211,236.70413333333335,392,120.147
11876,ilp_uav,100,-,195,260.7123,366,120.17
11876,ilp_uav,25,-,70,128.67846666666668,89,0.304
11876,ilp_uav,50,-,137,214.3796,185,120.186
11876,ilp_uav,75,-,183,252.27496666666667,270,120.093
11905,ilp_uav,100,-,159,263.5040666666667,275,120.173
11905,ilp_uav,25,-,51,89.59453333333333,72,0.192
11905,ilp_uav,50,-,99,211.243,142,1.525
11905,ilp_uav,75,-,136,251.5997,218,54.898
11999,ilp_uav,100,-,193,242.01466666666667,420,120.079
11999,ilp_uav,25,-,70,139.74006666666668,101,0.754
11999,ilp_uav,50,-,139,217.42883333333333,210,84.681
11999,ilp_uav,75,-,177,240.1215,313,57.111
12003,ilp_uav,100,-,248,277.5298,504,120.122
12003,ilp_uav,25,-,96,168.02753333333334,129,1.274
12003,ilp_uav,50,-,180,254.6349,261,113.379
12003,ilp_uav,75,-,223,275.1612333333333,390,116.778
12016,ilp_uav,100,-,114,88.23196666666666,221,33.534
12016,ilp_uav,25,-,28,21.7543,45,0.089
12016,ilp_uav,50,-,77,63.78893333333333,118,0.139
12016,ilp_uav,75,-,102,80.09196666666666,175,58.336
12017,ilp_uav,100,-,150,112.85023333333334,332,120.197
12017,ilp_uav,25,-,44,38.98413333333333,64,0.057
12017,ilp_uav,50,-,108,88.50076666666666,162,2.415
12017,ilp_uav,75,-,131,108.53636666666667,259,38.884
12024,ilp_uav,100,-,178,116.43613333333333,409,120.122
12024,ilp_uav,25,-,70,55.2682,98,0.381
12024,ilp_uav,50,-,128,98.33586666666666,202,37.596
12024,ilp_uav,75,-,165,113.85276666666667,301,58.632
12034,ilp_uav,100,-,128,266.7321333333333,300,21.732
12034,ilp_uav,25,-,34,65.96436666666666,62,0.097
12034,ilp_uav,50,-,93,218.91673333333333,145,0.96
12034,ilp_uav,75,-,111,251.13883333333334,229,26.243
12036,ilp_uav,100,-,117,73.95943333333334,221,4.812
12036,ilp_uav,25,-,30,24.498633333333334,44,0.042
12036,ilp_uav,50,-,67,52.26573333333333,102,0.364
12036,ilp_uav,75,-,98,69.97216666666667,164,3.392
12045,ilp_uav,100,-,97,77.6936,208,0.906
12045,ilp_uav,25,-,26,27.7078,41,0.039
12045,ilp_uav,50,-,60,61.17556666666667,114,0.106
12045,ilp_uav,75,-,88,76.36523333333334,171,3.156
12047,ilp_uav,100,-,76,91.13856666666666,193,1.325
12047,ilp_uav,25,-,14,12.0302,23,0.024
12047,ilp_uav,50,-,43,58.748266666666666,101,0.049
12047,ilp_uav,75,-,68,87.3563,150,0.519
12069,ilp_uav,100,-,83,55.7036,190,10.086
12069,ilp_uav,25,-,11,8.579633333333334,26,0.042
12069,ilp_uav,50,-,51,38.63243333333333,96,0.102
12069,ilp_uav,75,-,74,53.20223333333333,142,1.094
12077,ilp_uav,100,-,199,199.30516666666668,427,69.771
12077,ilp_uav,25,-,78,110.4867,102,0.232
12077,ilp_uav,50,-,139,168.30156666666667,201,120.083
12077,ilp_uav,75,-,180,194.66923333333332,314,120.097
12078,ilp_uav,100,-,273,353.7128333333333,526,120.122
12078,ilp_uav,25,-,109,190.9441,134,1.642
12078,ilp_uav,50,-,198,298.8181666666667,266,120.088
12078,ilp_uav,75,-,249,338.049,392,120.096
12081,ilp_uav,100,-,323,389.8363,616,120.118
12081,ilp_uav,25,-,135,208.44056666666665,156,5.68
12081,ilp_uav,50,-,243,323.4954,314,120.178
12081,ilp_uav,75,-,304,381.2364333333333,449,120.114
12087,ilp_uav,100,-,167,124.0606,364,120.131
12087,ilp_uav,25,-,61,56.830466666666666,92,0.192
12087,ilp_uav,50,-,121,105.84963333333333,181,4.021
12087,ilp_uav,75,-,152,120.42383333333333,277,120.136
12091,ilp_uav,100,-,68,56.302166666666665,165,1.948
12091,ilp_uav,25,-,5,3.737633333333333,21,0.025
12091,ilp_uav,50,-,42,36.64823333333333,68,0.029
12091,ilp_uav,75,-,58,50.60053333333333,97,0.256
12093,ilp_uav,100,-,88,70.5703,200,11.478
12093,ilp_uav,25,-,15,9.992433333333333,39,0.03
12093,ilp_uav,50,-,55,47.546033333333334,81,0.087
12093,ilp_uav,75,-,81,67.6192,149,0.672
12126,ilp_uav,100,-,98,91.33653333333334,253,5.34
12126,ilp_uav,25,-,20,35.5935,45,0.048
12126,ilp_uav,50,-,71,79.35456666666667,128,0.353
12126,ilp_uav,75,-,87,88.01703333333333,187,2.906
12133,ilp_uav,100,-,104,80.467,164,11.349
12133,ilp_uav,25,-,28,27.202833333333334,34,0.051
12133,ilp_uav,50,-,62,60.1783,68,0.101
12133,ilp_uav,75,-,84,72.88696666666667,130,23.652
12134,ilp_uav,100,-,119,96.7994,242,21.146
12134,ilp_uav,25,-,27,24.686366666666668,42,0.057
12134,ilp_uav,50,-,75,65.94956666666667,119,0.199
12134,ilp_uav,75,-,110,90.90146666666666,175,1.15
12168,ilp_uav,100,-,140,191.883,345,19.116
12168,ilp_uav,25,-,46,70.56713333333333,77,0.111
12168,ilp_uav,50,-,99,167.57546666666667,158,1.492
12168,ilp_uav,75,-,128,189.71506666666667,246,6.886
12182,ilp_uav,100,-,151,215.59476666666666,381,26.936
12182,ilp_uav,25,-,55,101.53266666666667,91,0.116
12182,ilp_uav,50,-,111,191.29426666666666,190,29.896
12182,ilp_uav,75,-,136,212.12793333333335,288,13.501
12214,ilp_uav,100,-,300,199.31753333333333,621,120.14
12214,ilp_uav,25,-,131,110.0271,151,5.501
12214,ilp_uav,50,-,225,175.91113333333334,311,120.082
12214,ilp_uav,75,-,275,195.6041,445,120.117
12221,ilp_uav,100,-,159,189.8907,274,120.198
12221,ilp_uav,25,-,53,76.68656666666666,67,0.112
12221,ilp_uav,50,-,115,159.84886666666668,138,0.594
12221,ilp_uav,75,-,139,179.84523333333334,205,120.153
12224,ilp_uav,100,-,186,288.5289333333333,382,120.134
12224,ilp_uav,25,-,76,146.40503333333334,93,0.395
12224,ilp_uav,50,-,134,255.8975,192,17.361
12224,ilp_uav,75,-,168,283.4372,278,120.17
12238,ilp_uav,100,-,69,131.54633333333334,125,0.258
12238,ilp_uav,25,-,7,16.7968,15,0.03
12238,ilp_uav,50,-,23,57.7138,31,0.034
12238,ilp_uav,75,-,48,103.48263333333334,96,0.169
12276,ilp_uav,100,-,242,505.69253333333336,441,120.18
12276,ilp_uav,25,-,95,263.6228,108,1.204
12276,ilp_uav,50,-,173,429.94036666666665,219,120.186
12276,ilp_uav,75,-,215,489.06503333333336,325,120.086
12298,ilp_uav,100,-,140,244.06210000000002,271,3.605
12298,ilp_uav,25,-,59,127.7885,69,0.14
12298,ilp_uav,50,-,97,202.744,140,1.838
12298,ilp_uav,75,-,122,238.3843,210,12.609
12324,ilp_uav,100,-,233,500.63503333333335,487,120.141
12324,ilp_uav,25,-,89,237.2304,119,0.474
12324,ilp_uav,50,-,168,411.0398,246,109.438
12324,ilp_uav,75,-,211,480.2096666666667,371,120.079
12327,ilp_uav,100,-,273,701.0318,552,120.091
12327,ilp_uav,25,-,120,331.1940333333333,138,1.341
12327,ilp_uav,50,-,203,544.1909,262,120.088
12327,ilp_uav,75,-,254,666.344,419,120.103
12365,ilp_uav,100,-,229,423.65093333333334,467,120.135
12365,ilp_uav,25,-,90,211.7908,114,0.772
12365,ilp_uav,50,-,171,351.7377,230,120.097
12365,ilp_uav,75,-,200,407.8646,331,120.099
12389,ilp_uav,100,-,205,375.2345,396,120.17
12389,ilp_uav,25,-,82,194.59133333333332,96,1.007
12389,ilp_uav,50,-,149,322.51963333333333,194,120.125
12389,ilp_uav,75,-,188,366.2291666666667,288,120.098
12437,ilp_uav,100,-,292,361.08553333333333,570,120.137
12437,ilp_uav,25,-,121,185.64896666666667,139,2.999
12437,ilp_uav,50,-,218,295.6487,279,120.125
12437,ilp_uav,75,-,260,344.40953333333334,434,120.11
12440,ilp_uav,100,-,178,258.1405,309,120.146
12440,ilp_uav,25,-,66,106.0589,77,0.174
12440,ilp_uav,50,-,128,212.8596,151,13.117
12440,ilp_uav,75,-,160,249.51976666666667,229,120.093
12469,ilp_uav,100,-,223,260.8786,474,120.155
12469,ilp_uav,25,-,88,162.16293333333334,109,1.886
12469,ilp_uav,50,-,164,237.74636666666666,232,120.113
12469,ilp_uav,75,-,198,253.88126666666668,346,120.103
12493,ilp_uav,100,-,133,115.1159,265,41.692
12493,ilp_uav,25,-,36,36.06753333333333,70,0.103
12493,ilp_uav,50,-,88,83.8893,140,0.963
12493,ilp_uav,75,-,114,104.9168,214,38.134
12501,ilp_uav,100,-,72,147.9953,158,3.704
12501,ilp_uav,25,-,15,40.3101,21,0.024
12501,ilp_uav,50,-,36,95.8496,43,0.027
12501,ilp_uav,75,-,55,133.92313333333334,91,0.174
12512,ilp_uav,100,-,94,68.58626666666666,176,1.436
12512,ilp_uav,25,-,27,21.1512,33,0.031
12512,ilp_uav,50,-,47,36.072766666666666,88,0.1
12512,ilp_uav,75,-,74,57.34486666666667,137,0.734
12514,ilp_uav,100,-,55,43.77976666666667,96,0.859
12514,ilp_uav,25,-,13,10.241933333333334,18,0.04
12514,ilp_uav,50,-,25,20.355933333333333,37,0.05
12514,ilp_uav,75,-,40,33.85973333333333,75,0.096
12538,ilp_uav,100,-,171,296.45456666666666,305,33.257
12538,ilp_uav,25,-,58,151.2296,79,0.221
12538,ilp_uav,50,-,118,244.5651,159,2.218
12538,ilp_uav,75,-,152,281.6970333333333,229,62.802
12544,ilp_uav,100,-,183,191.9395,400,89.437
12544,ilp_uav,25,-,78,116.3298,97,0.334
12544,ilp_uav,50,-,141,164.93063333333333,194,120.099
12544,ilp_uav,75,-,168,187.94913333333332,296,92.101
12548,ilp_uav,100,-,170,134.7606,355,91.136
12548,ilp_uav,25,-,49,51.905033333333336,82,0.154
12548,ilp_uav,50,-,110,105.2141,167,1.651
12548,ilp_uav,75,-,148,129.98283333333333,265,54.0
12549,ilp_uav,100,-,89,64.00996666666667,220,2.967
12549,ilp_uav,25,-,16,18.163633333333333,42,0.036
12549,ilp_uav,50,-,55,49.854033333333334,109,0.068
12549,ilp_uav,75,-,77,62.2085,151,2.791
12558,ilp_uav,100,-,52,41.6807,89,0.073
12558,ilp_uav,25,-,2,0.6082,15,0.018
12558,ilp_uav,50,-,20,17.7463,32,0.027
12558,ilp_uav,75,-,36,32.08996666666667,50,0.049
12559,ilp_uav,100,-,102,77.18416666666667,210,5.308
12559,ilp_uav,25,-,27,24.01096666666667,42,0.052
12559,ilp_uav,50,-,63,55.2867,85,0.405
12559,ilp_uav,75,-,94,72.77043333333333,166,18.083
12571,ilp_uav,100,-,174,253.57586666666666,360,34.948
12571,ilp_uav,25,-,67,109.63103333333333,88,0.2
12571,ilp_uav,50,-,128,206.61256666666668,183,3.563
12571,ilp_uav,75,-,163,244.17546666666667,269,99.556
12575,ilp_uav,100,-,160,279.6193,326,26.48
12575,ilp_uav,25,-,59,129.8869,78,0.133
12575,ilp_uav,50,-,109,228.3555,162,35.961
12575,ilp_uav,75,-,144,271.6957,240,32.535
12582,ilp_uav,100,-,114,103.473,190,120.055
12582,ilp_uav,25,-,23,22.908066666666667,27,0.045
12582,ilp_uav,50,-,66,61.850566666666666,79,0.209
12582,ilp_uav,75,-,95,87.8845,155,4.096
12592,ilp_uav,100,-,83,145.18826666666666,207,10.597
12592,ilp_uav,25,-,11,29.058,26,0.041
12592,ilp_uav,50,-,54,105.66773333333333,109,0.195
12592,ilp_uav,75,-,77,140.21356666666668,160,0.959
12596,ilp_uav,100,-,141,189.57033333333334,286,95.821
12596,ilp_uav,25,-,46,74.35866666666666,64,0.07
12596,ilp_uav,50,-,93,148.61566666666667,142,0.54
12596,ilp_uav,75,-,130,182.8992,211,8.713
12608,ilp_uav,100,-,187,137.04166666666666,410,120.145
12608,ilp_uav,25,-,75,64.11746666666667,98,0.582
12608,ilp_uav,50,-,135,113.92453333333333,197,39.334
12608,ilp_uav,75,-,165,131.2942,299,120.158
12639,ilp_uav,100,-,372,365.78613333333334,670,120.108
12639,ilp_uav,25,-,150,149.56943333333334,167,120.195
12639,ilp_uav,50,-,280,275.48446666666666,339,120.189
12639,ilp_uav,75,-,351,346.2925333333333,506,120.124
12652,ilp_uav,100,-,102,190.56,201,3.865
12652,ilp_uav,25,-,25,62.4107,37,0.049
12652,ilp_uav,50,-,60,136.4414,102,0.129
12652,ilp_uav,75,-,83,174.7402,149,1.589
12658,ilp_uav,100,-,185,212.58333333333334,346,85.057
12658,ilp_uav,25,-,65,92.8824,83,0.189
12658,ilp_uav,50,-,130,179.23386666666667,177,5.91
12658,ilp_uav,75,-,162,205.90296666666666,260,120.173
12673,ilp_uav,100,-,64,59.92346666666666,146,0.36
12673,ilp_uav,25,-,7,9.514733333333334,17,0.021
12673,ilp_uav,50,-,31,39.06726666666667,54,0.026
12673,ilp_uav,75,-,47,50.389833333333335,70,0.073
12694,ilp_uav,100,-,389,389.0,647,120.133
12694,ilp_uav,25,-,154,154.0,165,2.735
12694,ilp_uav,50,-,279,279.0,327,120.272
12694,ilp_uav,75,-,364,364.0,484,120.091
12695,ilp_uav,100,-,387,387.0,686,120.089
12695,ilp_uav,25,-,163,163.0,174,105.024
12695,ilp_uav,50,-,295,295.0,341,120.082
12695,ilp_uav,75,-,361,361.0,518,120.174
12722,ilp_uav,100,-,54,49.085966666666664,59,0.215
12722,ilp_uav,25,-,9,8.359566666666666,14,0.028
12722,ilp_uav,50,-,25,24.0122,30,0.031
12722,ilp_uav,75,-,41,39.94513333333333,46,0.03
12727,ilp_uav,100,-,147,252.41713333333334,284,28.946
12727,ilp_uav,25,-,41,95.63353333333333,56,0.056
12727,ilp_uav,50,-,92,192.8387,135,1.031
12727,ilp_uav,75,-,123,239.28376666666668,216,37.131
12733,ilp_uav,100,-,111,120.6964,247,31.594
12733,ilp_uav,25,-,30,40.50326666666667,48,0.046
12733,ilp_uav,50,-,78,99.94923333333334,121,0.194
12733,ilp_uav,75,-,100,115.21376666666667,181,3.945
12746,ilp_uav,100,-,381,381.0,699,120.173
12746,ilp_uav,25,-,164,164.0,178,3.68
12746,ilp_uav,50,-,293,293.0,352,120.131
12746,ilp_uav,75,-,364,364.0,526,120.202
12810,ilp_uav,100,-,208,193.99203333333332,414,120.105
12810,ilp_uav,25,-,85,110.95483333333334,102,0.295
12810,ilp_uav,50,-,158,168.67916666666667,206,120.173
12810,ilp_uav,75,-,187,188.38173333333333,312,120.128
12830,ilp_uav,100,-,283,272.74016666666665,550,120.098
12830,ilp_uav,25,-,115,113.08166666666666,137,1.584
12830,ilp_uav,50,-,214,207.57756666666666,274,120.082
12830,ilp_uav,75,-,264,256.8672666666667,403,120.102
12898,ilp_uav,100,-,130,219.55926666666667,322,34.621
12898,ilp_uav,25,-,44,106.5115,77,0.174
12898,ilp_uav,50,-,93,202.3761,154,1.113
12898,ilp_uav,75,-,116,216.70506666666665,241,9.667
12924,ilp_uav,100,-,114,175.31003333333334,268,1.9
12924,ilp_uav,25,-,39,78.3455,64,0.039
12924,ilp_uav,50,-,81,148.54956666666666,131,0.364
12924,ilp_uav,75,-,102,170.23416666666665,202,7.33
12931,ilp_uav,100,-,196,216.64033333333333,450,12.37
12931,ilp_uav,25,-,78,131.03416666666666,111,1.825
12931,ilp_uav,50,-,151,195.92956666666666,230,60.026
12931,ilp_uav,75,-,185,215.11596666666668,350,74.35
12932,ilp_uav,100,-,157,134.5624,316,13.727
12932,ilp_uav,25,-,44,65.5809,60,0.221
12932,ilp_uav,50,-,99,109.1773,155,1.687
12932,ilp_uav,75,-,134,127.3339,231,33.916
12950,ilp_uav,100,-,290,443.4782,554,120.097
12950,ilp_uav,25,-,116,230.33843333333334,134,2.56
12950,ilp_uav,50,-,201,367.85953333333333,258,120.089
12950,ilp_uav,75,-,260,422.15913333333333,413,120.073
12954,ilp_uav,100,-,101,169.6359,235,13.313
12954,ilp_uav,25,-,20,34.219833333333334,41,0.031
12954,ilp_uav,50,-,69,112.30136666666667,115,0.078
12954,ilp_uav,75,-,87,156.66153333333332,168,10.233
12960,ilp_uav,100,-,131,287.44853333333333,257,67.758
12960,ilp_uav,25,-,30,66.78993333333334,49,0.044
12960,ilp_uav,50,-,77,189.52926666666667,123,0.373
12960,ilp_uav,75,-,112,257.9726,181,6.769
12961,ilp_uav,100,-,56,102.4234,94,0.214
12961,ilp_uav,25,-,5,9.7248,8,0.024
12961,ilp_uav,50,-,13,25.724800000000002,16,0.024
12961,ilp_uav,75,-,38,69.48433333333334,73,0.026
13013,ilp_uav,100,-,209,208.40146666666666,463,120.124
13013,ilp_uav,25,-,81,99.1505,111,0.37
13013,ilp_uav,50,-,143,172.43813333333333,234,89.848
13013,ilp_uav,75,-,187,200.22743333333332,340,120.109
13027,ilp_uav,100,-,157,100.79616666666666,328,120.145
13027,ilp_uav,25,-,60,46.68123333333333,82,0.23
13027,ilp_uav,50,-,111,85.79273333333333,165,13.385
13027,ilp_uav,75,-,143,98.91323333333334,250,102.758
13031,ilp_uav,100,-,189,176.5779,429,80.269
13031,ilp_uav,25,-,80,88.55183333333333,110,0.587
13031,ilp_uav,50,-,137,154.13516666666666,222,120.19
13031,ilp_uav,75,-,173,174.4469,333,120.118
13045,ilp_uav,100,-,176,138.5858,369,120.107
13045,ilp_uav,25,-,66,57.63706666666667,93,0.275
13045,ilp_uav,50,-,128,109.84713333333333,178,120.089
13045,ilp_uav,75,-,158,129.91543333333334,268,120.168
13048,ilp_uav,100,-,261,216.98016666666666,479,120.123
13048,ilp_uav,25,-,112,114.33643333333333,121,2.129
13048,ilp_uav,50,-,197,185.6864,249,120.101
13048,ilp_uav,75,-,242,213.6192,370,120.121
13049,ilp_uav,100,-,291,446.7986333333333,604,120.116
13049,ilp_uav,25,-,134,250.93336666666667,151,3.657
13049,ilp_uav,50,-,217,384.7755666666667,303,120.091
13049,ilp_uav,75,-,264,432.63756666666666,454,120.093
13082,ilp_uav,100,-,88,109.72913333333334,188,1.458
13082,ilp_uav,25,-,25,45.93986666666667,47,0.043
13082,ilp_uav,50,-,59,95.49783333333333,94,0.242
13082,ilp_uav,75,-,75,106.3269,132,1.206
13085,ilp_uav,100,-,267,227.4057,532,120.141
13085,ilp_uav,25,-,113,124.93446666666667,136,3.589
13085,ilp_uav,50,-,206,202.5775,279,120.117
13085,ilp_uav,75,-,239,220.27873333333332,405,120.107
13103,ilp_uav,100,-,123,92.86943333333333,312,14.096
13103,ilp_uav,25,-,34,31.4911,76,0.036
13103,ilp_uav,50,-,87,82.02933333333333,150,0.497
13103,ilp_uav,75,-,109,90.08483333333334,240,9.378
13108,ilp_uav,100,-,95,71.66113333333334,242,6.657
13108,ilp_uav,25,-,30,25.730833333333333,63,0.055
13108,ilp_uav,50,-,58,53.5785,118,0.233
13108,ilp_uav,75,-,85,67.90333333333334,186,2.177
13128,ilp_uav,100,-,217,168.81396666666666,394,120.256
13128,ilp_uav,25,-,86,85.20436666666667,103,0.533
13128,ilp_uav,50,-,158,141.2827,206,16.027
13128,ilp_uav,75,-,196,163.5689,308,120.188
13155,ilp_uav,100,-,197,171.55553333333333,435,120.083
13155,ilp_uav,25,-,73,65.65036666666667,108,0.145
13155,ilp_uav,50,-,138,126.458,208,29.908
13155,ilp_uav,75,-,181,162.4137,311,120.087
13200,ilp_uav,100,-,54,38.70486666666667,118,0.722
13200,ilp_uav,25,-,9,6.5484,16,0.02
13200,ilp_uav,50,-,21,16.908166666666666,33,0.028
13200,ilp_uav,75,-,37,29.9158,70,0.148
13210,ilp_uav,100,-,56,53.4283,84,0.118
13210,ilp_uav,25,-,6,4.7903,12,0.023
13210,ilp_uav,50,-,20,16.072233333333333,26,0.029
13210,ilp_uav,75,-,33,38.01766666666666,59,0.056
13211,ilp_uav,100,-,68,43.775999999999996,127,0.76
13211,ilp_uav,25,-,10,8.228933333333334,22,0.041
13211,ilp_uav,50,-,32,25.5747,44,0.048
13211,ilp_uav,75,-,53,37.913066666666666,68,0.091
13251,ilp_uav,100,-,234,226.61873333333332,452,120.08
13251,ilp_uav,25,-,85,82.8668,112,0.155
13251,ilp_uav,50,-,164,159.7359,225,120.111
13251,ilp_uav,75,-,206,200.98066666666668,341,120.085
13258,ilp_uav,100,-,200,200.3218,346,120.083
13258,ilp_uav,25,-,65,73.84243333333333,78,0.19
13258,ilp_uav,50,-,133,140.16993333333335,173,120.141
13258,ilp_uav,75,-,176,180.2123,270,120.084
13261,ilp_uav,100,-,260,250.9931,454,120.102
13261,ilp_uav,25,-,98,95.5474,121,0.227
13261,ilp_uav,50,-,190,186.6889,231,120.0
13261,ilp_uav,75,-,244,238.64406666666667,346,120.08
13262,ilp_uav,100,-,218,206.2077,395,120.114
13262,ilp_uav,25,-,71,68.97786666666667,99,0.15
13262,ilp_uav,50,-,153,149.33723333333333,189,120.008
13262,ilp_uav,75,-,200,192.14206666666666,308,120.076
13264,ilp_uav,100,-,194,291.4985,333,120.174
13264,ilp_uav,25,-,70,125.4373,84,0.139
13264,ilp_uav,50,-,141,243.16156666666666,171,34.639
13264,ilp_uav,75,-,174,279.2171333333333,252,120.117
13265,ilp_uav,100,-,175,345.41796666666664,311,120.153
13265,ilp_uav,25,-,61,115.9283,77,0.082
13265,ilp_uav,50,-,122,263.3702,157,2.9
13265,ilp_uav,75,-,155,324.03316666666666,233,120.154
13266,ilp_uav,100,-,159,297.63523333333336,347,54.93
13266,ilp_uav,25,-,60,115.16093333333333,84,0.152
13266,ilp_uav,50,-,112,234.9947,160,3.152
13266,ilp_uav,75,-,138,286.7708333333333,257,81.781
13316,ilp_uav,100,-,198,335.4199,372,120.193
13316,ilp_uav,25,-,69,153.01566666666668,98,0.289
13316,ilp_uav,50,-,132,274.7826,185,120.107
13316,ilp_uav,75,-,176,319.82143333333335,290,120.138
13323,ilp_uav,100,-,127,119.88236666666667,234,94.423
13323,ilp_uav,25,-,31,29.6897,46,0.116
13323,ilp_uav,50,-,77,74.80416666666666,97,0.304
13323,ilp_uav,75,-,105,100.95053333333334,187,78.274
13328,ilp_uav,100,-,348,341.7647,626,120.121
13328,ilp_uav,25,-,146,144.76356666666666,164,70.07
13328,ilp_uav,50,-,273,268.4796,333,120.083
13328,ilp_uav,75,-,333,323.5926666666667,479,120.132
13329,ilp_uav,100,-,327,318.21253333333334,632,120.139
13329,ilp_uav,25,-,137,134.88836666666666,157,120.12
13329,ilp_uav,50,-,250,247.1731,315,120.052
13329,ilp_uav,75,-,315,308.4777,466,120.069
13331,ilp_uav,100,-,244,234.31813333333332,428,120.128
13331,ilp_uav,25,-,92,90.74976666666667,116,0.141
13331,ilp_uav,50,-,168,165.2222,226,120.139
13331,ilp_uav,75,-,224,218.19873333333334,330,120.082
13333,ilp_uav,100,-,154,142.48276666666666,317,120.096
13333,ilp_uav,25,-,45,43.77526666666667,59,0.092
13333,ilp_uav,50,-,105,99.65373333333334,149,1.637
13333,ilp_uav,75,-,136,131.16216666666668,219,85.565
13350,ilp_uav,100,-,35,34.908366666666666,39,0.058
13350,ilp_uav,25,-,5,4.968366666666666,9,0.023
13350,ilp_uav,50,-,15,14.958366666666667,19,0.034
13350,ilp_uav,75,-,25,24.759733333333333,29,0.029
13388,ilp_uav,100,-,348,337.07283333333334,681,120.157
13388,ilp_uav,25,-,151,150.3466,172,3.505
13388,ilp_uav,50,-,260,257.3195333333333,325,120.126
13388,ilp_uav,75,-,324,315.9825666666667,492,120.133
13392,ilp_uav,100,-,171,163.09193333333334,334,120.105
13392,ilp_uav,25,-,53,51.7803,65,0.1
13392,ilp_uav,50,-,114,110.1738,159,28.564
13392,ilp_uav,75,-,150,145.31926666666666,259,120.113
13401,ilp_uav,100,-,151,178.16513333333333,361,6.946
13401,ilp_uav,25,-,71,114.5903,88,0.207
13401,ilp_uav,50,-,118,167.53966666666668,178,8.045
13401,ilp_uav,75,-,137,176.78183333333334,266,39.782
13418,ilp_uav,100,-,192,171.34943333333334,338,120.129
13418,ilp_uav,25,-,73,79.9455,85,0.197
13418,ilp_uav,50,-,135,129.66596666666666,173,120.242
13418,ilp_uav,75,-,172,161.04546666666667,262,120.08
13423,ilp_uav,100,-,162,115.55263333333333,283,120.113
13423,ilp_uav,25,-,57,51.61796666666667,68,0.174
13423,ilp_uav,50,-,114,91.3897,140,34.731
13423,ilp_uav,75,-,134,109.0838,207,120.132
13427,ilp_uav,100,-,157,127.8024,346,59.153
13427,ilp_uav,25,-,58,60.0515,87,0.082
13427,ilp_uav,50,-,113,110.0885,167,2.748
13427,ilp_uav,75,-,137,124.055,257,35.686
13429,ilp_uav,100,-,174,157.03683333333333,301,120.102
13429,ilp_uav,25,-,57,74.3374,76,0.268
13429,ilp_uav,50,-,123,127.27646666666666,158,21.042
13429,ilp_uav,75,-,153,149.58773333333335,234,120.125
13432,ilp_uav,100,-,163,174.92323333333334,292,120.122
13432,ilp_uav,25,-,48,65.8814,70,0.124
13432,ilp_uav,50,-,116,144.9452,151,17.917
13432,ilp_uav,75,-,153,169.82846666666666,232,82.589
13439,ilp_uav,100,-,183,168.7883,389,120.102
13439,ilp_uav,25,-,63,64.75836666666666,95,0.193
13439,ilp_uav,50,-,129,126.88633333333334,188,50.346
13439,ilp_uav,75,-,163,154.8603,272,120.106
13447,ilp_uav,100,-,209,158.6101,478,120.135
13447,ilp_uav,25,-,95,96.65186666666666,120,0.846
13447,ilp_uav,50,-,165,144.2225,236,120.148
13447,ilp_uav,75,-,192,156.22233333333332,357,120.133
13450,ilp_uav,100,-,103,159.8656,236,2.692
13450,ilp_uav,25,-,16,29.822066666666668,48,0.033
13450,ilp_uav,50,-,68,130.51693333333333,127,0.114
13450,ilp_uav,75,-,89,153.1666,179,1.003
13456,ilp_uav,100,-,106,99.349,188,53.853
13456,ilp_uav,25,-,19,18.3733,23,0.044
13456,ilp_uav,50,-,60,56.722966666666665,74,0.152
13456,ilp_uav,75,-,95,87.86353333333334,151,1.167
13464,ilp_uav,100,-,348,340.1263333333333,621,120.126
13464,ilp_uav,25,-,151,149.73963333333333,169,120.165
13464,ilp_uav,50,-,264,259.49486666666667,327,120.085
13464,ilp_uav,75,-,330,322.8029,489,120.118
13465,ilp_uav,100,-,306,295.0866,574,120.127
13465,ilp_uav,25,-,130,125.6506,147,4.772
13465,ilp_uav,50,-,233,227.55853333333334,296,120.138
13465,ilp_uav,75,-,288,282.79923333333335,426,120.079
13469,ilp_uav,100,-,130,125.25846666666666,203,38.493
13469,ilp_uav,25,-,26,26.0,30,0.081
13469,ilp_uav,50,-,77,75.2751,120,0.173
13469,ilp_uav,75,-,115,111.14023333333333,175,2.645
13497,ilp_uav,100,-,172,170.9227,388,120.102
13497,ilp_uav,25,-,59,91.27886666666667,95,0.229
13497,ilp_uav,50,-,120,145.534,189,8.401
13497,ilp_uav,75,-,156,167.90003333333334,294,58.436
13513,ilp_uav,100,-,182,149.7465,406,48.266
13513,ilp_uav,25,-,76,79.28403333333334,100,0.346
13513,ilp_uav,50,-,136,131.1268,201,10.676
13513,ilp_uav,75,-,164,147.3468,297,28.613
13520,ilp_uav,100,-,83,137.12546666666665,167,3.676
13520,ilp_uav,25,-,12,22.594833333333334,23,0.051
13520,ilp_uav,50,-,36,65.89243333333333,68,0.144
13520,ilp_uav,75,-,76,126.1277,140,0.748
13525,ilp_uav,100,-,113,158.86716666666666,327,7.397
13525,ilp_uav,25,-,41,76.23166666666667,81,0.068
13525,ilp_uav,50,-,88,146.80226666666667,161,5.185
13525,ilp_uav,75,-,105,157.281,240,2.686
13563,ilp_uav,100,-,72,63.34943333333333,128,4.017
13563,ilp_uav,25,-,15,12.904433333333333,24,0.051
13563,ilp_uav,50,-,38,31.84573333333333,48,0.053
13563,ilp_uav,75,-,63,55.1146,103,0.123
13564,ilp_uav,100,-,53,47.87253333333334,76,0.146
13564,ilp_uav,25,-,8,8.0,12,0.028
13564,ilp_uav,50,-,22,22.0,26,0.032
13564,ilp_uav,75,-,39,38.1118,57,0.037
13629,ilp_uav,100,-,189,149.44546666666668,375,64.07
13629,ilp_uav,25,-,64,69.25336666666666,93,0.381
13629,ilp_uav,50,-,132,127.23313333333333,190,3.081
13629,ilp_uav,75,-,162,143.57806666666667,289,120.124
13645,ilp_uav,100,-,134,132.95666666666668,318,95.493
13645,ilp_uav,25,-,50,81.438,75,0.122
13645,ilp_uav,50,-,102,123.0172,160,2.718
13645,ilp_uav,75,-,127,132.3346,231,2.527
13655,ilp_uav,100,-,232,261.2364333333333,531,120.07
13655,ilp_uav,25,-,114,175.46416666666667,131,0.386
13655,ilp_uav,50,-,176,239.37793333333335,264,120.173
13655,ilp_uav,75,-,212,258.6333,401,120.141
13666,ilp_uav,100,-,157,279.8724,352,120.076
13666,ilp_uav,25,-,42,77.5626,82,0.083
13666,ilp_uav,50,-,109,210.7415,158,5.704
13666,ilp_uav,75,-,139,260.61386666666664,251,48.934
13674,ilp_uav,100,-,186,177.1705,330,120.08
13674,ilp_uav,25,-,47,45.2553,61,0.124
13674,ilp_uav,50,-,118,115.1245,154,5.775
13674,ilp_uav,75,-,160,155.71683333333334,257,108.961
13682,ilp_uav,100,-,112,107.6076,189,5.546
13682,ilp_uav,25,-,27,28.3101,34,0.039
13682,ilp_uav,50,-,63,62.26306666666667,84,0.126
13682,ilp_uav,75,-,93,90.51123333333334,120,0.797
13683,ilp_uav,100,-,71,65.89796666666666,123,1.419
13683,ilp_uav,25,-,12,9.966,17,0.051
13683,ilp_uav,50,-,34,30.9186,51,0.06
13683,ilp_uav,75,-,57,54.94906666666667,95,0.223
13691,ilp_uav,100,-,243,398.40593333333334,523,120.132
13691,ilp_uav,25,-,98,194.0998,135,1.778
13691,ilp_uav,50,-,182,330.29196666666667,268,120.101
13691,ilp_uav,75,-,214,378.94683333333336,387,120.085
13703,ilp_uav,100,-,198,166.2836,499,17.63
13703,ilp_uav,25,-,85,106.65866666666666,123,0.435
13703,ilp_uav,50,-,151,153.39213333333333,247,98.005
13703,ilp_uav,75,-,181,165.39556666666667,370,109.578
13706,ilp_uav,100,-,137,152.80336666666668,326,6.668
13706,ilp_uav,25,-,45,60.68613333333333,64,0.089
13706,ilp_uav,50,-,100,136.36276666666666,157,0.93
13706,ilp_uav,75,-,117,149.70476666666667,256,17.04
13737,ilp_uav,100,-,136,98.53136666666667,242,8.691
13737,ilp_uav,25,-,47,43.60156666666666,61,0.14
13737,ilp_uav,50,-,93,81.48483333333333,119,1.223
13737,ilp_uav,75,-,123,96.7295,177,9.955
13743,ilp_uav,100,-,152,140.1981,248,14.569
13743,ilp_uav,25,-,52,56.5691,63,0.079
13743,ilp_uav,50,-,97,112.83446666666667,128,0.61
13743,ilp_uav,75,-,135,135.0189,196,7.192
13775,ilp_uav,100,-,277,401.12873333333334,546,120.144
13775,ilp_uav,25,-,114,189.89336666666668,135,2.512
13775,ilp_uav,50,-,199,321.0528,274,120.108
13775,ilp_uav,75,-,260,386.3505,404,120.082
13812,ilp_uav,100,-,177,112.79603333333333,450,69.131
13812,ilp_uav,25,-,74,68.3225,111,0.537
13812,ilp_uav,50,-,131,101.2207,232,81.538
13812,ilp_uav,75,-,158,112.07333333333334,342,72.696
13868,ilp_uav,100,-,79,109.27506666666666,170,2.143
13868,ilp_uav,25,-,24,36.6006,34,0.052
13868,ilp_uav,50,-,50,76.417,65,0.132
13868,ilp_uav,75,-,69,105.3358,123,0.414
13879,ilp_uav,100,-,166,156.5103,301,120.094
13879,ilp_uav,25,-,42,40.901266666666665,56,0.111
13879,ilp_uav,50,-,104,101.91663333333334,148,1.058
13879,ilp_uav,75,-,145,139.08693333333332,212,38.82
13956,ilp_uav,100,-,100,97.0779,183,5.975
13956,ilp_uav,25,-,25,31.395633333333333,38,0.041
13956,ilp_uav,50,-,63,75.82273333333333,101,0.106
13956,ilp_uav,75,-,88,92.16546666666666,150,1.208
13992,ilp_uav,100,-,159,165.51656666666668,239,120.079
13992,ilp_uav,25,-,49,57.45486666666667,59,0.125
13992,ilp_uav,50,-,97,124.40786666666666,118,1.537
13992,ilp_uav,75,-,136,155.85626666666667,178,59.289
14027,ilp_uav,100,-,179,180.6698,296,120.118
14027,ilp_uav,25,-,65,89.34766666666667,77,0.258
14027,ilp_uav,50,-,124,150.63343333333333,154,63.759
14027,ilp_uav,75,-,161,174.30656666666667,230,116.081
14031,ilp_uav,100,-,114,119.2474,155,1.386
14031,ilp_uav,25,-,27,26.839766666666666,39,0.04
14031,ilp_uav,50,-,70,88.7491,81,0.093
14031,ilp_uav,75,-,94,108.2355,122,0.697
14035,ilp_uav,100,-,112,114.72983333333333,209,12.859
14035,ilp_uav,25,-,29,26.392333333333333,37,0.084
14035,ilp_uav,50,-,70,78.8797,101,0.183
14035,ilp_uav,75,-,99,106.11596666666667,150,2.966
14037,ilp_uav,100,-,74,63.826766666666664,142,0.3
14037,ilp_uav,25,-,10,9.140633333333334,17,0.029
14037,ilp_uav,50,-,28,26.9448,36,0.03
14037,ilp_uav,75,-,56,47.69016666666667,109,0.092
14043,ilp_uav,100,-,101,72.83703333333334,214,10.456
14043,ilp_uav,25,-,26,24.659333333333333,30,0.07
14043,ilp_uav,50,-,61,51.83403333333333,109,0.961
14043,ilp_uav,75,-,91,70.72106666666667,162,12.857
14061,ilp_uav,100,-,117,73.33673333333333,248,6.794
14061,ilp_uav,25,-,36,27.575766666666667,64,0.039
14061,ilp_uav,50,-,82,60.7513,120,0.461
14061,ilp_uav,75,-,107,70.88203333333334,184,3.844
14071,ilp_uav,100,-,63,43.864533333333334,159,0.732
14071,ilp_uav,25,-,9,7.393233333333334,11,0.022
14071,ilp_uav,50,-,33,27.680633333333333,59,0.029
14071,ilp_uav,75,-,53,40.676833333333335,89,0.086
14078,ilp_uav,100,-,102,71.97626666666666,220,2.49
14078,ilp_uav,25,-,33,28.774733333333334,42,0.061
14078,ilp_uav,50,-,67,52.649033333333335,110,0.219
14078,ilp_uav,75,-,90,67.83276666666667,158,2.344
14092,ilp_uav,100,-,134,93.3956,336,17.034
14092,ilp_uav,25,-,39,34.0893,65,0.072
14092,ilp_uav,50,-,92,75.54833333333333,157,1.573
14092,ilp_uav,75,-,115,90.01293333333334,236,19.506
14093,ilp_uav,100,-,134,84.5666,330,39.177
14093,ilp_uav,25,-,39,29.705666666666666,81,0.093
14093,ilp_uav,50,-,95,70.87423333333334,155,1.178
14093,ilp_uav,75,-,121,81.2402,239,20.638
14105,ilp_uav,100,-,104,87.10846666666667,256,5.983
14105,ilp_uav,25,-,28,36.6765,33,0.032
14105,ilp_uav,50,-,70,71.046,128,0.358
14105,ilp_uav,75,-,91,83.92526666666667,166,7.513
14106,ilp_uav,100,-,126,95.1682,314,8.138
14106,ilp_uav,25,-,49,46.352,78,0.038
14106,ilp_uav,50,-,90,80.31326666666666,161,1.095
14106,ilp_uav,75,-,112,91.86126666666667,239,18.845
14109,ilp_uav,100,-,205,134.09883333333335,390,120.112
14109,ilp_uav,25,-,78,65.6687,92,0.374
14109,ilp_uav,50,-,142,114.06356666666667,196,120.121
14109,ilp_uav,75,-,179,130.21613333333335,291,120.131
14173,ilp_uav,100,-,173,115.1591,375,27.416
14173,ilp_uav,25,-,72,58.4579,94,0.134
14173,ilp_uav,50,-,127,100.0502,177,10.219
14173,ilp_uav,75,-,157,112.60923333333334,285,45.804
14208,ilp_uav,100,-,82,65.48683333333334,170,1.689
14208,ilp_uav,25,-,24,19.873633333333334,34,0.04
14208,ilp_uav,50,-,55,48.43156666666667,84,0.068
14208,ilp_uav,75,-,72,62.851366666666664,128,0.192
14213,ilp_uav,100,-,112,84.7226,260,67.479
14213,ilp_uav,25,-,30,22.019833333333334,65,0.103
14213,ilp_uav,50,-,76,60.2929,129,0.424
14213,ilp_uav,75,-,95,78.11723333333333,198,11.222
14225,ilp_uav,100,-,213,202.72576666666666,395,120.067
14225,ilp_uav,25,-,62,61.29913333333333,96,0.148
14225,ilp_uav,50,-,135,132.67793333333333,182,120.11
14225,ilp_uav,75,-,192,182.69536666666667,298,120.11
14228,ilp_uav,100,-,83,174.8517,222,2.44
14228,ilp_uav,25,-,13,11.5896,27,0.033
14228,ilp_uav,50,-,45,108.8681,103,0.043
14228,ilp_uav,75,-,70,158.46313333333333,151,0.79
14238,ilp_uav,100,-,140,121.12496666666667,257,28.495
14238,ilp_uav,25,-,43,39.86173333333333,64,0.057
14238,ilp_uav,50,-,95,88.69473333333333,127,0.824
14238,ilp_uav,75,-,131,110.85473333333333,193,16.993
14248,ilp_uav,100,-,281,190.39913333333334,642,120.121
14248,ilp_uav,25,-,132,112.29193333333333,158,13.123
14248,ilp_uav,50,-,219,173.9399,311,120.078
14248,ilp_uav,75,-,254,186.20703333333333,463,120.085
14269,ilp_uav,100,-,150,119.90863333333333,318,120.128
14269,ilp_uav,25,-,54,47.50986666666667,79,0.062
14269,ilp_uav,50,-,106,96.7115,154,1.847
14269,ilp_uav,75,-,137,114.8049,241,75.544
14273,ilp_uav,100,-,143,114.8013,350,43.656
14273,ilp_uav,25,-,56,58.100966666666665,87,0.1
14273,ilp_uav,50,-,111,104.9499,177,1.524
14273,ilp_uav,75,-,131,113.20273333333333,261,32.603
14292,ilp_uav,100,-,273,219.58689999999999,593,120.184
14292,ilp_uav,25,-,114,105.88966666666667,142,4.373
14292,ilp_uav,50,-,202,175.8074,288,120.072
14292,ilp_uav,75,-,259,211.76706666666666,438,120.069
14297,ilp_uav,100,-,139,98.44366666666667,274,39.162
14297,ilp_uav,25,-,41,34.69623333333333,69,0.122
14297,ilp_uav,50,-,95,74.38143333333333,136,1.87
14297,ilp_uav,75,-,120,93.4454,203,64.645
14305,ilp_uav,100,-,134,91.24806666666667,297,62.078
14305,ilp_uav,25,-,40,33.617666666666665,76,0.045
14305,ilp_uav,50,-,98,77.1828,154,3.949
14305,ilp_uav,75,-,123,89.17576666666666,230,11.969
14306,ilp_uav,100,-,165,111.21863333333333,330,44.753
14306,ilp_uav,25,-,65,54.2056,76,0.294
14306,ilp_uav,50,-,123,95.99053333333333,168,4.238
14306,ilp_uav,75,-,148,109.18123333333334,249,43.051
14309,ilp_uav,100,-,202,131.9361,452,120.133
14309,ilp_uav,25,-,90,75.24616666666667,107,0.556
14309,ilp_uav,50,-,154,116.5324,224,120.179
14309,ilp_uav,75,-,192,131.13076666666666,336,31.952
14310,ilp_uav,100,-,216,139.60746666666665,436,120.145
14310,ilp_uav,25,-,84,68.37706666666666,111,1.091
14310,ilp_uav,50,-,155,118.94446666666667,225,120.145
14310,ilp_uav,75,-,191,135.94946666666667,325,120.108
14311,ilp_uav,100,-,188,117.65146666666666,424,59.641
14311,ilp_uav,25,-,82,68.1854,99,0.198
14311,ilp_uav,50,-,142,106.1448,209,120.165
14311,ilp_uav,75,-,172,116.6679,317,120.117
14313,ilp_uav,100,-,186,143.04623333333333,474,120.161
14313,ilp_uav,25,-,86,81.3865,112,0.31
14313,ilp_uav,50,-,144,131.24956666666668,227,75.718
14313,ilp_uav,75,-,175,142.33316666666667,354,77.314
14314,ilp_uav,100,-,202,163.6623,456,120.201
14314,ilp_uav,25,-,81,79.30486666666667,114,0.453
14314,ilp_uav,50,-,156,144.66336666666666,227,38.091
14314,ilp_uav,75,-,185,161.56766666666667,337,120.064
14318,ilp_uav,100,-,150,130.4867,303,49.011
14318,ilp_uav,25,-,56,72.2303,78,0.138
14318,ilp_uav,50,-,108,113.68693333333333,148,20.522
14318,ilp_uav,75,-,143,129.0817,223,54.723
14320,ilp_uav,100,-,221,199.9241,440,120.097
14320,ilp_uav,25,-,77,74.35033333333334,111,0.201
14320,ilp_uav,50,-,148,142.57896666666667,226,120.114
14320,ilp_uav,75,-,200,188.47616666666667,334,120.084
14325,ilp_uav,100,-,59,65.48183333333333,115,0.302
14325,ilp_uav,25,-,7,7.9697,16,0.02
14325,ilp_uav,50,-,24,37.8395,33,0.028
14325,ilp_uav,75,-,39,51.00706666666667,52,0.024
14373,ilp_uav,100,-,116,116.17567743616468,265,17.883
14373,ilp_uav,25,-,24,25.290711307972902,32,0.067
14373,ilp_uav,50,-,84,101.24247655028661,122,0.242
14373,ilp_uav,75,-,102,112.19446977592496,190,24.791
14419,ilp_uav,100,-,200,254.96046117769671,384,120.133
14419,ilp_uav,25,-,73,131.4086438249088,96,0.256
14419,ilp_uav,50,-,144,215.366304064617,199,120.181
14419,ilp_uav,75,-,186,252.90343277748826,309,34.971
14428,ilp_uav,100,-,38,31.782166666666665,50,0.108
14428,ilp_uav,25,-,5,4.2454,12,0.032
14428,ilp_uav,50,-,19,13.9264,26,0.044
14428,ilp_uav,75,-,24,21.056866666666668,40,0.102
14432,ilp_uav,100,-,139,151.2924,296,21.999
14432,ilp_uav,25,-,43,59.9963,58,0.078
14432,ilp_uav,50,-,99,124.732,147,3.836
14432,ilp_uav,75,-,123,143.79143333333334,215,29.218
14540,ilp_uav,100,-,255,239.75603333333333,559,120.1
14540,ilp_uav,25,-,114,146.72363333333334,136,1.275
14540,ilp_uav,50,-,199,220.1597,280,120.1
14540,ilp_uav,75,-,235,237.4884,411,120.127
14552,ilp_uav,100,-,123,113.9846,234,10.854
14552,ilp_uav,25,-,30,41.86496666666667,47,0.042
14552,ilp_uav,50,-,75,80.21313333333333,120,0.448
14552,ilp_uav,75,-,108,105.38246666666667,165,0.85
14587,ilp_uav,100,-,109,88.6386,200,9.538
14587,ilp_uav,25,-,29,25.159,39,0.075
14587,ilp_uav,50,-,63,56.014433333333336,80,0.657
14587,ilp_uav,75,-,101,79.98243333333333,159,3.928
14596,ilp_uav,100,-,113,97.1887,264,9.194
14596,ilp_uav,25,-,24,26.1144,34,0.058
14596,ilp_uav,50,-,74,82.53643333333333,129,1.098
14596,ilp_uav,75,-,95,94.14016666666667,188,5.199
14696,ilp_uav,100,-,147,172.6248,286,33.834
14696,ilp_uav,25,-,33,45.0226,55,0.067
14696,ilp_uav,50,-,92,135.64883333333333,143,0.875
14696,ilp_uav,75,-,127,164.83516666666668,203,36.806
14744,ilp_uav,100,-,164,247.00976666666668,345,12.145
14744,ilp_uav,25,-,52,79.31786666666666,83,0.163
14744,ilp_uav,50,-,117,199.93783333333334,174,12.804
14744,ilp_uav,75,-,149,238.3482,259,40.813
14750,ilp_uav,100,-,46,96.20923333333333,56,0.263
14750,ilp_uav,25,-,10,20.0973,16,0.045
14750,ilp_uav,50,-,27,56.75483333333333,33,0.05
14750,ilp_uav,75,-,35,75.34053333333334,41,0.063
14758,ilp_uav,100,-,81,54.8827,170,2.927
14758,ilp_uav,25,-,17,14.8583,22,0.033
14758,ilp_uav,50,-,48,37.16923333333333,84,0.136
14758,ilp_uav,75,-,77,52.582566666666665,132,0.275
14761,ilp_uav,100,-,126,133.21293333333332,245,41.285
14761,ilp_uav,25,-,38,46.626466666666666,47,0.051
14761,ilp_uav,50,-,81,108.93706666666667,122,3.635
14761,ilp_uav,75,-,119,129.94496666666666,181,7.425
14763,ilp_uav,100,-,77,102.90053333333333,209,3.541
14763,ilp_uav,25,-,10,26.2746,14,0.027
14763,ilp_uav,50,-,49,74.80176666666667,105,0.071
14763,ilp_uav,75,-,70,100.1908,153,0.606
14773,ilp_uav,100,-,101,61.68856666666667,249,4.011
14773,ilp_uav,25,-,22,16.9561,58,0.031
14773,ilp_uav,50,-,67,51.6225,112,0.161
14773,ilp_uav,75,-,89,58.5632,179,4.756
14777,ilp_uav,100,-,105,131.0333,206,4.714
14777,ilp_uav,25,-,21,35.7729,43,0.041
14777,ilp_uav,50,-,65,99.1187,106,0.226
14777,ilp_uav,75,-,93,124.6595,162,0.759
14802,ilp_uav,100,-,59,65.1188,124,0.413
14802,ilp_uav,25,-,3,5.491366666666667,15,0.024
14802,ilp_uav,50,-,34,47.286833333333334,67,0.029
14802,ilp_uav,75,-,49,60.1765,98,0.058
14811,ilp_uav,100,-,139,162.3219,242,120.091
14811,ilp_uav,25,-,47,78.92553333333333,61,0.053
14811,ilp_uav,50,-,94,137.59506666666667,122,0.746
14811,ilp_uav,75,-,122,156.1797,185,120.071
14824,ilp_uav,100,-,68,76.07123333333334,138,2.463
14824,ilp_uav,25,-,15,12.641833333333333,19,0.047
14824,ilp_uav,50,-,31,42.85446666666667,54,0.079
14824,ilp_uav,75,-,63,72.8291,108,1.37
14829,ilp_uav,100,-,113,119.84086666666667,185,1.383
14829,ilp_uav,25,-,36,25.895766666666667,46,0.072
14829,ilp_uav,50,-,65,84.9666,90,0.152
14829,ilp_uav,75,-,97,111.00526666666667,138,0.671
14846,ilp_uav,100,-,163,170.08663333333334,346,49.804
14846,ilp_uav,25,-,56,98.05123333333333,86,0.055
14846,ilp_uav,50,-,114,144.30663333333334,161,6.744
14846,ilp_uav,75,-,144,163.9755,261,65.13
14849,ilp_uav,100,-,150,121.0349,302,120.172
14849,ilp_uav,25,-,45,40.05936666666667,73,0.147
14849,ilp_uav,50,-,97,97.83086666666667,146,2.008
14849,ilp_uav,75,-,131,114.11116666666666,231,28.133
14852,ilp_uav,100,-,105,88.2556,258,5.357
14852,ilp_uav,25,-,29,30.968466666666668,47,0.057
14852,ilp_uav,50,-,70,74.4712,120,0.501
14852,ilp_uav,75,-,100,86.50366666666666,187,1.12
14863,ilp_uav,100,-,130,97.3997,294,3.048
14863,ilp_uav,25,-,40,36.9973,79,0.038
14863,ilp_uav,50,-,95,79.93123333333334,146,0.709
14863,ilp_uav,75,-,116,94.12453333333333,233,6.325
14873,ilp_uav,100,-,65,65.9314,168,1.619
14873,ilp_uav,25,-,5,3.5271,12,0.022
14873,ilp_uav,50,-,30,37.799033333333334,93,0.037
14873,ilp_uav,75,-,56,61.684266666666666,135,0.2
14876,ilp_uav,100,-,69,65.3417,154,1.556
14876,ilp_uav,25,-,5,8.636133333333333,11,0.03
14876,ilp_uav,50,-,30,40.358,65,0.058
14876,ilp_uav,75,-,53,58.84056666666667,132,0.353
14877,ilp_uav,100,-,85,98.6442,197,12.927
14877,ilp_uav,25,-,28,44.3538,35,0.029
14877,ilp_uav,50,-,54,72.08216666666667,93,0.097
14877,ilp_uav,75,-,78,90.99983333333333,147,1.027
14881,ilp_uav,100,-,158,114.33006666666667,390,31.279
14881,ilp_uav,25,-,58,66.80856666666666,94,0.204
14881,ilp_uav,50,-,119,106.2313,192,2.339
14881,ilp_uav,75,-,141,113.0504,292,15.144
14900,ilp_uav,100,-,224,410.4913,453,120.133
14900,ilp_uav,25,-,90,211.51766666666666,114,0.609
14900,ilp_uav,50,-,156,334.1981,208,120.051
14900,ilp_uav,75,-,204,391.9921,328,120.104
14919,ilp_uav,100,-,61,42.77056666666667,156,0.958
14919,ilp_uav,25,-,0,0.0,0,0.013
14919,ilp_uav,50,-,32,25.006866666666667,86,0.016
14919,ilp_uav,75,-,52,41.18913333333333,133,0.084
14926,ilp_uav,100,-,184,440.3599,389,120.129
14926,ilp_uav,25,-,55,154.36943333333332,71,0.101
14926,ilp_uav,50,-,125,335.69126666666665,186,20.346
14926,ilp_uav,75,-,166,410.8276666666667,289,120.081
14935,ilp_uav,100,-,224,289.0816,406,120.112
14935,ilp_uav,25,-,76,127.97326666666666,100,0.498
14935,ilp_uav,50,-,136,225.1897,191,120.162
14935,ilp_uav,75,-,203,271.49496666666664,291,120.093
14945,ilp_uav,100,-,116,163.27603333333334,237,90.505
14945,ilp_uav,25,-,33,37.38033333333333,47,0.056
14945,ilp_uav,50,-,69,112.90913333333333,125,0.485
14945,ilp_uav,75,-,100,153.59253333333334,185,15.748
14997,ilp_uav,100,-,47,43.03843333333333,52,0.146
14997,ilp_uav,25,-,8,7.823666666666667,13,0.026
14997,ilp_uav,50,-,21,20.72833333333333,26,0.028
14997,ilp_uav,75,-,33,31.7065,39,0.076
15022,ilp_uav,100,-,72,61.85433333333334,170,5.856
15022,ilp_uav,25,-,15,18.2585,31,0.04
15022,ilp_uav,50,-,47,45.5155,86,0.07
15022,ilp_uav,75,-,66,59.24026666666666,119,0.4
15032,ilp_uav,100,-,158,169.33576666666667,335,107.471
15032,ilp_uav,25,-,56,99.14993333333334,81,0.152
15032,ilp_uav,50,-,108,146.85186666666667,163,6.912
15032,ilp_uav,75,-,142,167.06853333333333,250,20.77
15056,ilp_uav,100,-,105,96.32103333333333,294,8.244
15056,ilp_uav,25,-,23,44.40376666666667,72,0.036
15056,ilp_uav,50,-,73,85.72463333333333,141,0.75
15056,ilp_uav,75,-,94,94.2518,213,2.395
15076,ilp_uav,100,-,189,209.4096860343929,424,41.987
15076,ilp_uav,25,-,68,106.98658155289213,101,0.565
15076,ilp_uav,50,-,133,185.11861646690986,212,31.721
15076,ilp_uav,75,-,175,206.2785304846274,320,55.344
15083,ilp_uav,100,-,112,78.91235669619593,285,38.918
15083,ilp_uav,25,-,40,33.36910500260552,54,0.083
15083,ilp_uav,50,-,85,66.51091063053674,143,0.868
15083,ilp_uav,75,-,99,75.1531070870245,200,16.052
15087,ilp_uav,100,-,116,97.52823736321001,222,12.2
15087,ilp_uav,25,-,34,42.350703491401774,44,0.099
15087,ilp_uav,50,-,75,75.9471078686816,93,1.152
15087,ilp_uav,75,-,103,94.63043903074518,175,12.445
15088,ilp_uav,100,-,78,59.6000521104742,178,0.896
15088,ilp_uav,25,-,17,18.185578426263678,22,0.03
15088,ilp_uav,50,-,39,36.06442157373632,50,0.072
15088,ilp_uav,75,-,63,53.78690072954664,100,0.443
15097,ilp_uav,100,-,110,84.52410109431996,232,11.097
15097,ilp_uav,25,-,28,22.582953361125586,41,0.08
15097,ilp_uav,50,-,74,65.58581943720688,112,0.36
15097,ilp_uav,75,-,100,80.35513288170922,159,7.976
15103,ilp_uav,100,-,49,37.05380406461699,94,0.291
15103,ilp_uav,25,-,5,4.666004429390307,7,0.026
15103,ilp_uav,50,-,20,17.01068264721209,29,0.031
15103,ilp_uav,75,-,35,29.588718082334548,63,0.047
15118,ilp_uav,100,-,207,485.04647602918186,361,120.134
15118,ilp_uav,25,-,76,200.8755862428348,91,0.186
15118,ilp_uav,50,-,142,376.827481761334,185,120.133
15118,ilp_uav,75,-,188,464.49224856696196,278,120.082
15130,ilp_uav,100,-,90,56.45896300156331,196,9.314
15130,ilp_uav,25,-,27,19.649198801459093,37,0.059
15130,ilp_uav,50,-,61,46.373957790515895,78,0.304
15130,ilp_uav,75,-,78,53.74120635747785,149,2.653
15133,ilp_uav,100,-,200,126.4897733194372,433,120.084
15133,ilp_uav,25,-,77,61.94899687337155,108,0.558
15133,ilp_uav,50,-,147,106.66704663887441,202,22.858
15133,ilp_uav,75,-,182,123.02771625846795,317,110.558
15182,ilp_uav,100,-,155,123.35604481500782,286,92.783
15182,ilp_uav,25,-,58,58.23987102657634,73,0.195
15182,ilp_uav,50,-,114,101.98501823866597,139,1.545
15182,ilp_uav,75,-,133,117.91642782699323,211,78.514
15184,ilp_uav,100,-,160,137.48264069828036,311,37.207
15184,ilp_uav,25,-,61,72.97290255341323,77,0.113
15184,ilp_uav,50,-,111,119.10379755080771,156,52.217
15184,ilp_uav,75,-,150,136.24928348097967,233,120.106
15185,ilp_uav,100,-,145,157.97378191766546,286,120.185
15185,ilp_uav,25,-,45,81.41714434601354,69,0.162
15185,ilp_uav,50,-,98,132.72964434601354,140,1.562
15185,ilp_uav,75,-,130,153.29514069828036,210,120.096
15223,ilp_uav,100,-,113,100.8787454403335,266,2.692
15223,ilp_uav,25,-,27,34.33194372068786,49,0.064
15223,ilp_uav,50,-,80,86.20847446586764,131,0.636
15223,ilp_uav,75,-,97,95.13242574257426,190,10.3
15275,ilp_uav,100,-,52,83.9432,68,0.124
15275,ilp_uav,25,-,8,18.0,12,0.037
15275,ilp_uav,50,-,20,42.9106,24,0.041
15275,ilp_uav,75,-,39,67.2855,54,0.121
15346,ilp_uav,100,-,150,113.93666666666667,306,63.857
15346,ilp_uav,25,-,42,37.66323333333333,73,0.134
15346,ilp_uav,50,-,101,88.22513333333333,152,0.683
15346,ilp_uav,75,-,126,103.46356666666667,209,57.105
15355,ilp_uav,100,-,41,35.55063333333333,54,0.267
15355,ilp_uav,25,-,7,6.189866666666667,13,0.025
15355,ilp_uav,50,-,21,18.7721,27,0.026
15355,ilp_uav,75,-,31,28.2692,37,0.049
15360,ilp_uav,100,-,144,114.69963333333334,283,120.121
15360,ilp_uav,25,-,46,38.606433333333335,66,0.12
15360,ilp_uav,50,-,103,84.01606666666666,143,0.969
15360,ilp_uav,75,-,134,106.4362,210,100.966
15364,ilp_uav,100,-,250,199.40816666666666,461,120.158
15364,ilp_uav,25,-,102,96.52216666666666,117,1.612
15364,ilp_uav,50,-,184,164.05426666666668,237,120.144
15364,ilp_uav,75,-,232,195.03493333333333,352,120.157
15367,ilp_uav,100,-,133,109.24153333333334,227,24.443
15367,ilp_uav,25,-,40,38.838433333333334,47,0.054
15367,ilp_uav,50,-,81,73.59003333333334,91,0.973
15367,ilp_uav,75,-,119,100.29233333333333,182,39.913
15383,ilp_uav,100,-,91,65.94973333333333,203,4.514
15383,ilp_uav,25,-,12,9.7013,24,0.031
15383,ilp_uav,50,-,52,42.078466666666664,82,0.064
15383,ilp_uav,75,-,72,56.57523333333333,151,0.926
15386,ilp_uav,100,-,233,191.3794,438,120.115
15386,ilp_uav,25,-,89,83.34316666666666,110,0.429
15386,ilp_uav,50,-,168,152.34893333333332,209,120.075
15386,ilp_uav,75,-,209,182.8414,335,120.093
15388,ilp_uav,100,-,216,160.19203333333334,375,120.106
15388,ilp_uav,25,-,80,68.62603333333334,94,0.372
15388,ilp_uav,50,-,149,123.4459,195,107.264
15388,ilp_uav,75,-,197,148.74056666666667,292,120.084
15398,ilp_uav,100,-,39,32.2316,45,0.124
15398,ilp_uav,25,-,5,4.005866666666667,10,0.026
15398,ilp_uav,50,-,17,15.0193,22,0.026
15398,ilp_uav,75,-,28,24.1524,33,0.058
15409,ilp_uav,100,-,147,110.09836666666666,273,107.466
15409,ilp_uav,25,-,50,44.13366666666667,68,0.147
15409,ilp_uav,50,-,103,85.15883333333333,134,0.972
15409,ilp_uav,75,-,133,104.37913333333333,202,24.77
15410,ilp_uav,100,-,177,121.02773333333333,424,120.092
15410,ilp_uav,25,-,69,59.10666666666667,107,0.245
15410,ilp_uav,50,-,133,102.15253333333334,215,18.425
15410,ilp_uav,75,-,158,118.0164,306,120.094
15411,ilp_uav,100,-,209,137.37136666666666,473,97.71
15411,ilp_uav,25,-,90,75.43563333333333,113,0.472
15411,ilp_uav,50,-,154,119.28976666666667,218,120.19
15411,ilp_uav,75,-,193,136.23293333333334,358,64.194
15426,ilp_uav,100,-,77,59.402166666666666,150,2.367
15426,ilp_uav,25,-,14,12.596566666666666,18,0.075
15426,ilp_uav,50,-,31,29.536466666666666,35,0.144
15426,ilp_uav,75,-,57,49.5418,81,1.595
15434,ilp_uav,100,-,115,76.20946666666667,216,1.694
15434,ilp_uav,25,-,22,17.558533333333333,43,0.055
15434,ilp_uav,50,-,71,55.452333333333335,115,0.381
15434,ilp_uav,75,-,100,71.45146666666666,172,2.202
15450,ilp_uav,100,-,68,56.9074,127,0.206
15450,ilp_uav,25,-,11,10.1343,17,0.027
15450,ilp_uav,50,-,27,24.190166666666666,33,0.044
15450,ilp_uav,75,-,46,41.04716666666667,73,0.032
15461,ilp_uav,100,-,163,118.48566666666667,291,120.095
15461,ilp_uav,25,-,52,45.03073333333333,74,0.112
15461,ilp_uav,50,-,106,91.95446666666666,147,23.262
15461,ilp_uav,75,-,143,114.06476666666667,231,81.238
15475,ilp_uav,100,-,99,62.9635,207,2.685
15475,ilp_uav,25,-,27,21.430033333333334,40,0.035
15475,ilp_uav,50,-,65,47.795366666666666,102,0.109
15475,ilp_uav,75,-,88,60.294266666666665,153,0.717
15486,ilp_uav,100,-,136,88.05806666666666,339,5.638
15486,ilp_uav,25,-,48,38.28196666666667,85,0.061
15486,ilp_uav,50,-,94,74.46776666666666,169,4.641
15486,ilp_uav,75,-,113,85.5244,239,27.664
15500,ilp_uav,100,-,96,73.58683333333333,242,12.985
15500,ilp_uav,25,-,22,18.787466666666667,31,0.036
15500,ilp_uav,50,-,63,56.170833333333334,121,0.259
15500,ilp_uav,75,-,84,68.29836666666667,163,6.478
15501,ilp_uav,100,-,187,164.66703333333334,367,120.125
15501,ilp_uav,25,-,54,72.4665,92,0.311
15501,ilp_uav,50,-,132,139.32096666666666,194,81.332
15501,ilp_uav,75,-,168,158.54123333333334,289,120.093
15534,ilp_uav,100,-,83,52.1475,178,4.221
15534,ilp_uav,25,-,21,12.993366666666667,31,0.028
15534,ilp_uav,50,-,46,29.96676666666667,94,0.083
15534,ilp_uav,75,-,72,47.9826,131,0.26
15556,ilp_uav,100,-,167,134.7047,314,120.169
15556,ilp_uav,25,-,59,45.78966666666667,77,0.203
15556,ilp_uav,50,-,115,100.14943333333333,162,50.818
15556,ilp_uav,75,-,144,123.1081,234,120.213
15565,ilp_uav,100,-,117,109.59896666666667,225,120.118
15565,ilp_uav,25,-,27,23.8249,42,0.072
15565,ilp_uav,50,-,70,65.8798,90,0.503
15565,ilp_uav,75,-,106,99.22083333333333,174,4.001
15574,ilp_uav,100,-,168,185.63063333333332,401,120.132
15574,ilp_uav,25,-,63,96.53306666666667,99,0.236
15574,ilp_uav,50,-,119,160.43603333333334,201,107.029
15574,ilp_uav,75,-,151,182.32613333333333,298,120.067
15580,ilp_uav,100,-,76,61.423033333333336,208,0.674
15580,ilp_uav,25,-,5,5.5557,26,0.026
15580,ilp_uav,50,-,47,45.5237,108,0.045
15580,ilp_uav,75,-,63,58.45106666666667,150,0.627
15586,ilp_uav,100,-,75,63.68816666666667,161,0.77
15586,ilp_uav,25,-,13,11.562966666666666,21,0.027
15586,ilp_uav,50,-,36,30.782433333333334,78,0.048
15586,ilp_uav,75,-,56,49.6611,116,0.493
15593,ilp_uav,100,-,239,356.216,467,120.101
15593,ilp_uav,25,-,89,142.99983333333333,115,0.362
15593,ilp_uav,50,-,168,285.96973333333335,232,120.107
15593,ilp_uav,75,-,214,338.34773333333334,351,120.115
15628,ilp_uav,100,-,176,280.6621666666667,418,35.462
15628,ilp_uav,25,-,70,159.41893333333334,103,0.311
15628,ilp_uav,50,-,124,248.7099,214,120.29
15628,ilp_uav,75,-,164,279.3043666666667,314,96.639
15699,ilp_uav,100,-,47,56.00653333333333,75,0.132
15699,ilp_uav,25,-,8,4.998,12,0.044
15699,ilp_uav,50,-,21,21.209533333333333,25,0.057
15699,ilp_uav,75,-,36,40.5913,58,0.057
15738,ilp_uav,100,-,228,204.2222,460,27.683
15738,ilp_uav,25,-,89,114.72786666666667,113,0.491
15738,ilp_uav,50,-,177,181.7059,232,120.126
15738,ilp_uav,75,-,207,200.62063333333333,342,120.127
15762,ilp_uav,100,-,36,52.05376666666667,68,0.066
15762,ilp_uav,25,-,5,5.933333333333334,10,0.021
15762,ilp_uav,50,-,17,23.8671,22,0.023
15762,ilp_uav,75,-,28,35.4803,33,0.06
15806,ilp_uav,100,-,230,202.9419,458,120.186
15806,ilp_uav,25,-,92,101.49103333333333,114,0.722
15806,ilp_uav,50,-,163,176.781,234,11.771
15806,ilp_uav,75,-,205,198.85273333333333,338,120.133
15815,ilp_uav,100,-,156,172.03636666666668,332,59.67
15815,ilp_uav,25,-,49,82.31776666666667,78,0.095
15815,ilp_uav,50,-,103,140.7784,159,28.18
15815,ilp_uav,75,-,133,165.40143333333333,245,72.851
15820,ilp_uav,100,-,162,134.63356666666667,323,120.18
15820,ilp_uav,25,-,62,67.29393333333333,79,0.26
15820,ilp_uav,50,-,114,116.70706666666666,168,53.516
15820,ilp_uav,75,-,149,132.00896666666668,240,29.643
15848,ilp_uav,100,-,105,78.13316666666667,191,8.442
15848,ilp_uav,25,-,20,22.849633333333333,30,0.052
15848,ilp_uav,50,-,58,53.68963333333333,109,0.334
15848,ilp_uav,75,-,95,74.9893,164,0.867
15857,ilp_uav,100,-,95,88.38426666666666,196,1.803
15857,ilp_uav,25,-,24,24.2826,33,0.037
15857,ilp_uav,50,-,61,66.7938,98,0.13
15857,ilp_uav,75,-,82,82.09796666666666,152,1.731
15862,ilp_uav,100,-,146,130.52043333333333,320,6.115
15862,ilp_uav,25,-,61,57.172133333333335,76,0.237
15862,ilp_uav,50,-,104,113.07463333333334,163,1.253
15862,ilp_uav,75,-,134,127.74803333333334,239,6.68
15883,ilp_uav,100,-,223,232.44816666666668,442,120.196
15883,ilp_uav,25,-,81,130.53393333333332,115,0.996
15883,ilp_uav,50,-,171,212.0488,241,26.396
15883,ilp_uav,75,-,199,229.56293333333335,359,120.131
15884,ilp_uav,100,-,176,171.4399,404,4.885
15884,ilp_uav,25,-,69,82.32636666666667,94,0.211
15884,ilp_uav,50,-,123,153.4854,198,8.795
15884,ilp_uav,75,-,165,170.3141,307,18.402
16013,ilp_uav,100,-,153,164.13223333333335,316,23.894
16013,ilp_uav,25,-,56,90.83003333333333,76,0.093
16013,ilp_uav,50,-,103,141.20223333333334,157,28.593
16013,ilp_uav,75,-,139,161.0186,236,12.323
16231,ilp_uav,100,-,266,246.4318,538,120.109
16231,ilp_uav,25,-,108,130.2331,131,4.306
16231,ilp_uav,50,-,198,207.72106666666667,267,120.133
16231,ilp_uav,75,-,228,229.3789,384,120.096
16232,ilp_uav,100,-,165,133.49196666666666,397,115.047
16232,ilp_uav,25,-,60,59.4076,90,0.299
16232,ilp_uav,50,-,126,121.366,181,47.625
16232,ilp_uav,75,-,156,132.23416666666668,289,86.309
16301,ilp_uav,100,-,119,84.46363333333333,244,37.542
16301,ilp_uav,25,-,34,29.953966666666666,60,0.061
16301,ilp_uav,50,-,76,64.5394,118,0.843
16301,ilp_uav,75,-,105,79.40823333333333,172,16.853
16329,ilp_uav,100,-,151,105.4256,312,33.916
16329,ilp_uav,25,-,49,37.71476666666667,76,0.122
16329,ilp_uav,50,-,101,83.9406,149,24.475
16329,ilp_uav,75,-,127,100.08443333333334,231,120.087
16504,ilp_uav,100,-,65,42.412,154,0.84
16504,ilp_uav,25,-,13,11.756333333333334,20,0.021
16504,ilp_uav,50,-,35,27.388033333333333,58,0.064
16504,ilp_uav,75,-,56,39.468133333333334,116,0.225
20418,ilp_uav,100,-,133,124.06333333333333,238,120.03
20418,ilp_uav,25,-,32,31.409766666666666,49,0.049
20418,ilp_uav,50,-,81,77.98473333333334,127,0.235
20418,ilp_uav,75,-,114,107.87316666666666,186,11.797
10781,naive,100,-,274,464.37440000000004,635,0.265
10781,naive,25,-,125,283.1769999999999,156,0.138
10781,naive,50,-,214,390.90253333333334,319,0.223
10781,naive,75,-,259,458.93876666666654,479,0.242
10793,naive,100,-,85,177.75039999999996,201,0.05
10793,naive,25,-,20,51.0426,28,0.015
10793,naive,50,-,52,118.35419999999999,87,0.04
10793,naive,75,-,76,154.40109999999996,156,0.045
10803,naive,100,-,205,296.58869999999996,419,0.15
10803,naive,25,-,79,179.11086666666668,107,0.075
10803,naive,50,-,134,248.20526666666666,210,0.116
10803,naive,75,-,184,288.19,321,0.138
10842,naive,100,-,160,232.60743333333335,360,0.113
10842,naive,25,-,54,113.81563333333335,88,0.053
10842,naive,50,-,116,202.69656666666666,181,0.076
10842,naive,75,-,139,218.15203333333335,265,0.087
10860,naive,100,-,287,368.799066666667,542,0.182
10860,naive,25,-,125,200.19933333333339,138,0.1
10860,naive,50,-,203,297.11136666666675,275,0.137
10860,naive,75,-,252,351.39263333333355,398,0.175
10866,naive,100,-,145,223.09566666666672,279,0.099
10866,naive,25,-,42,85.07616666666667,64,0.049
10866,naive,50,-,89,162.21686666666668,131,0.073
10866,naive,75,-,118,206.26433333333335,191,0.083
10869,naive,100,-,76,114.45340000000002,139,0.051
10869,naive,25,-,17,32.9586,41,0.01
10869,naive,50,-,40,77.11466666666665,67,0.046
10869,naive,75,-,61,108.71693333333332,129,0.051
10892,naive,100,-,157,277.05400000000003,346,0.065
10892,naive,25,-,50,101.88189999999999,89,0.037
10892,naive,50,-,104,206.94200000000006,181,0.048
10892,naive,75,-,135,254.2532000000001,258,0.056
10925,naive,100,-,59,107.59730000000002,152,0.053
10925,naive,25,-,12,19.9448,19,0.006
10925,naive,50,-,29,62.925933333333326,54,0.039
10925,naive,75,-,45,91.51513333333334,86,0.06
10942,naive,100,-,130,219.06279999999995,286,0.083
10942,naive,25,-,33,67.41659999999999,51,0.047
10942,naive,50,-,95,181.9526666666667,128,0.062
10942,naive,75,-,116,211.85920000000002,208,0.074
10954,naive,100,-,183,178.78753333333336,409,0.119
10954,naive,25,-,68,76.69996666666668,101,0.065
10954,naive,50,-,129,131.42773333333332,206,0.089
10954,naive,75,-,168,164.88646666666665,315,0.109
10963,naive,100,-,158,216.91733333333332,355,0.112
10963,naive,25,-,55,90.88886666666669,86,0.062
10963,naive,50,-,110,183.1435666666667,172,0.083
10963,naive,75,-,146,212.38376666666667,261,0.101
10966,naive,100,-,37,37.9557,83,0.027
10966,naive,25,-,9,8.4649,16,0.003
10966,naive,50,-,17,25.464700000000004,24,0.015
10966,naive,75,-,31,40.042633333333335,48,0.021
10985,naive,100,-,162,194.82316666666662,330,0.116
10985,naive,25,-,56,96.25796666666665,83,0.092
10985,naive,50,-,113,157.70916666666668,163,0.101
10985,naive,75,-,142,190.23586666666665,256,0.1
10997,naive,100,-,287,359.3182666666668,593,0.294
10997,naive,25,-,114,190.17533333333338,149,0.167
10997,naive,50,-,205,289.98130000000003,295,0.225
10997,naive,75,-,247,334.84240000000005,454,0.246
11000,naive,100,-,119,224.68006666666665,302,0.072
11000,naive,25,-,34,65.88923333333335,74,0.037
11000,naive,50,-,82,170.84593333333333,155,0.05
11000,naive,75,-,103,201.90596666666667,216,0.067
11005,naive,100,-,204,404.0259333333335,433,0.168
11005,naive,25,-,83,205.62313333333336,101,0.097
11005,naive,50,-,138,298.66383333333334,225,0.122
11005,naive,75,-,182,385.5276333333335,319,0.145
11015,naive,100,-,280,256.71023333333324,598,0.206
11015,naive,25,-,123,132.3835333333333,150,0.121
11015,naive,50,-,210,207.0048333333333,300,0.171
11015,naive,75,-,253,241.81783333333325,445,0.19
11018,naive,100,-,252,243.41976666666665,556,0.155
11018,naive,25,-,96,114.86146666666669,130,0.071
11018,naive,50,-,174,203.46396666666666,267,0.101
11018,naive,75,-,224,234.2411333333333,396,0.118
11046,naive,100,-,207,271.6705666666666,459,0.184
11046,naive,25,-,92,175.22076666666663,116,0.099
11046,naive,50,-,149,230.8492666666666,224,0.14
11046,naive,75,-,189,264.31076666666667,356,0.151
11072,naive,100,-,68,135.07299999999998,154,0.051
11072,naive,25,-,12,29.8888,21,0.011
11072,naive,50,-,36,83.7206,91,0.034
11072,naive,75,-,62,124.28743333333333,134,0.045
11086,naive,100,-,61,33.981733333333345,161,0.039
11086,naive,25,-,12,7.032066666666666,20,0.007
11086,naive,50,-,42,25.102866666666667,72,0.026
11086,naive,75,-,56,37.7832,91,0.034
11113,naive,100,-,141,217.56313333333333,313,0.087
11113,naive,25,-,54,91.3065333333333,83,0.048
11113,naive,50,-,102,178.96969999999996,156,0.07
11113,naive,75,-,131,208.80929999999995,247,0.075
11116,naive,100,-,158,124.68509999999999,376,0.081
11116,naive,25,-,57,50.66353333333333,96,0.043
11116,naive,50,-,118,97.83956666666666,188,0.061
11116,naive,75,-,149,119.57380000000002,289,0.073
11122,naive,100,-,172,165.24056666666667,356,0.103
11122,naive,25,-,65,82.94430000000001,96,0.059
11122,naive,50,-,118,134.18083333333328,189,0.083
11122,naive,75,-,158,158.9031666666666,278,0.097
11125,naive,100,-,196,173.80283333333335,449,0.1
11125,naive,25,-,82,91.11063333333333,112,0.053
11125,naive,50,-,151,154.38903333333332,229,0.077
11125,naive,75,-,170,165.47683333333336,335,0.096
11133,naive,100,-,64,82.91146666666664,135,0.059
11133,naive,25,-,20,29.5775,27,0.009
11133,naive,50,-,43,66.12606666666667,74,0.039
11133,naive,75,-,57,81.37056666666665,107,0.059
11150,naive,100,-,70,48.87186666666667,165,0.03
11150,naive,25,-,11,9.275933333333333,21,0.006
11150,naive,50,-,41,33.0588,62,0.02
11150,naive,75,-,59,43.060600000000015,118,0.026
11160,naive,100,-,238,240.6002000000001,525,0.116
11160,naive,25,-,92,120.80919999999998,128,0.068
11160,naive,50,-,161,187.6291000000001,260,0.09
11160,naive,75,-,216,230.1705333333335,399,0.102
11177,naive,100,-,273,264.0198666666667,532,0.131
11177,naive,25,-,103,120.31966666666666,129,0.085
11177,naive,50,-,185,198.8329666666666,255,0.105
11177,naive,75,-,243,240.71426666666665,388,0.133
11186,naive,100,-,45,25.446166666666663,144,0.032
11186,naive,25,-,3,2.2449,8,0.004
11186,naive,50,-,22,15.291433333333332,51,0.016
11186,naive,75,-,42,24.379266666666666,78,0.023
11191,naive,100,-,100,75.89209999999999,192,0.089
11191,naive,25,-,26,24.03016666666667,37,0.03
11191,naive,50,-,68,59.41946666666668,108,0.06
11191,naive,75,-,89,70.36139999999999,156,0.078
11207,naive,100,-,132,162.85143333333335,306,0.078
11207,naive,25,-,33,61.71929999999999,38,0.039
11207,naive,50,-,89,131.93686666666667,144,0.057
11207,naive,75,-,115,150.85016666666664,222,0.072
11211,naive,100,-,84,157.47746666666663,221,0.059
11211,naive,25,-,19,42.414500000000004,41,0.024
11211,naive,50,-,51,123.49453333333334,101,0.049
11211,naive,75,-,73,143.68179999999998,155,0.051
11230,naive,100,-,156,153.24316666666667,357,0.098
11230,naive,25,-,50,58.60043333333333,88,0.049
11230,naive,50,-,92,102.87360000000002,163,0.07
11230,naive,75,-,137,142.28303333333332,272,0.081
11231,naive,100,-,197,209.85860000000005,498,0.122
11231,naive,25,-,83,127.65839999999999,108,0.062
11231,naive,50,-,145,184.37856666666676,250,0.083
11231,naive,75,-,176,204.36783333333338,378,0.1
11266,naive,100,-,255,249.78790000000004,521,0.142
11266,naive,25,-,93,100.03396666666666,129,0.085
11266,naive,50,-,181,181.20923333333337,257,0.119
11266,naive,75,-,230,227.5592666666667,390,0.133
11275,naive,100,-,272,279.38056666666677,535,0.125
11275,naive,25,-,103,119.5163,136,0.078
11275,naive,50,-,186,200.5647,261,0.111
11275,naive,75,-,238,247.76749999999998,412,0.117
11283,naive,100,-,217,242.60943333333339,488,0.135
11283,naive,25,-,88,117.21999999999998,122,0.08
11283,naive,50,-,170,208.23476666666667,243,0.105
11283,naive,75,-,195,230.8258,369,0.128
11288,naive,100,-,314,359.84356666666645,555,0.204
11288,naive,25,-,117,163.60403333333338,130,0.118
11288,naive,50,-,219,274.3161333333333,268,0.163
11288,naive,75,-,278,334.1242666666667,420,0.184
11304,naive,100,-,286,251.07466666666662,595,0.133
11304,naive,25,-,110,102.60976666666667,140,0.075
11304,naive,50,-,200,189.32566666666668,300,0.107
11304,naive,75,-,264,240.16453333333325,444,0.126
11307,naive,100,-,195,167.18573333333336,412,0.097
11307,naive,25,-,82,75.93586666666667,105,0.057
11307,naive,50,-,133,121.43926666666667,199,0.072
11307,naive,75,-,177,157.82283333333334,315,0.09
11336,naive,100,-,348,344.82863333333324,657,0.219
11336,naive,25,-,142,158.14336666666665,164,0.137
11336,naive,50,-,261,268.30286666666666,329,0.177
11336,naive,75,-,305,308.80566666666664,490,0.205
11337,naive,100,-,345,349.8190333333332,643,0.243
11337,naive,25,-,128,148.70906666666667,159,0.159
11337,naive,50,-,238,254.51400000000007,322,0.198
11337,naive,75,-,312,324.1941666666666,479,0.254
11345,naive,100,-,326,355.3117666666668,632,0.202
11345,naive,25,-,136,173.43786666666668,152,0.118
11345,naive,50,-,227,262.2155,304,0.161
11345,naive,75,-,289,316.4754333333335,479,0.177
11346,naive,100,-,288,305.6570666666668,603,0.149
11346,naive,25,-,117,152.14533333333333,149,0.1
11346,naive,50,-,220,249.0850666666667,310,0.13
11346,naive,75,-,267,288.1676333333334,464,0.175
11359,naive,100,-,308,484.96436666666654,564,0.176
11359,naive,25,-,118,253.16413333333333,142,0.101
11359,naive,50,-,216,363.972,295,0.136
11359,naive,75,-,268,447.5796999999999,436,0.152
11372,naive,100,-,210,170.25523333333334,458,0.124
11372,naive,25,-,88,75.32519999999997,115,0.06
11372,naive,50,-,155,135.47516666666667,235,0.09
11372,naive,75,-,190,163.32273333333333,350,0.099
11384,naive,100,-,209,184.56886666666665,394,0.121
11384,naive,25,-,84,77.70696666666666,97,0.078
11384,naive,50,-,148,133.82063333333332,200,0.09
11384,naive,75,-,181,158.4236333333333,302,0.121
11391,naive,100,-,241,391.5167666666665,486,0.135
11391,naive,25,-,90,183.96800000000002,114,0.07
11391,naive,50,-,170,319.0463999999999,245,0.095
11391,naive,75,-,208,375.4535999999999,364,0.109
11392,naive,100,-,212,255.36299999999997,403,0.119
11392,naive,25,-,83,126.99410000000003,103,0.065
11392,naive,50,-,153,210.53959999999998,215,0.084
11392,naive,75,-,185,236.20769999999996,291,0.104
11403,naive,100,-,231,399.9535,466,0.117
11403,naive,25,-,81,150.77683333333334,107,0.066
11403,naive,50,-,156,283.51706666666666,227,0.089
11403,naive,75,-,204,357.26083333333344,345,0.105
11420,naive,100,-,193,195.7991666666666,437,0.073
11420,naive,25,-,69,87.75420000000001,101,0.041
11420,naive,50,-,135,149.43819999999994,208,0.05
11420,naive,75,-,173,187.83326666666656,336,0.064
11421,naive,100,-,234,197.53480000000005,521,0.146
11421,naive,25,-,101,98.87389999999996,128,0.092
11421,naive,50,-,179,163.18926666666675,257,0.127
11421,naive,75,-,218,190.51756666666668,386,0.153
11437,naive,100,-,224,200.9244333333333,498,0.101
11437,naive,25,-,93,85.61466666666666,115,0.053
11437,naive,50,-,170,158.21226666666666,247,0.07
11437,naive,75,-,198,183.34873333333337,367,0.087
11451,naive,100,-,269,313.0231999999999,551,0.177
11451,naive,25,-,107,158.42353333333338,136,0.098
11451,naive,50,-,189,250.53159999999997,275,0.125
11451,naive,75,-,238,297.886,413,0.161
11452,naive,100,-,246,313.86886666666675,537,0.173
11452,naive,25,-,89,153.26203333333336,136,0.097
11452,naive,50,-,186,264.7124,273,0.128
11452,naive,75,-,222,298.4968333333334,405,0.153
11481,naive,100,-,248,339.19509999999997,516,0.171
11481,naive,25,-,93,183.88453333333334,121,0.113
11481,naive,50,-,163,264.4463333333333,250,0.146
11481,naive,75,-,228,324.9707,383,0.18
11482,naive,100,-,274,536.7303333333332,530,0.145
11482,naive,25,-,108,260.94469999999995,134,0.089
11482,naive,50,-,204,415.8350333333332,259,0.113
11482,naive,75,-,243,506.5040999999998,387,0.139
11491,naive,100,-,146,173.2852333333333,341,0.06
11491,naive,25,-,51,63.054633333333335,86,0.034
11491,naive,50,-,99,132.4379,169,0.045
11491,naive,75,-,131,161.98446666666663,253,0.055
11511,naive,100,-,60,84.61919999999999,148,0.033
11511,naive,25,-,5,2.895566666666667,19,0.003
11511,naive,50,-,24,43.840199999999996,37,0.02
11511,naive,75,-,49,66.77193333333335,83,0.031
11553,naive,100,-,184,152.18333333333334,387,0.088
11553,naive,25,-,65,60.84336666666666,99,0.053
11553,naive,50,-,133,115.42583333333332,186,0.064
11553,naive,75,-,158,135.16676666666666,278,0.075
11556,naive,100,-,252,232.30633333333327,549,0.165
11556,naive,25,-,109,113.87563333333334,135,0.116
11556,naive,50,-,189,183.86133333333333,280,0.158
11556,naive,75,-,243,227.63883333333328,418,0.159
11610,naive,100,-,132,126.43619999999999,247,0.051
11610,naive,25,-,29,29.0,33,0.018
11610,naive,50,-,72,69.7609,126,0.039
11610,naive,75,-,113,107.4249,175,0.046
11631,naive,100,-,126,98.20766666666664,317,0.044
11631,naive,25,-,37,31.79123333333333,73,0.023
11631,naive,50,-,86,71.79403333333333,155,0.03
11631,naive,75,-,112,91.47156666666666,242,0.036
11639,naive,100,-,256,292.5218999999999,578,0.168
11639,naive,25,-,102,145.54690000000002,138,0.09
11639,naive,50,-,189,239.92923333333323,287,0.127
11639,naive,75,-,229,285.0320333333331,439,0.139
11680,naive,100,-,146,228.09313333333336,328,0.089
11680,naive,25,-,52,97.8373,82,0.052
11680,naive,50,-,89,171.3509,154,0.07
11680,naive,75,-,126,214.95593333333338,237,0.082
11690,naive,100,-,148,141.82439999999997,271,0.063
11690,naive,25,-,34,33.8755,38,0.024
11690,naive,50,-,86,84.24889999999999,126,0.048
11690,naive,75,-,119,115.64976666666668,203,0.056
11702,naive,100,-,216,318.52473333333313,464,0.125
11702,naive,25,-,77,163.94313333333335,117,0.068
11702,naive,50,-,157,258.8209,234,0.094
11702,naive,75,-,192,301.07576666666665,368,0.127
11703,naive,100,-,192,282.8593333333334,491,0.124
11703,naive,25,-,64,110.46706666666664,122,0.063
11703,naive,50,-,136,219.742,233,0.087
11703,naive,75,-,172,272.41816666666665,359,0.099
11712,naive,100,-,175,181.29056666666665,343,0.139
11712,naive,25,-,70,95.50913333333335,83,0.077
11712,naive,50,-,123,139.2175,162,0.104
11712,naive,75,-,164,175.7830666666666,250,0.136
11714,naive,100,-,178,185.17073333333335,371,0.118
11714,naive,25,-,52,72.41313333333333,87,0.06
11714,naive,50,-,107,135.9927,182,0.083
11714,naive,75,-,145,165.07183333333333,279,0.105
11725,naive,100,-,210,254.86446666666666,476,0.127
11725,naive,25,-,91,147.66216666666668,118,0.073
11725,naive,50,-,158,214.00943333333336,234,0.098
11725,naive,75,-,192,243.32303333333334,351,0.124
11768,naive,100,-,61,54.3549,143,0.04
11768,naive,25,-,13,11.616566666666667,21,0.004
11768,naive,50,-,31,29.616566666666667,39,0.022
11768,naive,75,-,51,47.41296666666667,80,0.028
11823,naive,100,-,181,272.18443333333335,453,0.097
11823,naive,25,-,63,162.11816666666664,115,0.062
11823,naive,50,-,120,228.10893333333328,227,0.072
11823,naive,75,-,163,265.4950666666666,351,0.085
11826,naive,100,-,70,88.98563333333333,139,0.031
11826,naive,25,-,11,8.555733333333333,19,0.003
11826,naive,50,-,25,38.15593333333334,52,0.02
11826,naive,75,-,48,77.67643333333332,107,0.024
11836,naive,100,-,151,319.0203000000001,317,0.066
11836,naive,25,-,49,107.25609999999999,81,0.039
11836,naive,50,-,103,227.4983333333334,154,0.047
11836,naive,75,-,136,291.13810000000007,225,0.059
11842,naive,100,-,135,115.48219999999999,317,0.111
11842,naive,25,-,46,60.008799999999994,76,0.057
11842,naive,50,-,95,93.4538,154,0.08
11842,naive,75,-,125,113.13806666666667,237,0.099
11868,naive,100,-,221,237.6402333333334,508,0.139
11868,naive,25,-,92,137.56979999999996,122,0.079
11868,naive,50,-,157,199.32529999999988,252,0.103
11868,naive,75,-,192,231.97313333333335,376,0.116
11876,naive,100,-,180,247.09586666666667,346,0.102
11876,naive,25,-,59,118.94663333333334,89,0.054
11876,naive,50,-,125,208.2414666666667,184,0.113
11876,naive,75,-,173,246.25886666666665,267,0.113
11905,naive,100,-,151,259.10656666666665,263,0.104
11905,naive,25,-,49,87.28586666666669,68,0.055
11905,naive,50,-,94,200.11799999999997,145,0.073
11905,naive,75,-,132,230.84543333333332,215,0.093
11999,naive,100,-,184,241.24010000000007,414,0.107
11999,naive,25,-,71,132.40673333333334,101,0.057
11999,naive,50,-,123,203.5116666666667,203,0.088
11999,naive,75,-,160,229.50426666666672,313,0.098
12003,naive,100,-,230,274.5357666666668,515,0.151
12003,naive,25,-,96,150.00123333333337,127,0.074
12003,naive,50,-,154,236.29560000000006,247,0.105
12003,naive,75,-,209,264.4760000000001,386,0.132
12016,naive,100,-,99,74.92526666666667,237,0.055
12016,naive,25,-,26,20.284033333333333,40,0.015
12016,naive,50,-,61,49.76783333333334,112,0.038
12016,naive,75,-,95,72.99910000000001,177,0.048
12017,naive,100,-,137,110.13626666666663,355,0.07
12017,naive,25,-,44,38.33903333333333,64,0.037
12017,naive,50,-,96,80.53146666666666,160,0.053
12017,naive,75,-,126,100.32846666666666,261,0.064
12024,naive,100,-,163,111.61696666666663,398,0.094
12024,naive,25,-,60,49.4554,94,0.05
12024,naive,50,-,112,83.62773333333332,194,0.074
12024,naive,75,-,142,104.85906666666664,276,0.085
12034,naive,100,-,113,253.2832333333333,276,0.047
12034,naive,25,-,33,65.96373333333334,69,0.02
12034,naive,50,-,77,184.46526666666665,135,0.033
12034,naive,75,-,103,229.91416666666663,220,0.044
12036,naive,100,-,87,58.04056666666667,218,0.069
12036,naive,25,-,27,23.149033333333332,41,0.023
12036,naive,50,-,56,44.047133333333335,112,0.049
12036,naive,75,-,78,57.592666666666666,162,0.059
12045,naive,100,-,88,72.13453333333334,203,0.065
12045,naive,25,-,26,26.85713333333333,40,0.023
12045,naive,50,-,43,49.296766666666656,96,0.048
12045,naive,75,-,82,74.02186666666667,170,0.057
12047,naive,100,-,69,86.83673333333337,186,0.026
12047,naive,25,-,14,12.030199999999999,23,0.006
12047,naive,50,-,43,56.45290000000001,102,0.019
12047,naive,75,-,61,83.45390000000002,134,0.023
12069,naive,100,-,76,53.515433333333355,179,0.036
12069,naive,25,-,11,8.579633333333334,26,0.008
12069,naive,50,-,47,36.174600000000005,92,0.024
12069,naive,75,-,71,51.697866666666684,141,0.031
12077,naive,100,-,186,196.07250000000005,422,0.1
12077,naive,25,-,62,93.69183333333332,96,0.058
12077,naive,50,-,130,160.91596666666666,207,0.076
12077,naive,75,-,160,181.81230000000002,311,0.088
12078,naive,100,-,254,342.68693333333334,500,0.159
12078,naive,25,-,106,170.8423,133,0.086
12078,naive,50,-,183,265.5922999999999,259,0.121
12078,naive,75,-,223,317.90443333333326,388,0.137
12081,naive,100,-,312,391.8899333333334,614,0.193
12081,naive,25,-,132,196.9401333333333,155,0.111
12081,naive,50,-,228,316.08263333333343,313,0.148
12081,naive,75,-,290,373.1554000000001,480,0.173
12087,naive,100,-,151,117.47443333333334,373,0.103
12087,naive,25,-,50,47.71516666666667,88,0.056
12087,naive,50,-,99,89.37456666666667,177,0.076
12087,naive,75,-,133,110.82469999999999,280,0.094
12091,naive,100,-,59,48.80313333333334,128,0.023
12091,naive,25,-,5,3.7376333333333336,21,0.002
12091,naive,50,-,37,33.96353333333333,62,0.014
12091,naive,75,-,51,45.332466666666676,92,0.019
12093,naive,100,-,72,57.17726666666666,188,0.033
12093,naive,25,-,14,9.438266666666665,38,0.007
12093,naive,50,-,49,43.59546666666666,73,0.022
12093,naive,75,-,74,57.50513333333333,151,0.029
12126,naive,100,-,92,89.62553333333337,249,0.037
12126,naive,25,-,19,34.05166666666667,44,0.02
12126,naive,50,-,55,61.528266666666674,123,0.029
12126,naive,75,-,80,84.38130000000004,172,0.035
12133,naive,100,-,92,75.49610000000003,162,0.077
12133,naive,25,-,27,26.438633333333335,33,0.014
12133,naive,50,-,52,50.36033333333334,66,0.049
12133,naive,75,-,72,62.12706666666668,125,0.065
12134,naive,100,-,109,89.92980000000003,213,0.057
12134,naive,25,-,27,24.686366666666668,42,0.02
12134,naive,50,-,63,55.318966666666654,115,0.041
12134,naive,75,-,98,82.30416666666666,162,0.052
12168,naive,100,-,131,188.90700000000007,320,0.053
12168,naive,25,-,41,68.58370000000001,72,0.032
12168,naive,50,-,81,145.43329999999997,160,0.04
12168,naive,75,-,115,175.94163333333336,239,0.061
12182,naive,100,-,145,214.9906666666667,364,0.059
12182,naive,25,-,47,94.12836666666668,83,0.033
12182,naive,50,-,99,168.23620000000003,188,0.043
12182,naive,75,-,121,199.10916666666674,280,0.05
12214,naive,100,-,272,194.81950000000003,615,0.188
12214,naive,25,-,121,100.3007,152,0.094
12214,naive,50,-,206,164.60239999999993,296,0.134
12214,naive,75,-,246,184.06446666666665,454,0.161
12221,naive,100,-,146,183.5611333333334,244,0.1
12221,naive,25,-,48,70.4776,62,0.051
12221,naive,50,-,98,146.27586666666673,136,0.074
12221,naive,75,-,132,175.9627666666667,201,0.095
12224,naive,100,-,169,279.53999999999985,377,0.116
12224,naive,25,-,58,123.37946666666669,87,0.062
12224,naive,50,-,111,225.89513333333335,185,0.079
12224,naive,75,-,151,267.62386666666663,261,0.109
12238,naive,100,-,59,117.52546666666666,124,0.049
12238,naive,25,-,7,16.7968,15,0.005
12238,naive,50,-,22,55.5042,30,0.028
12238,naive,75,-,39,88.11506666666668,98,0.042
12276,naive,100,-,220,493.83719999999994,405,0.128
12276,naive,25,-,88,249.94876666666667,106,0.075
12276,naive,50,-,153,407.10829999999993,211,0.102
12276,naive,75,-,201,463.12653333333344,334,0.119
12298,naive,100,-,125,233.48940000000002,271,0.103
12298,naive,25,-,45,108.45930000000003,63,0.048
12298,naive,50,-,76,165.03090000000006,130,0.074
12298,naive,75,-,107,219.16010000000003,203,0.098
12324,naive,100,-,209,465.3419333333333,483,0.099
12324,naive,25,-,86,227.9584,120,0.058
12324,naive,50,-,151,375.3227666666667,235,0.08
12324,naive,75,-,187,427.9778333333334,353,0.09
12327,naive,100,-,266,679.2537666666668,521,0.162
12327,naive,25,-,104,287.87250000000006,130,0.09
12327,naive,50,-,183,490.7342333333334,269,0.116
12327,naive,75,-,226,599.3821000000002,400,0.131
12365,naive,100,-,222,414.2201999999999,438,0.133
12365,naive,25,-,83,175.20506666666668,107,0.07
12365,naive,50,-,146,321.62343333333325,224,0.103
12365,naive,75,-,198,382.33813333333325,343,0.112
12389,naive,100,-,179,342.14660000000003,390,0.15
12389,naive,25,-,74,176.11340000000004,96,0.09
12389,naive,50,-,137,290.5653333333334,189,0.115
12389,naive,75,-,161,326.3635333333334,275,0.14
12437,naive,100,-,276,355.57893333333334,576,0.147
12437,naive,25,-,115,166.18733333333333,140,0.077
12437,naive,50,-,202,275.79346666666675,285,0.109
12437,naive,75,-,250,330.79050000000007,433,0.127
12440,naive,100,-,166,247.40690000000006,272,0.123
12440,naive,25,-,62,100.1675,76,0.055
12440,naive,50,-,112,176.4601,148,0.08
12440,naive,75,-,150,236.02330000000006,219,0.103
12469,naive,100,-,197,251.56013333333328,429,0.118
12469,naive,25,-,82,153.69626666666665,109,0.067
12469,naive,50,-,148,224.51063333333337,228,0.094
12469,naive,75,-,184,246.58269999999993,346,0.119
12493,naive,100,-,126,111.3473666666667,260,0.053
12493,naive,25,-,36,36.06753333333332,70,0.025
12493,naive,50,-,75,75.49173333333334,126,0.04
12493,naive,75,-,106,99.04540000000001,200,0.047
12501,naive,100,-,60,138.5795,142,0.043
12501,naive,25,-,13,36.4532,19,0.006
12501,naive,50,-,33,90.01780000000001,43,0.031
12501,naive,75,-,45,114.83700000000002,89,0.041
12512,naive,100,-,89,64.29139999999998,163,0.042
12512,naive,25,-,24,18.151200000000003,30,0.01
12512,naive,50,-,40,30.23183333333334,73,0.031
12512,naive,75,-,69,52.25766666666665,129,0.034
12514,naive,100,-,46,35.82263333333332,98,0.025
12514,naive,25,-,11,9.662266666666667,16,0.003
12514,naive,50,-,22,18.597600000000003,37,0.013
12514,naive,75,-,36,30.134333333333327,73,0.02
12538,naive,100,-,152,283.6824,287,0.112
12538,naive,25,-,51,137.5439,71,0.065
12538,naive,50,-,88,210.4856,151,0.085
12538,naive,75,-,125,253.82809999999998,229,0.106
12544,naive,100,-,174,187.94980000000004,398,0.095
12544,naive,25,-,73,113.16356666666665,95,0.059
12544,naive,50,-,124,156.4624333333334,190,0.072
12544,naive,75,-,153,178.30390000000003,300,0.095
12548,naive,100,-,150,125.94456666666666,343,0.092
12548,naive,25,-,45,49.54593333333332,78,0.05
12548,naive,50,-,87,88.55486666666664,161,0.064
12548,naive,75,-,132,118.65043333333331,253,0.082
12549,naive,100,-,73,59.77916666666664,220,0.037
12549,naive,25,-,11,16.3069,34,0.014
12549,naive,50,-,42,39.77256666666666,103,0.025
12549,naive,75,-,65,53.12323333333332,158,0.033
12558,naive,100,-,40,31.3072,85,0.018
12558,naive,25,-,2,0.6082,15,0.002
12558,naive,50,-,19,17.5258,31,0.008
12558,naive,75,-,28,23.327233333333336,43,0.015
12559,naive,100,-,91,72.02666666666666,207,0.063
12559,naive,25,-,24,22.38093333333333,39,0.024
12559,naive,50,-,60,51.358733333333326,83,0.048
12559,naive,75,-,80,64.1077,172,0.058
12571,naive,100,-,167,247.88809999999995,337,0.098
12571,naive,25,-,67,108.98863333333335,86,0.051
12571,naive,50,-,117,194.65889999999996,178,0.076
12571,naive,75,-,154,236.43829999999997,265,0.088
12575,naive,100,-,148,275.11139999999995,323,0.096
12575,naive,25,-,46,105.59679999999999,76,0.05
12575,naive,50,-,91,194.29890000000003,152,0.072
12575,naive,75,-,119,242.20430000000007,232,0.083
12582,naive,100,-,103,95.82846666666667,196,0.052
12582,naive,25,-,23,22.908066666666667,27,0.009
12582,naive,50,-,63,58.75503333333333,76,0.038
12582,naive,75,-,86,80.2963,142,0.046
12592,naive,100,-,74,130.79973333333328,192,0.037
12592,naive,25,-,10,27.5185,25,0.013
12592,naive,50,-,52,103.72213333333332,109,0.026
12592,naive,75,-,74,130.23466666666664,143,0.033
12596,naive,100,-,129,182.0125333333332,263,0.099
12596,naive,25,-,40,66.23656666666666,55,0.048
12596,naive,50,-,81,131.2138333333333,137,0.067
12596,naive,75,-,114,169.36006666666654,188,0.091
12608,naive,100,-,177,135.01700000000002,396,0.085
12608,naive,25,-,66,58.9484,85,0.049
12608,naive,50,-,126,107.69006666666664,199,0.068
12608,naive,75,-,158,125.87376666666663,291,0.077
12639,naive,100,-,373,366.3555666666666,669,0.124
12639,naive,25,-,149,146.65886666666665,171,0.08
12639,naive,50,-,270,265.4844666666666,334,0.093
12639,naive,75,-,334,330.48879999999997,495,0.107
12652,naive,100,-,84,172.06539999999998,201,0.086
12652,naive,25,-,19,47.7815,34,0.026
12652,naive,50,-,46,106.53690000000002,95,0.059
12652,naive,75,-,70,156.22140000000002,138,0.073
12658,naive,100,-,170,206.88480000000013,337,0.123
12658,naive,25,-,62,91.14866666666668,80,0.059
12658,naive,50,-,108,151.41713333333334,168,0.09
12658,naive,75,-,149,193.32400000000007,255,0.101
12673,naive,100,-,53,51.22183333333334,145,0.032
12673,naive,25,-,7,9.514733333333332,17,0.006
12673,naive,50,-,25,33.78083333333333,48,0.02
12673,naive,75,-,37,43.81306666666666,79,0.027
12694,naive,100,-,382,382.0,644,0.129
12694,naive,25,-,153,153.0,164,0.069
12694,naive,50,-,275,275.0,330,0.104
12694,naive,75,-,344,344.0,494,0.117
12695,naive,100,-,385,385.0,667,0.124
12695,naive,25,-,149,149.0,168,0.07
12695,naive,50,-,283,283.0,342,0.098
12695,naive,75,-,353,353.0,513,0.113
12722,naive,100,-,48,45.44196666666666,62,0.037
12722,naive,25,-,9,8.359566666666666,14,0.003
12722,naive,50,-,24,23.359566666666666,29,0.016
12722,naive,75,-,40,39.06713333333333,45,0.031
12727,naive,100,-,127,225.9694666666667,271,0.072
12727,naive,25,-,41,95.63353333333333,56,0.037
12727,naive,50,-,86,175.8318,138,0.05
12727,naive,75,-,106,211.38146666666668,202,0.066
12733,naive,100,-,103,117.04796666666667,236,0.055
12733,naive,25,-,30,40.50326666666667,48,0.022
12733,naive,50,-,78,99.94923333333334,121,0.038
12733,naive,75,-,94,111.09186666666668,176,0.048
12746,naive,100,-,389,389.0,693,0.123
12746,naive,25,-,158,158.0,178,0.07
12746,naive,50,-,281,281.0,347,0.102
12746,naive,75,-,348,348.0,520,0.114
12810,naive,100,-,194,189.72950000000012,414,0.113
12810,naive,25,-,72,96.48736666666665,90,0.063
12810,naive,50,-,145,160.96456666666668,203,0.081
12810,naive,75,-,178,179.66336666666675,301,0.1
12830,naive,100,-,272,261.9411666666667,541,0.079
12830,naive,25,-,111,109.08166666666666,131,0.049
12830,naive,50,-,208,202.49196666666663,275,0.062
12830,naive,75,-,254,244.81273333333328,418,0.072
12898,naive,100,-,116,213.57880000000011,316,0.063
12898,naive,25,-,35,86.7236,70,0.038
12898,naive,50,-,90,197.63840000000008,151,0.046
12898,naive,75,-,100,203.8609000000001,226,0.06
12924,naive,100,-,103,164.9772,248,0.053
12924,naive,25,-,33,71.28356666666667,57,0.021
12924,naive,50,-,70,125.17406666666666,116,0.034
12924,naive,75,-,79,137.4561,184,0.041
12931,naive,100,-,183,209.94589999999997,427,0.114
12931,naive,25,-,76,129.61840000000004,110,0.062
12931,naive,50,-,117,168.49909999999997,226,0.084
12931,naive,75,-,157,200.85503333333332,345,0.098
12932,naive,100,-,145,128.60900000000004,298,0.091
12932,naive,25,-,34,54.93056666666665,60,0.05
12932,naive,50,-,89,99.5147,146,0.062
12932,naive,75,-,121,117.10283333333334,219,0.078
12950,naive,100,-,271,437.2160333333335,563,0.132
12950,naive,25,-,108,218.3701333333333,139,0.072
12950,naive,50,-,189,332.0447666666667,281,0.1
12950,naive,75,-,243,410.24423333333345,421,0.118
12954,naive,100,-,93,164.03330000000003,225,0.029
12954,naive,25,-,19,32.7959,39,0.006
12954,naive,50,-,51,96.10339999999998,101,0.02
12954,naive,75,-,72,137.78283333333337,156,0.028
12960,naive,100,-,114,266.49823333333336,220,0.056
12960,naive,25,-,23,54.19513333333333,48,0.017
12960,naive,50,-,71,175.33599999999998,118,0.039
12960,naive,75,-,99,237.62216666666671,172,0.048
12961,naive,100,-,48,89.37273333333334,88,0.024
12961,naive,25,-,5,9.7248,8,0.002
12961,naive,50,-,13,25.724800000000002,16,0.013
12961,naive,75,-,38,69.48433333333334,73,0.02
13013,naive,100,-,188,201.25980000000004,453,0.087
13013,naive,25,-,65,76.73806666666667,109,0.044
13013,naive,50,-,139,164.62016666666668,229,0.063
13013,naive,75,-,168,188.32513333333333,326,0.078
13027,naive,100,-,142,99.42039999999999,325,0.092
13027,naive,25,-,53,42.952333333333335,73,0.047
13027,naive,50,-,96,79.25833333333334,165,0.067
13027,naive,75,-,122,93.39470000000001,246,0.08
13031,naive,100,-,168,172.87130000000005,414,0.135
13031,naive,25,-,64,85.37706666666668,94,0.07
13031,naive,50,-,129,150.41913333333338,217,0.111
13031,naive,75,-,144,153.40313333333341,308,0.131
13045,naive,100,-,158,131.59646666666666,372,0.11
13045,naive,25,-,61,55.195800000000006,88,0.061
13045,naive,50,-,104,92.52093333333336,174,0.083
13045,naive,75,-,146,125.05096666666665,274,0.1
13048,naive,100,-,243,210.0572333333333,457,0.22
13048,naive,25,-,96,104.55966666666667,118,0.104
13048,naive,50,-,184,175.8799,250,0.148
13048,naive,75,-,218,198.3043333333333,366,0.177
13049,naive,100,-,278,440.33079999999984,608,0.137
13049,naive,25,-,124,230.15890000000007,151,0.068
13049,naive,50,-,204,360.89296666666644,295,0.097
13049,naive,75,-,246,406.11076666666645,451,0.106
13082,naive,100,-,71,99.36956666666667,166,0.063
13082,naive,25,-,25,45.93986666666666,47,0.02
13082,naive,50,-,48,76.33993333333333,96,0.043
13082,naive,75,-,60,90.77573333333332,129,0.053
13085,naive,100,-,249,223.8239666666667,543,0.165
13085,naive,25,-,86,106.14003333333334,131,0.097
13085,naive,50,-,195,195.19959999999995,278,0.137
13085,naive,75,-,227,212.01726666666676,412,0.167
13103,naive,100,-,114,91.07860000000004,315,0.034
13103,naive,25,-,29,29.381400000000003,72,0.019
13103,naive,50,-,83,77.1363,146,0.025
13103,naive,75,-,103,86.65640000000002,223,0.03
13108,naive,100,-,84,68.98233333333333,226,0.037
13108,naive,25,-,27,25.356099999999998,58,0.016
13108,naive,50,-,54,48.6355,104,0.027
13108,naive,75,-,76,64.69466666666666,177,0.034
13128,naive,100,-,193,160.23063333333334,410,0.142
13128,naive,25,-,72,77.6994,97,0.073
13128,naive,50,-,149,135.56359999999998,203,0.116
13128,naive,75,-,168,148.59740000000005,295,0.121
13155,naive,100,-,184,163.40383333333335,412,0.065
13155,naive,25,-,70,64.4088,104,0.037
13155,naive,50,-,135,123.30309999999999,198,0.048
13155,naive,75,-,165,150.38163333333335,328,0.058
13200,naive,100,-,51,37.01630000000001,111,0.025
13200,naive,25,-,7,5.8361,14,0.002
13200,naive,50,-,18,13.692699999999999,31,0.013
13200,naive,75,-,35,27.846033333333335,66,0.02
13210,naive,100,-,40,44.8253,82,0.032
13210,naive,25,-,6,4.7903,12,0.002
13210,naive,50,-,11,12.453066666666667,20,0.014
13210,naive,75,-,32,37.58746666666667,59,0.025
13211,naive,100,-,52,33.039033333333336,127,0.047
13211,naive,25,-,10,8.228933333333334,22,0.006
13211,naive,50,-,32,25.574700000000004,44,0.026
13211,naive,75,-,42,32.4238,67,0.042
13251,naive,100,-,219,210.43353333333332,444,0.064
13251,naive,25,-,83,80.7636,108,0.04
13251,naive,50,-,154,149.38036666666665,228,0.05
13251,naive,75,-,199,193.1369,332,0.062
13258,naive,100,-,178,180.24070000000003,355,0.116
13258,naive,25,-,65,73.84243333333335,87,0.061
13258,naive,50,-,118,126.31120000000001,180,0.09
13258,naive,75,-,158,163.13083333333338,263,0.106
13261,naive,100,-,263,255.03696666666664,473,0.083
13261,naive,25,-,95,92.934,118,0.05
13261,naive,50,-,178,174.34776666666667,230,0.068
13261,naive,75,-,225,217.99363333333332,351,0.08
13262,naive,100,-,211,200.8536666666667,397,0.069
13262,naive,25,-,67,64.98786666666666,95,0.038
13262,naive,50,-,138,134.297,195,0.056
13262,naive,75,-,168,161.89860000000002,296,0.061
13264,naive,100,-,169,270.48486666666673,326,0.11
13264,naive,25,-,67,122.3561,84,0.056
13264,naive,50,-,116,203.38346666666664,166,0.079
13264,naive,75,-,147,257.93896666666666,237,0.097
13265,naive,100,-,161,326.50933333333325,312,0.08
13265,naive,25,-,60,113.4218,76,0.049
13265,naive,50,-,109,236.47406666666663,148,0.061
13265,naive,75,-,138,293.21833333333325,238,0.076
13266,naive,100,-,137,242.04896666666662,331,0.116
13266,naive,25,-,54,109.8771,82,0.053
13266,naive,50,-,96,189.03716666666665,166,0.069
13266,naive,75,-,126,249.18826666666666,255,0.092
13316,naive,100,-,185,334.6010666666667,393,0.097
13316,naive,25,-,56,128.7086,89,0.054
13316,naive,50,-,125,257.8198,191,0.067
13316,naive,75,-,148,292.93626666666665,286,0.09
13323,naive,100,-,112,105.80253333333333,231,0.051
13323,naive,25,-,31,29.6897,46,0.016
13323,naive,50,-,71,67.54943333333334,89,0.04
13323,naive,75,-,96,90.76186666666668,175,0.046
13328,naive,100,-,351,342.55016666666677,654,0.103
13328,naive,25,-,143,142.1945666666667,157,0.069
13328,naive,50,-,250,247.81640000000004,322,0.087
13328,naive,75,-,322,314.21163333333345,496,0.104
13329,naive,100,-,329,322.8392333333333,625,0.111
13329,naive,25,-,131,129.84203333333335,155,0.069
13329,naive,50,-,233,230.59356666666665,309,0.091
13329,naive,75,-,294,290.6965333333333,466,0.097
13331,naive,100,-,226,219.2315,465,0.084
13331,naive,25,-,92,90.74976666666667,116,0.051
13331,naive,50,-,163,156.6942666666667,229,0.067
13331,naive,75,-,211,204.7025,334,0.08
13333,naive,100,-,128,119.93006666666666,293,0.06
13333,naive,25,-,43,42.2771,56,0.031
13333,naive,50,-,100,96.3561,145,0.046
13333,naive,75,-,121,116.67086666666667,218,0.055
13350,naive,100,-,35,34.04956666666668,39,0.026
13350,naive,25,-,5,4.968366666666666,9,0.002
13350,naive,50,-,15,14.958366666666663,19,0.005
13350,naive,75,-,25,24.759733333333333,29,0.018
13388,naive,100,-,342,332.072,659,0.11
13388,naive,25,-,142,141.20083333333332,160,0.072
13388,naive,50,-,256,252.40540000000001,330,0.096
13388,naive,75,-,309,303.67706666666663,501,0.103
13392,naive,100,-,155,146.62343333333334,319,0.071
13392,naive,25,-,53,51.7803,65,0.032
13392,naive,50,-,105,103.16566666666668,166,0.059
13392,naive,75,-,138,132.97903333333335,249,0.053
13401,naive,100,-,140,175.63113333333328,346,0.109
13401,naive,25,-,56,103.3286333333333,84,0.058
13401,naive,50,-,99,146.35779999999997,167,0.08
13401,naive,75,-,124,171.75856666666664,274,0.109
13418,naive,100,-,181,163.09709999999995,345,0.119
13418,naive,25,-,72,79.10596666666665,84,0.069
13418,naive,50,-,126,123.92766666666667,169,0.09
13418,naive,75,-,158,144.3280333333333,257,0.116
13423,naive,100,-,153,110.85499999999999,275,0.114
13423,naive,25,-,51,46.431866666666664,66,0.05
13423,naive,50,-,102,84.37903333333333,143,0.078
13423,naive,75,-,122,95.76469999999999,198,0.096
13427,naive,100,-,142,125.58740000000003,331,0.061
13427,naive,25,-,55,57.7176,80,0.035
13427,naive,50,-,105,104.82113333333335,164,0.043
13427,naive,75,-,128,121.012,257,0.054
13429,naive,100,-,157,150.79659999999998,302,0.128
13429,naive,25,-,52,68.3196,77,0.07
13429,naive,50,-,107,116.1559,149,0.09
13429,naive,75,-,131,131.27923333333334,227,0.109
13432,naive,100,-,144,158.01646666666667,298,0.073
13432,naive,25,-,45,64.39949999999999,67,0.039
13432,naive,50,-,102,132.11586666666665,152,0.056
13432,naive,75,-,130,151.17156666666662,218,0.068
13439,naive,100,-,171,161.18786666666662,381,0.101
13439,naive,25,-,57,60.41013333333333,95,0.062
13439,naive,50,-,120,117.3637,181,0.081
13439,naive,75,-,151,147.26016666666663,291,0.093
13447,naive,100,-,196,154.90196666666665,473,0.118
13447,naive,25,-,78,79.73366666666666,112,0.062
13447,naive,50,-,144,133.94826666666665,231,0.088
13447,naive,75,-,179,151.239,354,0.108
13450,naive,100,-,96,153.94580000000005,268,0.038
13450,naive,25,-,16,29.603166666666667,47,0.014
13450,naive,50,-,61,118.3318333333333,116,0.027
13450,naive,75,-,77,132.20770000000005,183,0.033
13456,naive,100,-,83,74.55399999999999,188,0.053
13456,naive,25,-,18,17.3733,22,0.01
13456,naive,50,-,50,47.7432,72,0.037
13456,naive,75,-,77,70.96996666666666,159,0.047
13464,naive,100,-,348,342.7842666666666,666,0.105
13464,naive,25,-,144,143.11316666666667,162,0.076
13464,naive,50,-,251,247.4491,337,0.091
13464,naive,75,-,317,311.5683666666667,495,0.112
13465,naive,100,-,312,304.6527666666667,592,0.119
13465,naive,25,-,127,123.90373333333334,147,0.07
13465,naive,50,-,231,226.63026666666667,294,0.088
13465,naive,75,-,284,279.7521,442,0.101
13469,naive,100,-,119,114.68476666666669,200,0.053
13469,naive,25,-,26,26.0,30,0.014
13469,naive,50,-,74,72.28296666666667,120,0.04
13469,naive,75,-,103,98.47543333333336,172,0.048
13497,naive,100,-,159,166.70790000000002,361,0.085
13497,naive,25,-,53,84.9902,89,0.047
13497,naive,50,-,98,128.91883333333337,182,0.065
13497,naive,75,-,121,142.40393333333333,283,0.077
13513,naive,100,-,171,146.7191666666666,378,0.099
13513,naive,25,-,59,66.0645,92,0.064
13513,naive,50,-,127,117.58083333333332,193,0.079
13513,naive,75,-,149,132.6469,280,0.086
13520,naive,100,-,74,112.0318666666667,153,0.049
13520,naive,25,-,12,22.594833333333334,23,0.01
13520,naive,50,-,29,60.640699999999995,61,0.033
13520,naive,75,-,57,99.93533333333332,136,0.045
13525,naive,100,-,103,144.8867666666667,314,0.047
13525,naive,25,-,37,61.29503333333333,78,0.025
13525,naive,50,-,80,137.99800000000002,139,0.033
13525,naive,75,-,96,146.0489333333334,235,0.042
13563,naive,100,-,69,58.13826666666667,127,0.039
13563,naive,25,-,14,12.4972,23,0.003
13563,naive,50,-,35,31.404666666666667,49,0.021
13563,naive,75,-,55,49.073699999999995,94,0.031
13564,naive,100,-,41,39.047133333333335,68,0.039
13564,naive,25,-,8,8.0,12,0.003
13564,naive,50,-,22,22.0,26,0.021
13564,naive,75,-,37,36.360166666666665,55,0.034
13629,naive,100,-,158,137.96233333333328,364,0.085
13629,naive,25,-,55,63.08893333333333,89,0.046
13629,naive,50,-,110,107.89456666666665,180,0.066
13629,naive,75,-,148,136.33876666666663,268,0.081
13645,naive,100,-,127,132.06319999999997,296,0.093
13645,naive,25,-,45,77.12056666666665,74,0.05
13645,naive,50,-,87,111.68473333333333,147,0.064
13645,naive,75,-,112,124.05426666666662,215,0.078
13655,naive,100,-,219,258.7582333333334,505,0.123
13655,naive,25,-,92,137.75653333333332,131,0.069
13655,naive,50,-,161,217.4428666666668,260,0.098
13655,naive,75,-,203,251.11503333333343,393,0.114
13666,naive,100,-,143,259.3311333333334,336,0.052
13666,naive,25,-,38,70.79893333333332,78,0.028
13666,naive,50,-,98,188.13943333333333,155,0.039
13666,naive,75,-,134,249.6072,255,0.044
13674,naive,100,-,163,155.37166666666667,323,0.061
13674,naive,25,-,43,41.2553,60,0.035
13674,naive,50,-,101,96.40323333333332,148,0.049
13674,naive,75,-,145,137.59236666666666,254,0.06
13682,naive,100,-,96,92.97879999999999,188,0.047
13682,naive,25,-,27,28.3101,38,0.009
13682,naive,50,-,61,60.67496666666667,86,0.033
13682,naive,75,-,80,77.35683333333333,125,0.04
13683,naive,100,-,56,50.19693333333333,116,0.03
13683,naive,25,-,12,9.966000000000001,17,0.003
13683,naive,50,-,34,30.918599999999998,51,0.019
13683,naive,75,-,56,52.07023333333333,91,0.027
13691,naive,100,-,228,384.03653333333324,538,0.088
13691,naive,25,-,87,178.12109999999996,130,0.049
13691,naive,50,-,173,320.76590000000004,263,0.07
13691,naive,75,-,213,372.69303333333335,410,0.079
13703,naive,100,-,187,165.49433333333334,496,0.103
13703,naive,25,-,71,91.10866666666666,121,0.063
13703,naive,50,-,135,141.4934333333333,238,0.09
13703,naive,75,-,165,159.44393333333335,366,0.095
13706,naive,100,-,132,148.6329666666667,328,0.067
13706,naive,25,-,39,56.39756666666666,62,0.029
13706,naive,50,-,93,124.33163333333333,153,0.042
13706,naive,75,-,110,137.4488666666667,247,0.055
13737,naive,100,-,120,96.05826666666668,218,0.091
13737,naive,25,-,46,43.13313333333333,60,0.03
13737,naive,50,-,87,76.28413333333336,112,0.06
13737,naive,75,-,111,93.64433333333336,179,0.078
13743,naive,100,-,137,136.73200000000006,235,0.104
13743,naive,25,-,45,53.509733333333344,57,0.049
13743,naive,50,-,86,98.61579999999998,132,0.078
13743,naive,75,-,115,126.01949999999998,180,0.095
13775,naive,100,-,270,395.91769999999997,545,0.11
13775,naive,25,-,109,184.42343333333335,128,0.062
13775,naive,50,-,192,303.52290000000005,262,0.084
13775,naive,75,-,250,379.6487333333332,416,0.101
13812,naive,100,-,167,111.05963333333334,439,0.069
13812,naive,25,-,71,64.29030000000002,110,0.031
13812,naive,50,-,119,95.57106666666668,220,0.045
13812,naive,75,-,142,107.01563333333335,333,0.055
13868,naive,100,-,77,105.08846666666666,173,0.057
13868,naive,25,-,21,35.15186666666666,34,0.011
13868,naive,50,-,45,74.53190000000002,66,0.043
13868,naive,75,-,59,89.48566666666667,113,0.052
13879,naive,100,-,151,143.8329,286,0.057
13879,naive,25,-,42,40.901266666666665,56,0.027
13879,naive,50,-,101,96.90266666666668,149,0.044
13879,naive,75,-,132,129.63736666666665,209,0.052
13956,naive,100,-,87,88.60770000000001,181,0.062
13956,naive,25,-,25,31.39563333333333,38,0.021
13956,naive,50,-,57,68.49450000000002,101,0.044
13956,naive,75,-,80,85.88799999999999,142,0.053
13992,naive,100,-,137,154.8410666666668,236,0.116
13992,naive,25,-,47,55.9773,57,0.047
13992,naive,50,-,87,119.04356666666669,121,0.087
13992,naive,75,-,122,147.24053333333347,175,0.109
14027,naive,100,-,155,171.16620000000003,314,0.114
14027,naive,25,-,62,87.47746666666666,74,0.058
14027,naive,50,-,109,142.61693333333332,151,0.081
14027,naive,75,-,142,166.54903333333337,222,0.099
14031,naive,100,-,101,111.09833333333333,162,0.087
14031,naive,25,-,25,24.560499999999998,35,0.014
14031,naive,50,-,62,83.88026666666667,78,0.057
14031,naive,75,-,83,98.65620000000001,121,0.075
14035,naive,100,-,75,79.63413333333334,142,0.071
14035,naive,25,-,28,26.055133333333334,36,0.018
14035,naive,50,-,59,70.527,99,0.05
14035,naive,75,-,79,87.38796666666664,136,0.065
14037,naive,100,-,72,62.1348,137,0.036
14037,naive,25,-,10,9.140633333333334,17,0.005
14037,naive,50,-,27,26.1058,35,0.023
14037,naive,75,-,49,42.850699999999996,105,0.031
14043,naive,100,-,90,67.11593333333333,211,0.051
14043,naive,25,-,24,24.0,28,0.02
14043,naive,50,-,50,41.9371,79,0.036
14043,naive,75,-,84,64.94130000000001,156,0.046
14061,naive,100,-,104,70.67453333333334,237,0.065
14061,naive,25,-,32,26.0373,59,0.024
14061,naive,50,-,77,58.96696666666666,125,0.041
14061,naive,75,-,88,64.49126666666666,172,0.054
14071,naive,100,-,53,40.62006666666665,127,0.028
14071,naive,25,-,6,5.655166666666667,8,0.005
14071,naive,50,-,25,19.868666666666666,55,0.017
14071,naive,75,-,48,37.52449999999999,81,0.024
14078,naive,100,-,92,66.74016666666665,199,0.059
14078,naive,25,-,28,26.177966666666666,37,0.021
14078,naive,50,-,45,37.6413,101,0.042
14078,naive,75,-,74,58.13056666666667,151,0.05
14092,naive,100,-,124,88.4489,327,0.049
14092,naive,25,-,35,31.10996666666667,60,0.028
14092,naive,50,-,80,64.10136666666666,155,0.039
14092,naive,75,-,105,81.62193333333333,234,0.045
14093,naive,100,-,121,79.62066666666666,322,0.048
14093,naive,25,-,36,27.18483333333333,82,0.026
14093,naive,50,-,86,66.56500000000001,143,0.037
14093,naive,75,-,102,68.90799999999999,224,0.044
14105,naive,100,-,94,83.32183333333336,253,0.067
14105,naive,25,-,25,32.409533333333336,30,0.029
14105,naive,50,-,60,60.45793333333333,123,0.051
14105,naive,75,-,77,73.35210000000002,171,0.063
14106,naive,100,-,116,89.45756666666665,310,0.053
14106,naive,25,-,49,46.35199999999999,78,0.026
14106,naive,50,-,69,62.9169,143,0.04
14106,naive,75,-,100,85.44746666666667,223,0.051
14109,naive,100,-,187,131.78473333333338,378,0.129
14109,naive,25,-,71,57.34283333333333,88,0.07
14109,naive,50,-,127,98.50253333333337,195,0.099
14109,naive,75,-,169,122.81496666666673,291,0.114
14173,naive,100,-,159,112.57126666666662,351,0.1
14173,naive,25,-,54,45.97906666666666,80,0.053
14173,naive,50,-,107,87.60103333333335,168,0.076
14173,naive,75,-,131,99.33363333333334,275,0.087
14208,naive,100,-,68,61.185966666666666,159,0.032
14208,naive,25,-,18,15.757000000000001,28,0.005
14208,naive,50,-,45,43.07613333333332,82,0.023
14208,naive,75,-,62,54.4403,103,0.028
14213,naive,100,-,95,74.08866666666665,248,0.046
14213,naive,25,-,29,21.650133333333336,62,0.018
14213,naive,50,-,66,54.0113,116,0.035
14213,naive,75,-,86,68.89086666666665,193,0.044
14225,naive,100,-,197,187.03183333333328,377,0.053
14225,naive,25,-,59,58.410133333333334,90,0.032
14225,naive,50,-,127,121.30063333333331,165,0.043
14225,naive,75,-,172,162.69536666666664,296,0.051
14228,naive,100,-,75,163.6116,188,0.021
14228,naive,25,-,11,10.192800000000002,25,0.004
14228,naive,50,-,41,94.6449,98,0.015
14228,naive,75,-,64,147.67673333333332,144,0.018
14238,naive,100,-,125,104.45126666666668,254,0.068
14238,naive,25,-,38,36.59726666666667,59,0.028
14238,naive,50,-,86,77.74200000000002,124,0.052
14238,naive,75,-,113,95.2826,186,0.063
14248,naive,100,-,261,188.59326666666664,630,0.158
14248,naive,25,-,116,103.97753333333331,153,0.095
14248,naive,50,-,191,153.71826666666666,308,0.124
14248,naive,75,-,244,184.2052666666666,475,0.151
14269,naive,100,-,141,114.28723333333332,315,0.079
14269,naive,25,-,47,42.713800000000006,75,0.04
14269,naive,50,-,98,90.003,156,0.056
14269,naive,75,-,134,108.25680000000003,238,0.069
14273,naive,100,-,122,105.84753333333332,343,0.059
14273,naive,25,-,55,58.09823333333334,86,0.033
14273,naive,50,-,96,96.8291,177,0.044
14273,naive,75,-,111,104.45459999999999,247,0.054
14292,naive,100,-,262,212.37263333333334,592,0.101
14292,naive,25,-,102,94.835,145,0.057
14292,naive,50,-,183,160.10023333333336,282,0.078
14292,naive,75,-,226,194.26400000000004,435,0.092
14297,naive,100,-,128,93.05156666666663,272,0.078
14297,naive,25,-,39,34.295366666666666,68,0.033
14297,naive,50,-,84,67.70289999999999,132,0.056
14297,naive,75,-,99,81.46866666666665,192,0.068
14305,naive,100,-,117,83.21243333333332,300,0.049
14305,naive,25,-,35,29.242266666666666,72,0.026
14305,naive,50,-,89,70.42596666666667,147,0.034
14305,naive,75,-,109,80.29676666666666,237,0.044
14306,naive,100,-,146,107.60643333333331,309,0.09
14306,naive,25,-,62,53.55236666666668,78,0.053
14306,naive,50,-,98,77.67356666666667,166,0.068
14306,naive,75,-,126,98.23133333333332,238,0.084
14309,naive,100,-,186,127.46239999999996,434,0.139
14309,naive,25,-,77,66.90033333333335,103,0.074
14309,naive,50,-,133,103.14363333333334,224,0.105
14309,naive,75,-,178,127.5701333333333,322,0.121
14310,naive,100,-,195,137.65240000000006,438,0.119
14310,naive,25,-,78,63.09653333333333,103,0.061
14310,naive,50,-,133,102.7572666666667,219,0.091
14310,naive,75,-,172,125.39903333333338,337,0.104
14311,naive,100,-,174,116.47516666666667,421,0.12
14311,naive,25,-,63,52.5117,97,0.067
14311,naive,50,-,117,86.8594,184,0.092
14311,naive,75,-,162,111.52870000000001,313,0.112
14313,naive,100,-,177,140.70463333333345,454,0.083
14313,naive,25,-,67,68.11563333333332,109,0.046
14313,naive,50,-,128,120.31400000000002,229,0.065
14313,naive,75,-,158,137.28206666666676,335,0.074
14314,naive,100,-,184,159.13729999999995,431,0.098
14314,naive,25,-,77,78.25056666666666,109,0.054
14314,naive,50,-,130,127.82630000000002,214,0.082
14314,naive,75,-,164,149.5399666666667,346,0.092
14318,naive,100,-,131,122.88703333333332,313,0.098
14318,naive,25,-,54,70.62380000000003,75,0.051
14318,naive,50,-,99,105.91163333333334,144,0.073
14318,naive,75,-,117,116.84096666666667,234,0.087
14320,naive,100,-,208,193.55293333333333,452,0.077
14320,naive,25,-,74,71.17633333333333,106,0.05
14320,naive,50,-,138,132.32216666666667,218,0.062
14320,naive,75,-,182,175.2814,322,0.073
14325,naive,100,-,55,62.54683333333334,115,0.034
14325,naive,25,-,7,7.9697,16,0.003
14325,naive,50,-,24,37.8395,33,0.018
14325,naive,75,-,28,40.6557,50,0.028
14373,naive,100,-,103,108.48511594580508,259,0.049
14373,naive,25,-,24,25.290711307972902,32,0.023
14373,naive,50,-,64,80.09340802501303,122,0.037
14373,naive,75,-,89,102.18039994788951,196,0.047
14419,naive,100,-,183,237.57943590411676,392,0.126
14419,naive,25,-,67,120.7675547159979,90,0.07
14419,naive,50,-,122,191.951960656592,195,0.086
14419,naive,75,-,161,231.34050937988542,295,0.109
14428,naive,100,-,32,25.964866666666666,47,0.02
14428,naive,25,-,5,4.2454,12,0.002
14428,naive,50,-,15,13.201133333333333,22,0.008
14428,naive,75,-,24,19.107266666666668,34,0.016
14432,naive,100,-,129,144.74270000000004,289,0.057
14432,naive,25,-,42,59.9328,57,0.032
14432,naive,50,-,88,117.39543333333333,132,0.043
14432,naive,75,-,110,132.46966666666665,203,0.051
14540,naive,100,-,239,236.56320000000025,545,0.119
14540,naive,25,-,105,134.26336666666666,141,0.067
14540,naive,50,-,188,204.62276666666673,280,0.089
14540,naive,75,-,215,229.82176666666686,411,0.106
14552,naive,100,-,115,106.22843333333333,234,0.06
14552,naive,25,-,28,40.88343333333333,44,0.027
14552,naive,50,-,72,77.33376666666668,113,0.042
14552,naive,75,-,97,95.6422,179,0.057
14587,naive,100,-,96,74.93646666666667,199,0.055
14587,naive,25,-,29,25.159000000000002,39,0.014
14587,naive,50,-,51,43.87900000000001,74,0.038
14587,naive,75,-,83,70.02713333333332,161,0.047
14596,naive,100,-,95,88.17410000000002,248,0.042
14596,naive,25,-,24,26.114399999999996,34,0.017
14596,naive,50,-,67,75.65350000000001,123,0.029
14596,naive,75,-,84,85.21826666666668,180,0.038
14696,naive,100,-,125,163.18103333333332,290,0.05
14696,naive,25,-,29,41.96263333333333,52,0.021
14696,naive,50,-,80,125.03543333333332,141,0.036
14696,naive,75,-,104,147.02026666666666,208,0.044
14744,naive,100,-,150,242.06573333333336,333,0.057
14744,naive,25,-,44,69.7831,81,0.033
14744,naive,50,-,97,187.5266333333333,163,0.041
14744,naive,75,-,138,220.9508,258,0.06
14750,naive,100,-,43,83.61193333333333,65,0.031
14750,naive,25,-,10,20.0973,16,0.002
14750,naive,50,-,25,56.2877,34,0.009
14750,naive,75,-,31,70.05019999999999,43,0.023
14758,naive,100,-,74,52.157033333333345,163,0.046
14758,naive,25,-,14,13.251333333333333,19,0.012
14758,naive,50,-,38,30.78993333333333,82,0.032
14758,naive,75,-,64,46.751633333333345,116,0.041
14761,naive,100,-,109,125.49963333333334,245,0.085
14761,naive,25,-,28,36.47196666666667,46,0.033
14761,naive,50,-,75,95.12556666666666,123,0.064
14761,naive,75,-,101,115.30433333333333,179,0.078
14763,naive,100,-,66,93.36913333333334,208,0.032
14763,naive,25,-,10,26.2746,14,0.009
14763,naive,50,-,43,65.93316666666668,98,0.024
14763,naive,75,-,63,86.10470000000002,135,0.027
14773,naive,100,-,93,58.40110000000001,232,0.038
14773,naive,25,-,22,16.9561,58,0.016
14773,naive,50,-,58,46.42796666666666,93,0.025
14773,naive,75,-,80,56.19220000000001,162,0.035
14777,naive,100,-,93,122.8869,200,0.043
14777,naive,25,-,21,35.7729,43,0.016
14777,naive,50,-,61,96.63356666666667,103,0.033
14777,naive,75,-,81,114.2568333333333,152,0.037
14802,naive,100,-,54,62.54026666666666,123,0.026
14802,naive,25,-,3,5.491366666666667,15,0.003
14802,naive,50,-,31,45.47593333333333,69,0.016
14802,naive,75,-,46,57.3305,88,0.021
14811,naive,100,-,121,153.6182999999999,232,0.09
14811,naive,25,-,41,73.77213333333333,59,0.047
14811,naive,50,-,76,118.2418666666666,118,0.069
14811,naive,75,-,117,152.8585999999999,173,0.082
14824,naive,100,-,52,61.60846666666667,116,0.032
14824,naive,25,-,10,9.408266666666666,14,0.004
14824,naive,50,-,31,42.85446666666667,54,0.021
14824,naive,75,-,51,63.48903333333334,95,0.026
14829,naive,100,-,101,116.04383333333334,172,0.057
14829,naive,25,-,31,22.501566666666672,41,0.01
14829,naive,50,-,63,75.52300000000001,84,0.04
14829,naive,75,-,86,102.89926666666669,134,0.05
14846,naive,100,-,144,160.95786666666666,339,0.084
14846,naive,25,-,44,80.82406666666665,70,0.053
14846,naive,50,-,94,126.68626666666667,171,0.067
14846,naive,75,-,135,155.69129999999998,241,0.08
14849,naive,100,-,141,117.71943333333334,288,0.055
14849,naive,25,-,39,36.230000000000004,72,0.029
14849,naive,50,-,97,97.83086666666667,146,0.039
14849,naive,75,-,117,109.13303333333336,228,0.048
14852,naive,100,-,93,83.61096666666667,244,0.061
14852,naive,25,-,25,27.925000000000004,47,0.027
14852,naive,50,-,55,67.26353333333331,111,0.044
14852,naive,75,-,86,81.8869,174,0.053
14863,naive,100,-,126,96.42286666666665,299,0.033
14863,naive,25,-,37,36.0031,75,0.018
14863,naive,50,-,79,73.02296666666663,145,0.024
14863,naive,75,-,100,87.63363333333331,221,0.032
14873,naive,100,-,57,58.7304,164,0.018
14873,naive,25,-,5,3.5271,12,0.002
14873,naive,50,-,28,34.72829999999999,86,0.011
14873,naive,75,-,58,58.295100000000005,127,0.016
14876,naive,100,-,65,62.398399999999995,148,0.022
14876,naive,25,-,5,8.636133333333333,11,0.003
14876,naive,50,-,27,36.42629999999999,64,0.015
14876,naive,75,-,49,54.401333333333326,111,0.02
14877,naive,100,-,74,84.0928333333333,152,0.052
14877,naive,25,-,27,43.032399999999996,34,0.02
14877,naive,50,-,44,64.1146,85,0.039
14877,naive,75,-,59,74.83139999999999,130,0.045
14881,naive,100,-,142,112.15369999999996,368,0.051
14881,naive,25,-,53,62.0929,89,0.028
14881,naive,50,-,112,104.33429999999994,184,0.039
14881,naive,75,-,132,110.80379999999995,276,0.05
14900,naive,100,-,220,405.2178333333333,449,0.093
14900,naive,25,-,85,201.58833333333334,113,0.051
14900,naive,50,-,142,316.12426666666664,224,0.067
14900,naive,75,-,184,377.4787,329,0.078
14919,naive,100,-,59,42.24696666666666,153,0.01
14919,naive,25,-,0,0.0,0,0.001
14919,naive,50,-,31,24.74073333333334,86,0.007
14919,naive,75,-,51,39.737733333333324,123,0.009
14926,naive,100,-,176,424.9985000000001,391,0.068
14926,naive,25,-,55,154.36943333333332,71,0.036
14926,naive,50,-,114,308.3232666666667,175,0.051
14926,naive,75,-,156,393.4535666666667,298,0.06
14935,naive,100,-,209,280.01276666666666,412,0.1
14935,naive,25,-,69,123.06146666666666,100,0.052
14935,naive,50,-,134,205.25143333333335,191,0.064
14935,naive,75,-,186,262.60083333333336,307,0.078
14945,naive,100,-,112,156.39183333333327,236,0.059
14945,naive,25,-,32,36.66916666666666,46,0.019
14945,naive,50,-,71,101.15236666666668,125,0.037
14945,naive,75,-,95,148.6446333333333,185,0.05
14997,naive,100,-,38,36.1338,52,0.035
14997,naive,25,-,8,7.823666666666667,13,0.002
14997,naive,50,-,21,20.728333333333335,26,0.013
14997,naive,75,-,30,29.2447,39,0.029
15022,naive,100,-,62,56.39023333333334,127,0.035
15022,naive,25,-,13,16.7707,29,0.01
15022,naive,50,-,45,44.27863333333334,85,0.025
15022,naive,75,-,60,55.42746666666667,119,0.031
15032,naive,100,-,139,166.33583333333337,311,0.108
15032,naive,25,-,44,85.43403333333332,73,0.059
15032,naive,50,-,100,142.77730000000003,164,0.085
15032,naive,75,-,127,159.10770000000005,225,0.097
15056,naive,100,-,95,89.36126666666671,266,0.035
15056,naive,25,-,23,44.40376666666666,72,0.019
15056,naive,50,-,59,75.82596666666669,140,0.027
15056,naive,75,-,86,90.47603333333338,207,0.032
15076,naive,100,-,174,199.49482152162588,420,0.106
15076,naive,25,-,58,93.10519801980196,91,0.055
15076,naive,50,-,110,141.01846664929656,202,0.076
15076,naive,75,-,155,194.27025794684735,312,0.096
15083,naive,100,-,96,66.91023970818134,263,0.05
15083,naive,25,-,40,33.36910500260552,54,0.023
15083,naive,50,-,73,60.613372850442936,133,0.039
15083,naive,75,-,86,66.02761855132883,187,0.043
15087,naive,100,-,101,92.8982868681605,203,0.067
15087,naive,25,-,32,41.06002475247525,42,0.028
15087,naive,50,-,51,58.23397602918186,93,0.048
15087,naive,75,-,84,78.80009119332983,180,0.061
15088,naive,100,-,68,54.42838066701407,153,0.039
15088,naive,25,-,15,17.100703491401774,22,0.011
15088,naive,50,-,24,23.78009379885357,40,0.029
15088,naive,75,-,57,45.17075951016155,96,0.036
15097,naive,100,-,106,82.75188900468997,215,0.059
15097,naive,25,-,24,20.659653465346537,34,0.02
15097,naive,50,-,63,60.31898124022929,101,0.043
15097,naive,75,-,100,80.04341453882232,160,0.052
15103,naive,100,-,35,27.561229807191243,94,0.026
15103,naive,25,-,5,4.666004429390307,7,0.002
15103,naive,50,-,20,17.010682647212086,29,0.012
15103,naive,75,-,27,20.634347316310578,59,0.02
15118,naive,100,-,199,471.0356305367379,364,0.109
15118,naive,25,-,65,175.39278269932254,87,0.06
15118,naive,50,-,125,338.0434145388223,177,0.084
15118,naive,75,-,170,428.1303087545598,266,0.097
15130,naive,100,-,80,53.28449062011464,188,0.053
15130,naive,25,-,25,18.996319697759247,35,0.011
15130,naive,50,-,56,43.849628712871294,77,0.036
15130,naive,75,-,72,49.47524752475248,148,0.045
15133,naive,100,-,170,110.33689421573739,415,0.106
15133,naive,25,-,71,58.86780224075038,105,0.053
15133,naive,50,-,127,92.90727592496097,198,0.074
15133,naive,75,-,158,109.17072694111518,309,0.091
15182,naive,100,-,142,118.03341584158413,284,0.093
15182,naive,25,-,49,53.391707920792086,72,0.046
15182,naive,50,-,94,84.75833767587282,133,0.068
15182,naive,75,-,130,112.88151380927565,214,0.081
15184,naive,100,-,137,130.6080640958833,287,0.127
15184,naive,25,-,54,68.16945674830642,75,0.066
15184,naive,50,-,94,101.24537519541427,153,0.091
15184,naive,75,-,126,126.70606435643563,225,0.117
15185,naive,100,-,139,153.9114121938509,282,0.096
15185,naive,25,-,44,81.15779702970298,68,0.051
15185,naive,50,-,87,126.40190203230851,129,0.071
15185,naive,75,-,113,144.46166623241268,199,0.096
15223,naive,100,-,109,98.91278009379887,270,0.037
15223,naive,25,-,26,34.22694111516415,49,0.018
15223,naive,50,-,66,73.74967430953623,129,0.025
15223,naive,75,-,89,90.05071000521106,184,0.032
15275,naive,100,-,39,77.70473333333332,73,0.028
15275,naive,25,-,8,18.0,12,0.004
15275,naive,50,-,20,42.910599999999995,24,0.014
15275,naive,75,-,30,59.928799999999995,53,0.024
15346,naive,100,-,135,105.6259,294,0.061
15346,naive,25,-,40,35.84986666666667,70,0.031
15346,naive,50,-,88,73.4316666666667,147,0.043
15346,naive,75,-,110,87.77903333333333,225,0.053
15355,naive,100,-,34,29.267033333333334,46,0.028
15355,naive,25,-,7,6.189866666666667,13,0.002
15355,naive,50,-,17,14.652166666666664,27,0.009
15355,naive,75,-,24,19.001666666666665,34,0.022
15360,naive,100,-,131,106.67656666666666,288,0.057
15360,naive,25,-,43,37.52753333333334,67,0.029
15360,naive,50,-,88,73.79729999999999,124,0.043
15360,naive,75,-,103,88.44896666666666,216,0.053
15364,naive,100,-,237,195.11430000000007,463,0.12
15364,naive,25,-,98,94.26006666666669,115,0.068
15364,naive,50,-,168,150.83740000000006,237,0.093
15364,naive,75,-,217,187.6494666666667,345,0.115
15367,naive,100,-,114,96.3367,226,0.069
15367,naive,25,-,40,38.83843333333332,47,0.028
15367,naive,50,-,67,64.30413333333333,94,0.054
15367,naive,75,-,103,86.75913333333334,177,0.065
15383,naive,100,-,81,61.891100000000016,204,0.031
15383,naive,25,-,12,9.7013,24,0.007
15383,naive,50,-,41,32.65883333333333,80,0.022
15383,naive,75,-,62,48.82266666666666,155,0.028
15386,naive,100,-,215,186.97730000000007,426,0.116
15386,naive,25,-,81,77.21730000000001,102,0.069
15386,naive,50,-,153,141.9025,202,0.091
15386,naive,75,-,200,175.2820000000001,323,0.106
15388,naive,100,-,206,155.45086666666668,391,0.109
15388,naive,25,-,70,61.55843333333333,88,0.065
15388,naive,50,-,130,108.42233333333336,195,0.084
15388,naive,75,-,178,136.96276666666662,281,0.097
15398,naive,100,-,29,25.106433333333335,40,0.025
15398,naive,25,-,5,4.005866666666667,10,0.002
15398,naive,50,-,14,12.071266666666666,22,0.007
15398,naive,75,-,22,20.505033333333333,28,0.018
15409,naive,100,-,130,102.63533333333335,238,0.074
15409,naive,25,-,41,37.78853333333332,58,0.041
15409,naive,50,-,80,67.1491,119,0.057
15409,naive,75,-,116,94.43786666666671,201,0.07
15410,naive,100,-,169,118.96426666666665,414,0.054
15410,naive,25,-,63,56.47380000000001,103,0.033
15410,naive,50,-,121,97.07913333333332,217,0.044
15410,naive,75,-,147,110.73206666666664,296,0.052
15411,naive,100,-,193,134.4993333333333,448,0.091
15411,naive,25,-,78,66.0678,108,0.056
15411,naive,50,-,138,111.12029999999996,233,0.076
15411,naive,75,-,177,132.03193333333328,354,0.087
15426,naive,100,-,69,55.98720000000001,145,0.047
15426,naive,25,-,13,12.035366666666667,17,0.007
15426,naive,50,-,30,28.999999999999996,34,0.03
15426,naive,75,-,52,48.0754,84,0.041
15434,naive,100,-,97,68.92606666666667,214,0.043
15434,naive,25,-,22,17.4747,42,0.013
15434,naive,50,-,65,51.75036666666666,106,0.028
15434,naive,75,-,85,65.81813333333332,161,0.036
15450,naive,100,-,62,52.616499999999995,121,0.036
15450,naive,25,-,11,10.1343,17,0.004
15450,naive,50,-,26,23.7881,32,0.021
15450,naive,75,-,40,35.043,71,0.032
15461,naive,100,-,150,114.33953333333335,285,0.095
15461,naive,25,-,42,36.84226666666667,71,0.045
15461,naive,50,-,100,85.86793333333333,148,0.066
15461,naive,75,-,117,98.47186666666667,232,0.08
15475,naive,100,-,88,59.575500000000005,192,0.054
15475,naive,25,-,27,21.430033333333334,40,0.015
15475,naive,50,-,50,38.909533333333336,106,0.037
15475,naive,75,-,78,54.138000000000005,151,0.048
15486,naive,100,-,123,85.69213333333333,326,0.048
15486,naive,25,-,46,35.5267,86,0.028
15486,naive,50,-,82,60.49803333333332,153,0.035
15486,naive,75,-,109,79.0109333333333,254,0.043
15500,naive,100,-,86,66.33846666666666,217,0.05
15500,naive,25,-,19,17.4268,28,0.017
15500,naive,50,-,53,46.291799999999995,116,0.036
15500,naive,75,-,73,61.14849999999999,149,0.044
15501,naive,100,-,168,159.95700000000005,362,0.075
15501,naive,25,-,62,68.803,93,0.039
15501,naive,50,-,114,128.76033333333334,187,0.053
15501,naive,75,-,142,148.00559999999996,273,0.066
15534,naive,100,-,69,45.119800000000005,186,0.037
15534,naive,25,-,16,10.170433333333333,26,0.008
15534,naive,50,-,37,24.97866666666667,90,0.023
15534,naive,75,-,55,33.734633333333335,136,0.031
15556,naive,100,-,155,128.12586666666667,309,0.066
15556,naive,25,-,50,40.01263333333333,71,0.038
15556,naive,50,-,99,92.96406666666664,160,0.048
15556,naive,75,-,130,109.5174333333333,220,0.058
15565,naive,100,-,108,99.20143333333333,219,0.043
15565,naive,25,-,27,23.824899999999996,42,0.014
15565,naive,50,-,65,61.822399999999995,82,0.034
15565,naive,75,-,89,81.2564,169,0.039
15574,naive,100,-,163,184.5630666666668,385,0.063
15574,naive,25,-,60,95.23750000000003,98,0.034
15574,naive,50,-,107,146.39896666666678,181,0.046
15574,naive,75,-,140,176.03683333333345,292,0.055
15580,naive,100,-,64,58.78716666666667,205,0.019
15580,naive,25,-,5,5.5557,26,0.004
15580,naive,50,-,43,43.14483333333333,102,0.014
15580,naive,75,-,57,55.09636666666667,130,0.017
15586,naive,100,-,70,59.22393333333333,159,0.035
15586,naive,25,-,13,11.562966666666666,21,0.008
15586,naive,50,-,35,30.592333333333332,79,0.023
15586,naive,75,-,50,42.44696666666667,117,0.03
15593,naive,100,-,225,348.9534666666665,470,0.091
15593,naive,25,-,77,138.9989,106,0.059
15593,naive,50,-,156,253.74090000000004,229,0.074
15593,naive,75,-,197,310.38053333333323,343,0.086
15628,naive,100,-,160,277.1485666666667,415,0.078
15628,naive,25,-,53,126.01423333333334,105,0.045
15628,naive,50,-,106,222.29753333333335,205,0.064
15628,naive,75,-,148,270.09246666666667,314,0.07
15699,naive,100,-,37,45.545266666666656,73,0.028
15699,naive,25,-,8,4.998,12,0.002
15699,naive,50,-,21,21.209533333333333,25,0.01
15699,naive,75,-,32,35.90233333333333,55,0.024
15738,naive,100,-,209,200.81839999999997,455,0.098
15738,naive,25,-,87,99.4341333333333,112,0.058
15738,naive,50,-,154,167.0337333333334,233,0.078
15738,naive,75,-,184,190.2438666666667,340,0.088
15762,naive,100,-,32,46.20329999999999,68,0.031
15762,naive,25,-,5,5.933333333333334,10,0.002
15762,naive,50,-,17,23.867099999999997,22,0.012
15762,naive,75,-,21,31.867099999999997,26,0.024
15806,naive,100,-,211,198.87713333333332,451,0.119
15806,naive,25,-,74,80.9263,113,0.062
15806,naive,50,-,148,163.2647,226,0.085
15806,naive,75,-,184,189.02846666666667,338,0.101
15815,naive,100,-,136,162.37846666666672,332,0.069
15815,naive,25,-,43,76.56836666666666,72,0.037
15815,naive,50,-,87,121.29526666666668,152,0.047
15815,naive,75,-,122,153.51216666666676,231,0.06
15820,naive,100,-,146,123.1566,332,0.113
15820,naive,25,-,50,55.62703333333333,81,0.062
15820,naive,50,-,102,106.90996666666662,159,0.086
15820,naive,75,-,131,124.54533333333329,245,0.102
15848,naive,100,-,88,70.13670000000002,201,0.046
15848,naive,25,-,16,19.701766666666664,29,0.012
15848,naive,50,-,53,49.3649,106,0.032
15848,naive,75,-,74,63.823566666666686,145,0.041
15857,naive,100,-,75,76.06,160,0.047
15857,naive,25,-,24,24.2826,33,0.014
15857,naive,50,-,47,56.96579999999999,81,0.035
15857,naive,75,-,59,65.40769999999999,138,0.042
15862,naive,100,-,133,126.06933333333335,325,0.082
15862,naive,25,-,49,51.82803333333332,76,0.04
15862,naive,50,-,92,95.69609999999999,156,0.062
15862,naive,75,-,120,117.70503333333332,220,0.074
15883,naive,100,-,194,223.90693333333337,468,0.099
15883,naive,25,-,80,115.92450000000005,114,0.052
15883,naive,50,-,136,182.61966666666657,231,0.084
15883,naive,75,-,182,220.38390000000007,339,0.09
15884,naive,100,-,164,169.62086666666687,405,0.067
15884,naive,25,-,63,77.61196666666669,87,0.038
15884,naive,50,-,116,137.89453333333336,197,0.054
15884,naive,75,-,143,160.84383333333346,285,0.06
16013,naive,100,-,129,153.5321999999999,280,0.078
16013,naive,25,-,49,81.76943333333334,73,0.044
16013,naive,50,-,82,127.32216666666667,149,0.06
16013,naive,75,-,105,138.6912333333333,220,0.074
16231,naive,100,-,253,238.36026666666666,544,0.118
16231,naive,25,-,97,109.00649999999999,133,0.07
16231,naive,50,-,173,182.83666666666662,262,0.102
16231,naive,75,-,233,230.39976666666666,403,0.117
16232,naive,100,-,156,132.8379333333333,370,0.09
16232,naive,25,-,49,51.8443,90,0.045
16232,naive,50,-,115,117.07936666666667,177,0.066
16232,naive,75,-,139,124.67356666666669,292,0.091
16301,naive,100,-,98,70.53780000000003,236,0.074
16301,naive,25,-,31,29.001366666666662,55,0.03
16301,naive,50,-,60,53.57153333333334,115,0.053
16301,naive,75,-,90,73.80443333333336,180,0.068
16329,naive,100,-,122,92.97176666666668,308,0.071
16329,naive,25,-,43,36.595700000000015,71,0.035
16329,naive,50,-,84,71.60796666666668,146,0.049
16329,naive,75,-,103,81.57083333333333,230,0.063
16504,naive,100,-,60,40.377333333333326,153,0.03
16504,naive,25,-,12,11.231200000000001,19,0.008
16504,naive,50,-,32,26.34923333333333,54,0.021
16504,naive,75,-,51,38.802366666666664,111,0.027
20418,naive,100,-,118,112.2935,233,0.052
20418,naive,25,-,32,31.40976666666667,49,0.019
20418,naive,50,-,77,71.51603333333334,126,0.038
20418,naive,75,-,99,94.00386666666667,171,0.047
10781,proposed,100,-,284,468.6801,656,0.149
10781,proposed,25,-,128,289.85069999999996,159,0.059
10781,proposed,50,-,216,418.3203333333334,308,0.115
10781,proposed,75,-,262,459.7908999999999,476,0.138
10793,proposed,100,-,87,188.3645,207,0.025
10793,proposed,25,-,20,51.0426,28,0.002
10793,proposed,50,-,57,129.56359999999995,90,0.011
10793,proposed,75,-,76,167.34029999999996,154,0.019
10803,proposed,100,-,207,297.305,434,0.142
10803,proposed,25,-,83,183.72456666666668,108,0.028
10803,proposed,50,-,139,260.10813333333334,218,0.085
10803,proposed,75,-,181,289.2230666666666,322,0.125
10842,proposed,100,-,163,235.7212,356,0.091
10842,proposed,25,-,59,117.31523333333335,90,0.015
10842,proposed,50,-,118,202.09816666666666,180,0.055
10842,proposed,75,-,147,227.2343666666667,265,0.072
10860,proposed,100,-,288,369.8307000000003,548,0.158
10860,proposed,25,-,120,213.32126666666667,138,0.056
10860,proposed,50,-,207,309.01246666666685,271,0.11
10860,proposed,75,-,257,352.9896333333335,418,0.145
10866,proposed,100,-,147,225.5646333333334,274,0.084
10866,proposed,25,-,48,92.67206666666667,70,0.009
10866,proposed,50,-,98,171.05356666666668,131,0.042
10866,proposed,75,-,127,211.84453333333335,202,0.063
10869,proposed,100,-,82,133.66366666666673,180,0.033
10869,proposed,25,-,20,34.70386666666666,44,0.002
10869,proposed,50,-,46,83.43746666666665,69,0.008
10869,proposed,75,-,68,117.14273333333334,134,0.021
10892,proposed,100,-,161,281.17550000000006,375,0.057
10892,proposed,25,-,55,112.99609999999997,88,0.012
10892,proposed,50,-,110,225.0739,178,0.031
10892,proposed,75,-,143,271.33910000000003,269,0.046
10925,proposed,100,-,67,119.27943333333336,146,0.023
10925,proposed,25,-,13,21.2211,20,0.001
10925,proposed,50,-,34,65.73373333333333,59,0.005
10925,proposed,75,-,50,99.21293333333335,85,0.015
10942,proposed,100,-,141,242.03479999999993,283,0.065
10942,proposed,25,-,39,75.80009999999999,53,0.006
10942,proposed,50,-,96,183.74279999999996,145,0.034
10942,proposed,75,-,126,224.03466666666665,221,0.051
10954,proposed,100,-,196,183.9286,423,0.102
10954,proposed,25,-,72,78.09570000000002,101,0.03
10954,proposed,50,-,139,139.05259999999998,209,0.062
10954,proposed,75,-,183,176.24486666666664,322,0.088
10963,proposed,100,-,159,217.87233333333333,357,0.099
10963,proposed,25,-,61,100.02530000000002,89,0.02
10963,proposed,50,-,121,186.90873333333332,173,0.061
10963,proposed,75,-,146,212.38376666666667,261,0.079
10966,proposed,100,-,44,48.41173333333333,62,0.006
10966,proposed,25,-,9,8.4649,16,0.001
10966,proposed,50,-,21,26.651300000000003,28,0.002
10966,proposed,75,-,31,40.042633333333335,48,0.002
10985,proposed,100,-,156,196.42409999999995,322,0.115
10985,proposed,25,-,61,101.09093333333331,85,0.016
10985,proposed,50,-,112,165.04466666666667,166,0.053
10985,proposed,75,-,145,190.69116666666665,252,0.08
10997,proposed,100,-,297,370.17433333333344,593,0.168
10997,proposed,25,-,120,199.0741,150,0.073
10997,proposed,50,-,214,296.06630000000007,290,0.118
10997,proposed,75,-,266,345.8315666666668,449,0.144
11000,proposed,100,-,122,228.89776666666666,304,0.057
11000,proposed,25,-,40,85.98436666666667,76,0.008
11000,proposed,50,-,92,197.90053333333333,150,0.032
11000,proposed,75,-,112,218.6479333333333,231,0.044
11005,proposed,100,-,206,406.4580333333335,426,0.144
11005,proposed,25,-,86,210.1141333333333,104,0.039
11005,proposed,50,-,161,342.0368333333334,226,0.096
11005,proposed,75,-,190,398.0643333333335,333,0.129
11015,proposed,100,-,284,261.7955666666667,583,0.182
11015,proposed,25,-,125,134.4414333333333,148,0.077
11015,proposed,50,-,215,207.62573333333324,301,0.138
11015,proposed,75,-,263,246.6182666666666,453,0.163
11018,proposed,100,-,253,251.44656666666666,540,0.131
11018,proposed,25,-,110,131.69429999999997,137,0.048
11018,proposed,50,-,191,213.9533666666666,269,0.083
11018,proposed,75,-,233,240.5144333333333,414,0.114
11046,proposed,100,-,214,274.19333333333327,446,0.153
11046,proposed,25,-,93,181.71176666666668,116,0.041
11046,proposed,50,-,160,238.73193333333333,227,0.118
11046,proposed,75,-,196,267.3397333333333,341,0.147
11072,proposed,100,-,81,152.01936666666668,165,0.024
11072,proposed,25,-,13,31.374100000000002,22,0.001
11072,proposed,50,-,40,90.9775,96,0.007
11072,proposed,75,-,63,136.53556666666665,147,0.018
11086,proposed,100,-,66,40.28093333333332,170,0.017
11086,proposed,25,-,14,7.712266666666666,22,0.001
11086,proposed,50,-,46,27.969799999999996,71,0.006
11086,proposed,75,-,60,38.7254,100,0.015
11113,proposed,100,-,145,223.24176666666665,327,0.08
11113,proposed,25,-,58,93.15523333333331,85,0.01
11113,proposed,50,-,101,183.61106666666666,164,0.043
11113,proposed,75,-,137,215.97189999999998,242,0.064
11116,proposed,100,-,165,132.07326666666668,382,0.065
11116,proposed,25,-,58,51.533566666666665,97,0.017
11116,proposed,50,-,123,102.42673333333333,187,0.039
11116,proposed,75,-,151,124.68603333333338,300,0.054
11122,proposed,100,-,176,169.23083333333332,361,0.097
11122,proposed,25,-,66,84.17006666666667,89,0.017
11122,proposed,50,-,130,150.0400333333333,197,0.058
11122,proposed,75,-,162,165.7816666666666,294,0.083
11125,proposed,100,-,204,178.17333333333335,455,0.086
11125,proposed,25,-,85,94.29020000000001,111,0.024
11125,proposed,50,-,148,153.71593333333334,227,0.055
11125,proposed,75,-,186,171.23829999999998,350,0.078
11133,proposed,100,-,66,84.37189999999998,152,0.042
11133,proposed,25,-,23,32.231966666666665,30,0.002
11133,proposed,50,-,43,66.12606666666667,74,0.009
11133,proposed,75,-,59,81.83183333333331,112,0.025
11150,proposed,100,-,72,50.16383333333332,179,0.015
11150,proposed,25,-,13,10.4921,23,0.001
11150,proposed,50,-,46,34.11056666666667,66,0.004
11150,proposed,75,-,71,49.24436666666666,131,0.009
11160,proposed,100,-,244,253.53140000000002,546,0.096
11160,proposed,25,-,98,130.74036666666666,131,0.037
11160,proposed,50,-,183,203.7645333333334,269,0.063
11160,proposed,75,-,221,239.75900000000007,405,0.087
11177,proposed,100,-,282,268.5692666666666,517,0.128
11177,proposed,25,-,109,128.5741333333333,131,0.048
11177,proposed,50,-,201,211.63526666666664,263,0.081
11177,proposed,75,-,254,254.2676333333333,402,0.125
11186,proposed,100,-,55,28.99403333333333,154,0.012
11186,proposed,25,-,3,2.481133333333333,9,0.0
11186,proposed,50,-,30,17.107233333333333,57,0.002
11186,proposed,75,-,51,28.29163333333333,111,0.006
11191,proposed,100,-,100,76.7859,220,0.061
11191,proposed,25,-,29,26.47093333333333,37,0.005
11191,proposed,50,-,70,61.07253333333334,110,0.018
11191,proposed,75,-,91,73.0597,155,0.053
11207,proposed,100,-,133,170.54753333333335,311,0.052
11207,proposed,25,-,33,61.71929999999999,38,0.006
11207,proposed,50,-,96,137.09113333333332,156,0.03
11207,proposed,75,-,118,154.9298666666667,243,0.04
11211,proposed,100,-,93,161.22739999999993,217,0.037
11211,proposed,25,-,19,42.414500000000004,41,0.002
11211,proposed,50,-,59,130.55783333333332,112,0.011
11211,proposed,75,-,84,157.90486666666666,149,0.026
11230,proposed,100,-,161,154.62293333333332,363,0.077
11230,proposed,25,-,55,64.59819999999999,91,0.011
11230,proposed,50,-,109,121.20933333333338,184,0.046
11230,proposed,75,-,141,144.91373333333334,278,0.064
11231,proposed,100,-,204,214.25150000000008,491,0.113
11231,proposed,25,-,91,134.4995333333333,125,0.035
11231,proposed,50,-,153,187.62210000000005,250,0.076
11231,proposed,75,-,181,209.3511000000001,381,0.089
11266,proposed,100,-,269,261.0144666666666,509,0.148
11266,proposed,25,-,96,102.38846666666667,121,0.049
11266,proposed,50,-,189,191.0488666666667,261,0.118
11266,proposed,75,-,241,238.55100000000002,395,0.142
11275,proposed,100,-,280,285.92310000000003,537,0.126
11275,proposed,25,-,112,125.67203333333335,135,0.035
11275,proposed,50,-,196,212.36346666666668,262,0.078
11275,proposed,75,-,245,262.6859,407,0.106
11283,proposed,100,-,220,248.34786666666668,485,0.121
11283,proposed,25,-,94,143.15263333333334,115,0.043
11283,proposed,50,-,168,213.87393333333333,243,0.085
11283,proposed,75,-,204,240.0786666666667,367,0.112
11288,proposed,100,-,314,360.4134333333331,529,0.198
11288,proposed,25,-,122,170.0255,139,0.078
11288,proposed,50,-,232,290.0477666666666,271,0.151
11288,proposed,75,-,284,340.1557,413,0.174
11304,proposed,100,-,284,255.35769999999994,598,0.127
11304,proposed,25,-,123,114.51893333333332,147,0.046
11304,proposed,50,-,209,194.12389999999996,287,0.09
11304,proposed,75,-,263,242.8430666666666,449,0.114
11307,proposed,100,-,200,175.05080000000004,434,0.087
11307,proposed,25,-,82,75.93586666666667,105,0.019
11307,proposed,50,-,143,131.20766666666668,210,0.052
11307,proposed,75,-,184,162.32636666666667,316,0.075
11336,proposed,100,-,351,347.13066666666657,666,0.218
11336,proposed,25,-,148,165.2511333333333,161,0.088
11336,proposed,50,-,261,268.30286666666666,329,0.149
11336,proposed,75,-,316,319.8178333333333,500,0.185
11337,proposed,100,-,342,353.33759999999995,622,0.245
11337,proposed,25,-,137,157.04493333333338,159,0.103
11337,proposed,50,-,258,270.9399,324,0.199
11337,proposed,75,-,319,331.20073333333323,485,0.237
11345,proposed,100,-,338,364.3223000000002,630,0.173
11345,proposed,25,-,136,173.43786666666668,152,0.078
11345,proposed,50,-,246,277.93106666666677,323,0.142
11345,proposed,75,-,306,335.5184333333335,470,0.156
11346,proposed,100,-,300,316.12533333333346,630,0.156
11346,proposed,25,-,124,159.3681,150,0.063
11346,proposed,50,-,226,251.96843333333337,313,0.11
11346,proposed,75,-,276,297.06206666666674,457,0.123
11359,proposed,100,-,311,491.2039999999999,591,0.154
11359,proposed,25,-,121,258.77073333333334,144,0.05
11359,proposed,50,-,222,392.15909999999997,289,0.105
11359,proposed,75,-,275,459.4610666666667,441,0.132
11372,proposed,100,-,218,177.8107333333333,472,0.097
11372,proposed,25,-,93,80.41079999999998,117,0.03
11372,proposed,50,-,156,139.38223333333335,240,0.061
11372,proposed,75,-,197,168.51603333333333,360,0.082
11384,proposed,100,-,216,190.20499999999998,395,0.102
11384,proposed,25,-,85,78.0995,98,0.03
11384,proposed,50,-,149,134.00053333333332,203,0.06
11384,proposed,75,-,200,175.58639999999997,311,0.089
11391,proposed,100,-,244,395.7253999999998,497,0.124
11391,proposed,25,-,91,196.41019999999997,120,0.038
11391,proposed,50,-,181,333.1650999999999,247,0.074
11391,proposed,75,-,215,378.1503333333332,368,0.105
11392,proposed,100,-,214,258.7501666666666,410,0.105
11392,proposed,25,-,86,135.7521,105,0.026
11392,proposed,50,-,156,216.64686666666665,214,0.065
11392,proposed,75,-,195,248.96379999999996,309,0.092
11403,proposed,100,-,244,419.4325666666667,461,0.115
11403,proposed,25,-,84,165.12463333333332,111,0.026
11403,proposed,50,-,163,318.2205999999999,230,0.066
11403,proposed,75,-,222,407.94579999999996,349,0.09
11420,proposed,100,-,193,199.7527666666666,444,0.064
11420,proposed,25,-,70,88.32213333333333,104,0.016
11420,proposed,50,-,139,161.1124666666666,220,0.038
11420,proposed,75,-,176,191.3623999999999,335,0.054
11421,proposed,100,-,245,206.50969999999998,525,0.153
11421,proposed,25,-,105,103.1059333333333,128,0.069
11421,proposed,50,-,186,168.09166666666673,257,0.103
11421,proposed,75,-,229,195.23203333333333,386,0.124
11437,proposed,100,-,235,210.63040000000004,502,0.075
11437,proposed,25,-,101,93.14086666666665,125,0.024
11437,proposed,50,-,175,161.89633333333333,254,0.05
11437,proposed,75,-,213,193.7581,374,0.068
11451,proposed,100,-,272,314.9420666666665,561,0.15
11451,proposed,25,-,113,166.16576666666668,137,0.056
11451,proposed,50,-,193,261.8132,270,0.106
11451,proposed,75,-,246,304.4578333333333,417,0.131
11452,proposed,100,-,252,319.2657333333334,544,0.151
11452,proposed,25,-,104,177.21269999999998,136,0.051
11452,proposed,50,-,190,271.4165333333333,270,0.113
11452,proposed,75,-,230,305.7361333333333,398,0.142
11481,proposed,100,-,259,350.39023333333336,522,0.162
11481,proposed,25,-,101,198.73860000000002,125,0.06
11481,proposed,50,-,170,273.9522333333334,252,0.118
11481,proposed,75,-,239,331.3303000000001,394,0.144
11482,proposed,100,-,280,544.6284333333334,519,0.129
11482,proposed,25,-,109,263.03049999999996,135,0.043
11482,proposed,50,-,201,443.21103333333315,263,0.107
11482,proposed,75,-,250,519.4586333333332,389,0.113
11491,proposed,100,-,153,178.85146666666662,342,0.048
11491,proposed,25,-,51,63.054633333333335,86,0.011
11491,proposed,50,-,115,142.18566666666666,166,0.034
11491,proposed,75,-,140,169.37549999999996,262,0.042
11511,proposed,100,-,71,96.9909,149,0.012
11511,proposed,25,-,9,7.8496,19,0.001
11511,proposed,50,-,24,43.840199999999996,37,0.002
11511,proposed,75,-,51,75.6037,83,0.007
11553,proposed,100,-,192,154.2487,393,0.075
11553,proposed,25,-,69,63.801933333333324,98,0.014
11553,proposed,50,-,137,117.42893333333332,204,0.039
11553,proposed,75,-,167,144.32510000000002,297,0.055
11556,proposed,100,-,271,247.1582666666666,560,0.162
11556,proposed,25,-,116,119.39226666666667,136,0.069
11556,proposed,50,-,207,199.11136666666667,286,0.127
11556,proposed,75,-,252,232.95936666666663,426,0.141
11610,proposed,100,-,141,134.6028666666666,234,0.034
11610,proposed,25,-,29,29.0,33,0.005
11610,proposed,50,-,84,81.7609,130,0.016
11610,proposed,75,-,125,118.28689999999999,184,0.025
11631,proposed,100,-,129,101.44093333333332,326,0.035
11631,proposed,25,-,39,32.63583333333333,75,0.002
11631,proposed,50,-,98,81.96853333333333,144,0.017
11631,proposed,75,-,110,92.25103333333334,243,0.029
11639,proposed,100,-,256,294.19923333333327,557,0.155
11639,proposed,25,-,110,169.00366666666665,145,0.067
11639,proposed,50,-,200,262.0618333333332,290,0.11
11639,proposed,75,-,236,286.9041333333332,428,0.134
11680,proposed,100,-,152,233.8967,314,0.074
11680,proposed,25,-,55,102.46876666666668,82,0.011
11680,proposed,50,-,101,180.64456666666663,162,0.043
11680,proposed,75,-,136,217.07330000000002,240,0.06
11690,proposed,100,-,151,145.82826666666665,279,0.039
11690,proposed,25,-,34,33.8755,38,0.006
11690,proposed,50,-,95,93.29266666666666,135,0.019
11690,proposed,75,-,127,122.80836666666664,178,0.029
11702,proposed,100,-,222,323.36149999999975,461,0.101
11702,proposed,25,-,84,174.1320666666667,122,0.024
11702,proposed,50,-,152,268.77083333333326,244,0.068
11702,proposed,75,-,202,311.79229999999995,359,0.085
11703,proposed,100,-,194,283.6188333333333,472,0.096
11703,proposed,25,-,73,137.9523,113,0.029
11703,proposed,50,-,149,241.15560000000002,240,0.063
11703,proposed,75,-,173,274.1102,350,0.085
11712,proposed,100,-,183,186.29279999999997,327,0.122
11712,proposed,25,-,65,88.88360000000002,74,0.024
11712,proposed,50,-,128,149.26923333333335,166,0.079
11712,proposed,75,-,162,176.29039999999995,253,0.104
11714,proposed,100,-,176,184.83666666666667,369,0.096
11714,proposed,25,-,51,77.05846666666667,95,0.02
11714,proposed,50,-,122,146.46523333333334,180,0.056
11714,proposed,75,-,157,175.67706666666666,277,0.076
11725,proposed,100,-,220,263.5008,476,0.115
11725,proposed,25,-,91,148.27290000000002,119,0.029
11725,proposed,50,-,161,217.6324666666667,239,0.07
11725,proposed,75,-,202,252.22166666666664,352,0.101
11768,proposed,100,-,75,67.33093333333333,148,0.01
11768,proposed,25,-,13,11.616566666666667,21,0.001
11768,proposed,50,-,32,29.770400000000002,42,0.002
11768,proposed,75,-,56,52.559666666666665,84,0.005
11823,proposed,100,-,183,274.6732666666666,445,0.069
11823,proposed,25,-,71,167.4150333333333,117,0.018
11823,proposed,50,-,131,240.59369999999996,232,0.05
11823,proposed,75,-,162,262.64259999999996,356,0.064
11826,proposed,100,-,67,98.60723333333331,137,0.011
11826,proposed,25,-,11,8.555733333333333,19,0.001
11826,proposed,50,-,27,39.26690000000001,54,0.003
11826,proposed,75,-,50,78.78739999999999,109,0.007
11836,proposed,100,-,163,332.43600000000015,316,0.047
11836,proposed,25,-,49,107.25609999999999,81,0.007
11836,proposed,50,-,104,241.6536666666667,156,0.025
11836,proposed,75,-,145,309.9953333333334,252,0.038
11842,proposed,100,-,135,118.25536666666669,316,0.083
11842,proposed,25,-,50,62.17536666666667,82,0.011
11842,proposed,50,-,99,98.44609999999999,158,0.051
11842,proposed,75,-,128,116.55266666666668,242,0.07
11868,proposed,100,-,217,238.27053333333336,511,0.115
11868,proposed,25,-,97,148.25266666666664,129,0.03
11868,proposed,50,-,169,219.5024333333333,251,0.071
11868,proposed,75,-,198,233.5845,383,0.103
11876,proposed,100,-,190,257.78399999999993,359,0.096
11876,proposed,25,-,64,125.33680000000003,91,0.025
11876,proposed,50,-,129,209.90613333333334,184,0.053
11876,proposed,75,-,160,241.13309999999998,273,0.071
11905,proposed,100,-,150,259.3987666666667,286,0.073
11905,proposed,25,-,51,89.59453333333336,72,0.01
11905,proposed,50,-,99,205.58639999999994,144,0.033
11905,proposed,75,-,138,246.01149999999996,216,0.055
11999,proposed,100,-,182,240.78913333333338,404,0.097
11999,proposed,25,-,72,135.97253333333333,105,0.019
11999,proposed,50,-,130,209.23020000000002,206,0.062
11999,proposed,75,-,160,232.5318000000001,310,0.083
12003,proposed,100,-,235,276.42903333333345,509,0.123
12003,proposed,25,-,96,154.42016666666677,123,0.039
12003,proposed,50,-,178,249.4516333333334,257,0.083
12003,proposed,75,-,211,269.7868666666668,390,0.11
12016,proposed,100,-,110,85.23336666666667,210,0.037
12016,proposed,25,-,26,20.284033333333333,40,0.003
12016,proposed,50,-,77,63.78893333333333,118,0.014
12016,proposed,75,-,96,78.34253333333335,178,0.03
12017,proposed,100,-,147,111.73976666666665,349,0.056
12017,proposed,25,-,44,38.98413333333333,64,0.006
12017,proposed,50,-,107,88.1569,164,0.032
12017,proposed,75,-,125,103.53913333333331,260,0.042
12024,proposed,100,-,171,115.58279999999999,405,0.08
12024,proposed,25,-,66,53.09973333333333,97,0.016
12024,proposed,50,-,115,92.80766666666666,198,0.048
12024,proposed,75,-,149,110.22516666666667,293,0.069
12034,proposed,100,-,121,259.25579999999997,281,0.037
12034,proposed,25,-,34,65.96436666666666,70,0.004
12034,proposed,50,-,88,208.75716666666668,141,0.017
12034,proposed,75,-,106,238.64169999999993,222,0.024
12036,proposed,100,-,107,72.48146666666668,220,0.05
12036,proposed,25,-,29,24.09313333333333,43,0.004
12036,proposed,50,-,65,50.734100000000005,100,0.017
12036,proposed,75,-,93,66.99803333333335,156,0.037
12045,proposed,100,-,88,76.20989999999999,186,0.039
12045,proposed,25,-,26,27.707800000000002,41,0.003
12045,proposed,50,-,52,54.29943333333333,93,0.014
12045,proposed,75,-,81,73.9916,166,0.029
12047,proposed,100,-,73,89.77800000000005,189,0.013
12047,proposed,25,-,14,12.030199999999999,23,0.001
12047,proposed,50,-,43,58.748266666666666,101,0.004
12047,proposed,75,-,64,85.42693333333337,135,0.01
12069,proposed,100,-,82,55.59010000000002,180,0.021
12069,proposed,25,-,11,8.579633333333334,26,0.001
12069,proposed,50,-,51,38.63243333333334,96,0.004
12069,proposed,75,-,74,51.785033333333345,146,0.015
12077,proposed,100,-,186,196.79830000000004,424,0.084
12077,proposed,25,-,73,107.81163333333332,97,0.022
12077,proposed,50,-,139,163.51656666666668,209,0.053
12077,proposed,75,-,163,184.86643333333336,307,0.074
12078,proposed,100,-,255,346.7032666666667,533,0.135
12078,proposed,25,-,102,180.75463333333332,134,0.041
12078,proposed,50,-,194,291.5037999999999,267,0.1
12078,proposed,75,-,238,334.6962666666667,392,0.126
12081,proposed,100,-,320,396.2095666666667,638,0.176
12081,proposed,25,-,136,202.36543333333336,159,0.07
12081,proposed,50,-,228,318.5331333333334,320,0.132
12081,proposed,75,-,293,374.02953333333346,482,0.152
12087,proposed,100,-,154,122.47176666666667,354,0.089
12087,proposed,25,-,59,55.737700000000004,91,0.015
12087,proposed,50,-,110,99.04046666666666,181,0.049
12087,proposed,75,-,140,116.52083333333333,282,0.068
12091,proposed,100,-,65,54.09166666666669,118,0.008
12091,proposed,25,-,5,3.7376333333333336,21,0.0
12091,proposed,50,-,42,36.64823333333333,68,0.002
12091,proposed,75,-,54,46.060033333333344,95,0.004
12093,proposed,100,-,85,68.72193333333333,194,0.018
12093,proposed,25,-,15,9.992433333333333,39,0.001
12093,proposed,50,-,51,45.843333333333334,81,0.006
12093,proposed,75,-,77,65.0041,161,0.014
12126,proposed,100,-,92,90.34786666666672,240,0.026
12126,proposed,25,-,20,35.5935,45,0.002
12126,proposed,50,-,62,73.2609,127,0.011
12126,proposed,75,-,81,85.32190000000003,178,0.02
12133,proposed,100,-,88,76.4042666666667,162,0.043
12133,proposed,25,-,28,27.202833333333334,34,0.003
12133,proposed,50,-,62,60.1783,68,0.013
12133,proposed,75,-,81,69.99226666666667,128,0.028
12134,proposed,100,-,115,93.56393333333337,242,0.037
12134,proposed,25,-,27,24.686366666666668,42,0.002
12134,proposed,50,-,72,63.80126666666665,114,0.014
12134,proposed,75,-,99,84.38546666666667,175,0.034
12168,proposed,100,-,135,190.6888666666667,339,0.04
12168,proposed,25,-,41,68.58370000000001,72,0.006
12168,proposed,50,-,92,161.26353333333336,158,0.021
12168,proposed,75,-,120,186.58180000000007,252,0.03
12182,proposed,100,-,139,212.74316666666672,369,0.048
12182,proposed,25,-,50,99.07556666666666,86,0.004
12182,proposed,50,-,106,187.0278000000001,186,0.024
12182,proposed,75,-,126,205.1543666666668,283,0.036
12214,proposed,100,-,277,197.4626666666667,617,0.161
12214,proposed,25,-,126,104.46086666666665,152,0.076
12214,proposed,50,-,212,168.53130000000002,303,0.117
12214,proposed,75,-,253,192.21786666666677,461,0.146
12221,proposed,100,-,148,185.15836666666672,252,0.092
12221,proposed,25,-,52,76.62509999999999,66,0.013
12221,proposed,50,-,103,153.0166,141,0.044
12221,proposed,75,-,133,176.0449666666667,204,0.071
12224,proposed,100,-,171,284.4574333333332,360,0.118
12224,proposed,25,-,61,131.92096666666671,88,0.02
12224,proposed,50,-,127,236.2041333333333,182,0.063
12224,proposed,75,-,154,274.01119999999986,276,0.088
12238,proposed,100,-,62,122.89666666666666,126,0.016
12238,proposed,25,-,7,16.7968,15,0.001
12238,proposed,50,-,23,57.713800000000006,31,0.002
12238,proposed,75,-,48,103.48263333333333,96,0.007
12276,proposed,100,-,225,500.41560000000004,427,0.131
12276,proposed,25,-,89,252.67516666666663,105,0.032
12276,proposed,50,-,147,399.23336666666654,211,0.08
12276,proposed,75,-,200,468.8328,335,0.103
12298,proposed,100,-,125,240.18630000000005,262,0.082
12298,proposed,25,-,51,119.16010000000004,65,0.012
12298,proposed,50,-,87,189.50719999999998,133,0.041
12298,proposed,75,-,110,229.5686000000001,208,0.063
12324,proposed,100,-,223,496.28656666666666,488,0.084
12324,proposed,25,-,89,237.23039999999997,119,0.018
12324,proposed,50,-,153,388.6390333333334,234,0.051
12324,proposed,75,-,200,460.12789999999995,354,0.069
12327,proposed,100,-,269,691.9735000000002,541,0.128
12327,proposed,25,-,111,300.7178,138,0.054
12327,proposed,50,-,194,523.0746666666668,267,0.101
12327,proposed,75,-,246,647.8802000000001,416,0.12
12365,proposed,100,-,228,424.0826999999999,452,0.111
12365,proposed,25,-,90,211.79080000000002,114,0.027
12365,proposed,50,-,162,342.1925999999999,226,0.071
12365,proposed,75,-,203,398.84273333333323,344,0.099
12389,proposed,100,-,190,370.57963333333333,383,0.131
12389,proposed,25,-,78,186.20500000000004,96,0.033
12389,proposed,50,-,138,306.3415666666668,197,0.087
12389,proposed,75,-,178,355.8183333333333,279,0.12
12437,proposed,100,-,283,361.51590000000004,576,0.128
12437,proposed,25,-,121,185.64896666666664,139,0.05
12437,proposed,50,-,207,286.433,288,0.09
12437,proposed,75,-,259,344.8097666666667,428,0.12
12440,proposed,100,-,170,255.4766000000001,292,0.104
12440,proposed,25,-,65,105.52463333333334,76,0.022
12440,proposed,50,-,120,207.9778666666667,145,0.053
12440,proposed,75,-,151,243.33313333333342,231,0.079
12469,proposed,100,-,207,258.67753333333326,448,0.117
12469,proposed,25,-,86,161.70573333333337,109,0.032
12469,proposed,50,-,151,227.77623333333332,232,0.08
12469,proposed,75,-,186,250.92323333333331,331,0.115
12493,proposed,100,-,121,110.905,277,0.039
12493,proposed,25,-,36,36.06753333333332,70,0.003
12493,proposed,50,-,87,82.12670000000001,135,0.024
12493,proposed,75,-,114,103.36793333333335,216,0.031
12501,proposed,100,-,65,142.82059999999998,145,0.027
12501,proposed,25,-,15,40.310100000000006,21,0.002
12501,proposed,50,-,36,95.84960000000001,43,0.007
12501,proposed,75,-,54,130.7857,85,0.017
12512,proposed,100,-,89,66.24153333333332,183,0.026
12512,proposed,25,-,27,21.151200000000003,33,0.003
12512,proposed,50,-,45,34.2433,88,0.009
12512,proposed,75,-,73,55.41666666666666,137,0.017
12514,proposed,100,-,55,43.77976666666665,96,0.008
12514,proposed,25,-,13,10.241933333333334,18,0.001
12514,proposed,50,-,23,18.607233333333337,36,0.002
12514,proposed,75,-,40,32.896266666666655,74,0.004
12538,proposed,100,-,157,290.5511666666667,302,0.111
12538,proposed,25,-,54,143.3447,74,0.016
12538,proposed,50,-,92,216.1670333333333,156,0.103
12538,proposed,75,-,132,267.56263333333334,228,0.106
12544,proposed,100,-,174,189.1428333333334,398,0.088
12544,proposed,25,-,75,113.86679999999998,97,0.021
12544,proposed,50,-,124,156.4624333333334,190,0.061
12544,proposed,75,-,155,180.19596666666672,286,0.077
12548,proposed,100,-,155,131.31643333333326,344,0.078
12548,proposed,25,-,47,50.10023333333332,84,0.01
12548,proposed,50,-,98,100.3071333333333,163,0.038
12548,proposed,75,-,142,124.13770000000001,264,0.061
12549,proposed,100,-,81,63.384566666666636,218,0.025
12549,proposed,25,-,14,17.0975,37,0.001
12549,proposed,50,-,51,46.821033333333325,111,0.008
12549,proposed,75,-,78,60.76496666666665,161,0.021
12558,proposed,100,-,50,40.38413333333334,86,0.007
12558,proposed,25,-,2,0.6082,15,0.0
12558,proposed,50,-,20,17.7463,32,0.001
12558,proposed,75,-,36,32.08996666666666,50,0.004
12559,proposed,100,-,96,76.01353333333331,208,0.041
12559,proposed,25,-,26,23.438566666666663,41,0.004
12559,proposed,50,-,63,55.28669999999999,85,0.021
12559,proposed,75,-,86,69.72403333333331,168,0.032
12571,proposed,100,-,167,249.29279999999997,346,0.086
12571,proposed,25,-,67,109.63103333333335,88,0.015
12571,proposed,50,-,119,196.54859999999996,175,0.05
12571,proposed,75,-,152,233.3801,260,0.071
12575,proposed,100,-,143,274.4343,322,0.078
12575,proposed,25,-,59,129.88689999999997,78,0.014
12575,proposed,50,-,103,217.53470000000002,156,0.041
12575,proposed,75,-,129,259.94280000000003,243,0.06
12582,proposed,100,-,109,100.00036666666666,187,0.028
12582,proposed,25,-,23,22.908066666666667,27,0.003
12582,proposed,50,-,64,60.68516666666666,77,0.011
12582,proposed,75,-,94,86.87926666666667,154,0.02
12592,proposed,100,-,81,142.1147,194,0.019
12592,proposed,25,-,11,29.058,26,0.001
12592,proposed,50,-,54,105.66773333333332,109,0.004
12592,proposed,75,-,73,134.1602,149,0.013
12596,proposed,100,-,133,183.9200333333332,285,0.081
12596,proposed,25,-,44,72.51976666666667,68,0.011
12596,proposed,50,-,86,143.90363333333332,144,0.041
12596,proposed,75,-,121,173.9506999999999,203,0.068
12608,proposed,100,-,176,135.2621,401,0.07
12608,proposed,25,-,74,62.477900000000005,98,0.019
12608,proposed,50,-,132,111.73326666666664,200,0.041
12608,proposed,75,-,161,128.19626666666665,288,0.062
12639,proposed,100,-,370,365.4544333333333,668,0.103
12639,proposed,25,-,149,148.56943333333334,167,0.044
12639,proposed,50,-,280,276.1815666666666,340,0.08
12639,proposed,75,-,339,334.69596666666666,502,0.091
12652,proposed,100,-,93,182.88279999999995,206,0.052
12652,proposed,25,-,24,61.02699999999999,36,0.003
12652,proposed,50,-,58,133.82189999999997,100,0.02
12652,proposed,75,-,76,170.016,149,0.037
12658,proposed,100,-,172,207.71526666666676,340,0.102
12658,proposed,25,-,62,91.14866666666668,80,0.013
12658,proposed,50,-,118,169.91610000000006,171,0.062
12658,proposed,75,-,155,197.6684000000001,260,0.093
12673,proposed,100,-,64,58.73910000000001,147,0.012
12673,proposed,25,-,7,9.514733333333332,17,0.0
12673,proposed,50,-,31,39.067266666666654,54,0.002
12673,proposed,75,-,44,48.74233333333333,78,0.006
12694,proposed,100,-,385,385.0,660,0.116
12694,proposed,25,-,154,154.0,165,0.048
12694,proposed,50,-,278,278.0,332,0.089
12694,proposed,75,-,354,354.0,504,0.113
12695,proposed,100,-,394,394.0,688,0.138
12695,proposed,25,-,162,162.0,174,0.052
12695,proposed,50,-,289,289.0,350,0.094
12695,proposed,75,-,356,356.0,523,0.108
12722,proposed,100,-,51,47.44456666666666,61,0.016
12722,proposed,25,-,9,8.359566666666666,14,0.001
12722,proposed,50,-,25,24.0122,30,0.005
12722,proposed,75,-,41,39.94513333333333,46,0.01
12727,proposed,100,-,131,248.05776666666668,271,0.06
12727,proposed,25,-,41,95.63353333333333,56,0.012
12727,proposed,50,-,92,192.83870000000002,135,0.034
12727,proposed,75,-,120,231.58136666666672,213,0.047
12733,proposed,100,-,102,117.60813333333333,246,0.045
12733,proposed,25,-,30,40.50326666666667,48,0.003
12733,proposed,50,-,78,99.94923333333334,121,0.018
12733,proposed,75,-,95,114.12190000000001,173,0.037
12746,proposed,100,-,392,392.0,687,0.119
12746,proposed,25,-,161,161.0,178,0.049
12746,proposed,50,-,286,286.0,349,0.088
12746,proposed,75,-,359,359.0,530,0.11
12810,proposed,100,-,199,191.3546666666668,399,0.103
12810,proposed,25,-,69,100.90196666666667,90,0.021
12810,proposed,50,-,142,161.4914000000001,196,0.069
12810,proposed,75,-,179,183.48910000000012,305,0.089
12830,proposed,100,-,286,276.9691000000001,539,0.08
12830,proposed,25,-,114,111.25733333333334,134,0.026
12830,proposed,50,-,208,202.49196666666663,275,0.052
12830,proposed,75,-,262,253.65879999999999,409,0.067
12898,proposed,100,-,119,218.31403333333338,312,0.056
12898,proposed,25,-,43,105.1512,74,0.008
12898,proposed,50,-,90,197.63840000000008,151,0.03
12898,proposed,75,-,109,212.66646666666674,234,0.046
12924,proposed,100,-,111,173.6459666666667,252,0.042
12924,proposed,25,-,39,78.34549999999999,64,0.004
12924,proposed,50,-,73,134.31956666666665,121,0.02
12924,proposed,75,-,97,165.84013333333337,190,0.03
12931,proposed,100,-,189,215.64306666666667,454,0.097
12931,proposed,25,-,77,129.65840000000003,109,0.03
12931,proposed,50,-,134,185.31799999999998,211,0.073
12931,proposed,75,-,169,207.60266666666664,325,0.084
12932,proposed,100,-,150,133.214,317,0.075
12932,proposed,25,-,42,63.54846666666665,61,0.012
12932,proposed,50,-,93,105.0835,143,0.039
12932,proposed,75,-,127,124.30466666666665,218,0.066
12950,proposed,100,-,274,437.9190000000001,554,0.119
12950,proposed,25,-,109,221.0302333333333,137,0.044
12950,proposed,50,-,191,363.35446666666667,278,0.077
12950,proposed,75,-,252,415.2440666666667,415,0.122
12954,proposed,100,-,95,164.59430000000003,229,0.019
12954,proposed,25,-,20,34.219833333333334,41,0.001
12954,proposed,50,-,56,106.90079999999998,104,0.007
12954,proposed,75,-,87,155.79726666666667,157,0.016
12960,proposed,100,-,120,273.96290000000005,247,0.043
12960,proposed,25,-,29,66.33373333333334,48,0.004
12960,proposed,50,-,73,183.47576666666663,122,0.018
12960,proposed,75,-,107,253.51136666666667,189,0.034
12961,proposed,100,-,56,102.4234,94,0.003
12961,proposed,25,-,5,9.7248,8,0.0
12961,proposed,50,-,13,25.724800000000002,16,0.001
12961,proposed,75,-,38,69.48433333333334,73,0.002
13013,proposed,100,-,196,205.80683333333337,449,0.076
13013,proposed,25,-,74,95.48873333333334,113,0.018
13013,proposed,50,-,143,166.98359999999997,230,0.042
13013,proposed,75,-,178,196.71993333333336,346,0.062
13027,proposed,100,-,146,99.48266666666667,322,0.077
13027,proposed,25,-,57,45.03603333333332,77,0.01
13027,proposed,50,-,100,80.74719999999999,169,0.042
13027,proposed,75,-,130,95.48063333333333,246,0.063
13031,proposed,100,-,174,174.9643666666667,432,0.132
13031,proposed,25,-,67,85.93389999999998,106,0.034
13031,proposed,50,-,129,150.87303333333338,220,0.088
13031,proposed,75,-,160,169.20113333333342,320,0.119
13045,proposed,100,-,168,137.18903333333327,371,0.104
13045,proposed,25,-,63,56.73920000000001,90,0.019
13045,proposed,50,-,115,103.54626666666668,184,0.058
13045,proposed,75,-,152,126.71186666666668,262,0.082
13048,proposed,100,-,249,214.2519,498,0.183
13048,proposed,25,-,107,112.89750000000001,121,0.054
13048,proposed,50,-,180,179.35273333333333,249,0.123
13048,proposed,75,-,222,204.31513333333334,370,0.153
13049,proposed,100,-,281,444.4155666666665,593,0.106
13049,proposed,25,-,124,247.2575333333334,148,0.042
13049,proposed,50,-,209,380.83116666666655,299,0.072
13049,proposed,75,-,261,430.7280666666665,460,0.101
13082,proposed,100,-,77,107.51923333333333,162,0.041
13082,proposed,25,-,25,45.93986666666666,47,0.003
13082,proposed,50,-,62,93.48533333333334,98,0.016
13082,proposed,75,-,68,101.67423333333333,128,0.029
13085,proposed,100,-,260,226.5538666666667,540,0.163
13085,proposed,25,-,106,123.06479999999998,135,0.06
13085,proposed,50,-,190,190.88033333333334,274,0.116
13085,proposed,75,-,227,217.45453333333333,406,0.153
13103,proposed,100,-,114,91.85816666666669,307,0.031
13103,proposed,25,-,34,31.491099999999996,76,0.003
13103,proposed,50,-,86,81.16390000000001,156,0.02
13103,proposed,75,-,101,87.9053666666667,239,0.024
13108,proposed,100,-,90,70.3911,245,0.031
13108,proposed,25,-,27,25.356099999999998,58,0.002
13108,proposed,50,-,58,52.453799999999994,116,0.011
13108,proposed,75,-,82,65.73313333333333,188,0.025
13128,proposed,100,-,199,165.48583333333337,396,0.13
13128,proposed,25,-,83,82.2708333333333,101,0.039
13128,proposed,50,-,149,135.77896666666666,203,0.089
13128,proposed,75,-,182,155.3189333333334,305,0.117
13155,proposed,100,-,193,171.0679666666667,414,0.057
13155,proposed,25,-,71,65.1485,106,0.013
13155,proposed,50,-,137,125.91656666666668,209,0.034
13155,proposed,75,-,179,163.09153333333336,320,0.049
13200,proposed,100,-,56,38.43133333333334,114,0.011
13200,proposed,25,-,9,6.548399999999999,16,0.0
13200,proposed,50,-,21,16.90816666666667,33,0.002
13200,proposed,75,-,42,29.11333333333334,73,0.005
13210,proposed,100,-,48,50.517066666666665,79,0.007
13210,proposed,25,-,6,4.7903,12,0.001
13210,proposed,50,-,20,16.072233333333333,26,0.002
13210,proposed,75,-,33,38.01766666666666,59,0.004
13211,proposed,100,-,58,40.460433333333356,124,0.023
13211,proposed,25,-,10,8.228933333333334,22,0.001
13211,proposed,50,-,32,25.574700000000004,44,0.005
13211,proposed,75,-,52,37.55506666666667,66,0.014
13251,proposed,100,-,233,224.40553333333332,450,0.056
13251,proposed,25,-,85,82.8668,112,0.016
13251,proposed,50,-,160,155.6787,225,0.031
13251,proposed,75,-,206,200.4825,342,0.048
13258,proposed,100,-,191,191.76010000000002,341,0.102
13258,proposed,25,-,65,73.84243333333335,78,0.024
13258,proposed,50,-,127,134.9494666666667,177,0.06
13258,proposed,75,-,170,173.94166666666672,269,0.084
13261,proposed,100,-,268,259.7615666666666,480,0.08
13261,proposed,25,-,95,92.93400000000001,118,0.024
13261,proposed,50,-,180,176.30569999999997,230,0.049
13261,proposed,75,-,235,231.00633333333334,353,0.069
13262,proposed,100,-,213,203.2449666666667,412,0.064
13262,proposed,25,-,71,68.97786666666667,99,0.014
13262,proposed,50,-,149,145.51466666666667,197,0.033
13262,proposed,75,-,193,186.25616666666667,311,0.053
13264,proposed,100,-,182,287.0251,336,0.101
13264,proposed,25,-,70,125.4373,84,0.016
13264,proposed,50,-,127,224.42126666666664,172,0.049
13264,proposed,75,-,159,266.1900333333334,249,0.081
13265,proposed,100,-,172,341.3464666666666,307,0.072
13265,proposed,25,-,61,115.92830000000001,77,0.013
13265,proposed,50,-,115,252.31959999999995,144,0.041
13265,proposed,75,-,153,311.29803333333325,235,0.055
13266,proposed,100,-,148,292.6772,326,0.082
13266,proposed,25,-,55,110.83553333333333,79,0.012
13266,proposed,50,-,105,225.72823333333335,171,0.042
13266,proposed,75,-,131,282.0971333333334,252,0.059
13316,proposed,100,-,184,332.0939,390,0.08
13316,proposed,25,-,62,148.3719,95,0.016
13316,proposed,50,-,137,265.5905666666667,191,0.05
13316,proposed,75,-,164,313.96229999999986,288,0.066
13323,proposed,100,-,121,113.82433333333333,236,0.03
13323,proposed,25,-,31,29.689700000000002,46,0.004
13323,proposed,50,-,74,72.14936666666667,89,0.017
13323,proposed,75,-,103,97.26843333333335,179,0.026
13328,proposed,100,-,358,349.4839333333335,654,0.096
13328,proposed,25,-,144,142.68356666666668,165,0.04
13328,proposed,50,-,260,255.64810000000008,328,0.072
13328,proposed,75,-,325,319.19216666666676,493,0.094
13329,proposed,100,-,333,326.4950333333333,626,0.101
13329,proposed,25,-,136,134.60496666666666,156,0.035
13329,proposed,50,-,241,238.9531,309,0.072
13329,proposed,75,-,307,302.0620666666666,474,0.093
13331,proposed,100,-,249,237.19276666666667,459,0.072
13331,proposed,25,-,92,90.74976666666667,116,0.021
13331,proposed,50,-,171,163.66876666666667,233,0.044
13331,proposed,75,-,217,211.5265,349,0.064
13333,proposed,100,-,149,139.99450000000002,315,0.042
13333,proposed,25,-,45,43.77526666666667,59,0.005
13333,proposed,50,-,105,99.65373333333334,149,0.018
13333,proposed,75,-,130,126.40146666666665,206,0.03
13350,proposed,100,-,35,34.90836666666667,39,0.006
13350,proposed,25,-,5,4.968366666666666,9,0.0
13350,proposed,50,-,15,14.958366666666663,19,0.001
13350,proposed,75,-,25,24.759733333333333,29,0.003
13388,proposed,100,-,347,341.32646666666665,670,0.103
13388,proposed,25,-,151,150.3466,169,0.045
13388,proposed,50,-,259,257.2628666666667,339,0.084
13388,proposed,75,-,324,316.7844666666667,512,0.101
13392,proposed,100,-,166,158.23426666666666,344,0.045
13392,proposed,25,-,53,51.7803,65,0.006
13392,proposed,50,-,111,105.63160000000002,169,0.019
13392,proposed,75,-,144,138.56876666666668,262,0.034
13401,proposed,100,-,142,177.15733333333333,335,0.104
13401,proposed,25,-,60,105.8945333333333,87,0.02
13401,proposed,50,-,106,159.3136,164,0.062
13401,proposed,75,-,126,173.02503333333328,269,0.088
13418,proposed,100,-,188,171.26756666666662,347,0.107
13418,proposed,25,-,73,79.94549999999998,85,0.018
13418,proposed,50,-,127,124.26093333333334,164,0.07
13418,proposed,75,-,169,155.24926666666667,258,0.094
13423,proposed,100,-,152,113.66896666666668,272,0.09
13423,proposed,25,-,57,51.61796666666667,68,0.014
13423,proposed,50,-,106,87.97736666666667,141,0.048
13423,proposed,75,-,122,103.32843333333334,211,0.078
13427,proposed,100,-,143,126.22640000000001,334,0.053
13427,proposed,25,-,58,60.0515,85,0.01
13427,proposed,50,-,108,107.05589999999998,172,0.031
13427,proposed,75,-,129,121.3526,254,0.044
13429,proposed,100,-,164,152.61613333333335,295,0.119
13429,proposed,25,-,57,73.13006666666666,76,0.015
13429,proposed,50,-,113,120.70473333333334,148,0.063
13429,proposed,75,-,146,147.07160000000002,220,0.088
13432,proposed,100,-,150,171.87083333333334,310,0.067
13432,proposed,25,-,48,65.88139999999999,70,0.016
13432,proposed,50,-,108,138.91643333333337,153,0.035
13432,proposed,75,-,144,165.20643333333334,232,0.052
13439,proposed,100,-,178,166.96559999999994,379,0.093
13439,proposed,25,-,63,64.75836666666666,95,0.018
13439,proposed,50,-,128,125.19953333333332,187,0.061
13439,proposed,75,-,155,149.40486666666663,282,0.079
13447,proposed,100,-,200,157.38966666666664,471,0.112
13447,proposed,25,-,88,92.58919999999999,115,0.031
13447,proposed,50,-,151,138.63503333333333,231,0.074
13447,proposed,75,-,182,153.54353333333333,354,0.098
13450,proposed,100,-,97,157.76536666666675,224,0.025
13450,proposed,25,-,16,29.822066666666665,48,0.002
13450,proposed,50,-,68,130.51693333333333,127,0.009
13450,proposed,75,-,88,149.52130000000005,178,0.018
13456,proposed,100,-,104,97.51706666666668,183,0.025
13456,proposed,25,-,19,18.3733,23,0.002
13456,proposed,50,-,58,55.7432,72,0.009
13456,proposed,75,-,88,83.80743333333334,147,0.02
13464,proposed,100,-,350,344.01623333333333,656,0.107
13464,proposed,25,-,150,148.73963333333333,169,0.044
13464,proposed,50,-,253,251.57123333333334,333,0.077
13464,proposed,75,-,318,312.7907333333333,501,0.092
13465,proposed,100,-,314,306.61266666666666,590,0.103
13465,proposed,25,-,129,125.61746666666666,146,0.041
13465,proposed,50,-,229,225.5744666666667,298,0.076
13465,proposed,75,-,284,278.4517333333333,449,0.094
13469,proposed,100,-,127,122.25846666666669,204,0.037
13469,proposed,25,-,26,26.0,30,0.003
13469,proposed,50,-,77,75.27510000000001,120,0.011
13469,proposed,75,-,115,110.28193333333336,173,0.026
13497,proposed,100,-,165,169.0735666666667,381,0.069
13497,proposed,25,-,52,86.29339999999999,97,0.011
13497,proposed,50,-,110,137.87036666666665,180,0.044
13497,proposed,75,-,142,162.34893333333335,292,0.064
13513,proposed,100,-,172,147.90229999999994,387,0.084
13513,proposed,25,-,74,77.36243333333334,99,0.023
13513,proposed,50,-,132,123.13516666666666,196,0.058
13513,proposed,75,-,153,140.94806666666665,297,0.074
13520,proposed,100,-,85,133.04346666666666,187,0.023
13520,proposed,25,-,12,22.594833333333334,23,0.001
13520,proposed,50,-,35,65.3803,67,0.007
13520,proposed,75,-,68,112.21306666666668,136,0.018
13525,proposed,100,-,109,157.51053333333337,309,0.038
13525,proposed,25,-,40,76.1132,80,0.005
13525,proposed,50,-,82,140.3140666666667,145,0.018
13525,proposed,75,-,98,154.14703333333335,234,0.028
13563,proposed,100,-,71,62.153233333333326,124,0.011
13563,proposed,25,-,15,12.904433333333333,24,0.001
13563,proposed,50,-,35,31.404666666666667,48,0.003
13563,proposed,75,-,62,55.11456666666667,101,0.007
13564,proposed,100,-,50,44.64026666666666,78,0.014
13564,proposed,25,-,8,8.0,12,0.001
13564,proposed,50,-,22,22.0,26,0.003
13564,proposed,75,-,39,38.1118,57,0.007
13629,proposed,100,-,167,145.84869999999995,381,0.079
13629,proposed,25,-,62,67.61813333333335,89,0.016
13629,proposed,50,-,126,121.76206666666668,185,0.048
13629,proposed,75,-,153,137.41369999999998,279,0.061
13645,proposed,100,-,127,132.45846666666662,309,0.079
13645,proposed,25,-,47,77.41946666666665,77,0.011
13645,proposed,50,-,101,121.23759999999999,155,0.046
13645,proposed,75,-,112,128.7866666666666,238,0.064
13655,proposed,100,-,218,259.66666666666674,519,0.123
13655,proposed,25,-,108,162.10886666666667,132,0.042
13655,proposed,50,-,172,233.69536666666679,264,0.084
13655,proposed,75,-,204,254.03876666666676,401,0.105
13666,proposed,100,-,150,276.1152333333334,335,0.04
13666,proposed,25,-,42,77.56259999999999,82,0.004
13666,proposed,50,-,106,206.78843333333333,163,0.017
13666,proposed,75,-,136,252.94203333333337,249,0.031
13674,proposed,100,-,181,173.73043333333337,323,0.046
13674,proposed,25,-,47,45.2553,61,0.006
13674,proposed,50,-,118,115.1245,154,0.019
13674,proposed,75,-,158,152.67136666666664,257,0.033
13682,proposed,100,-,105,102.50923333333331,187,0.028
13682,proposed,25,-,27,28.3101,38,0.003
13682,proposed,50,-,63,62.26306666666667,84,0.01
13682,proposed,75,-,90,88.66946666666665,121,0.016
13683,proposed,100,-,70,64.78366666666666,115,0.01
13683,proposed,25,-,12,9.966000000000001,17,0.001
13683,proposed,50,-,34,30.918599999999998,51,0.002
13683,proposed,75,-,58,54.29046666666667,96,0.005
13691,proposed,100,-,238,396.07523333333324,547,0.082
13691,proposed,25,-,94,191.93246666666667,133,0.03
13691,proposed,50,-,182,330.68896666666666,274,0.05
13691,proposed,75,-,212,381.1229666666666,410,0.07
13703,proposed,100,-,186,165.62113333333332,499,0.098
13703,proposed,25,-,80,102.06306666666666,124,0.032
13703,proposed,50,-,142,147.3584333333333,246,0.071
13703,proposed,75,-,175,162.67166666666662,371,0.093
13706,proposed,100,-,128,150.0471666666667,334,0.053
13706,proposed,25,-,42,60.19253333333333,63,0.008
13706,proposed,50,-,96,130.78333333333333,160,0.029
13706,proposed,75,-,116,148.0450666666667,251,0.042
13737,proposed,100,-,122,97.56730000000003,235,0.074
13737,proposed,25,-,47,43.60156666666667,61,0.006
13737,proposed,50,-,93,77.15180000000002,117,0.026
13737,proposed,75,-,112,93.08556666666668,170,0.058
13743,proposed,100,-,135,135.20840000000004,249,0.088
13743,proposed,25,-,50,55.72026666666668,61,0.009
13743,proposed,50,-,90,108.53349999999998,131,0.04
13743,proposed,75,-,118,126.92823333333335,187,0.07
13775,proposed,100,-,272,399.89419999999996,544,0.1
13775,proposed,25,-,107,187.75126666666665,133,0.035
13775,proposed,50,-,198,312.53773333333345,271,0.07
13775,proposed,75,-,250,376.48683333333327,411,0.09
13812,proposed,100,-,161,112.19713333333333,451,0.057
13812,proposed,25,-,77,67.48513333333334,114,0.012
13812,proposed,50,-,129,100.12576666666668,229,0.034
13812,proposed,75,-,148,109.68133333333336,335,0.047
13868,proposed,100,-,77,109.14989999999999,175,0.043
13868,proposed,25,-,21,35.15186666666666,34,0.003
13868,proposed,50,-,48,75.68796666666668,69,0.014
13868,proposed,75,-,63,104.02193333333332,122,0.03
13879,proposed,100,-,160,152.98306666666667,290,0.042
13879,proposed,25,-,42,40.901266666666665,56,0.006
13879,proposed,50,-,104,101.91663333333332,148,0.022
13879,proposed,75,-,136,131.41303333333335,212,0.028
13956,proposed,100,-,87,88.7901,179,0.044
13956,proposed,25,-,25,31.39563333333333,38,0.003
13956,proposed,50,-,63,75.82273333333333,101,0.014
13956,proposed,75,-,79,85.6983,137,0.035
13992,proposed,100,-,149,162.5347000000001,226,0.106
13992,proposed,25,-,49,57.45486666666667,59,0.008
13992,proposed,50,-,93,121.19886666666667,115,0.036
13992,proposed,75,-,123,148.1579666666668,172,0.077
14027,proposed,100,-,162,174.92926666666668,282,0.097
14027,proposed,25,-,62,87.47746666666666,74,0.014
14027,proposed,50,-,110,142.6383,150,0.053
14027,proposed,75,-,146,165.87723333333332,226,0.081
14031,proposed,100,-,104,114.28190000000002,161,0.056
14031,proposed,25,-,28,26.76513333333333,38,0.003
14031,proposed,50,-,65,85.82770000000001,81,0.014
14031,proposed,75,-,86,102.58593333333334,117,0.035
14035,proposed,100,-,103,109.74830000000001,209,0.046
14035,proposed,25,-,29,26.392333333333333,37,0.003
14035,proposed,50,-,65,74.7636,101,0.017
14035,proposed,75,-,94,99.45043333333332,151,0.035
14037,proposed,100,-,73,62.23663333333333,136,0.013
14037,proposed,25,-,10,9.140633333333334,17,0.001
14037,proposed,50,-,28,26.944799999999997,36,0.003
14037,proposed,75,-,51,45.956266666666664,105,0.009
14043,proposed,100,-,97,71.9599,191,0.036
14043,proposed,25,-,26,24.659333333333333,30,0.004
14043,proposed,50,-,61,51.83403333333334,109,0.018
14043,proposed,75,-,88,67.8219,159,0.027
14061,proposed,100,-,112,72.53306666666668,235,0.047
14061,proposed,25,-,36,27.575766666666667,64,0.004
14061,proposed,50,-,80,59.88466666666667,122,0.021
14061,proposed,75,-,94,67.5544,173,0.035
14071,proposed,100,-,60,42.92749999999999,162,0.014
14071,proposed,25,-,9,7.393233333333333,11,0.001
14071,proposed,50,-,33,27.680633333333333,59,0.002
14071,proposed,75,-,53,40.67683333333333,89,0.007
14078,proposed,100,-,96,69.8457,214,0.039
14078,proposed,25,-,29,26.9929,38,0.004
14078,proposed,50,-,66,52.64126666666667,111,0.018
14078,proposed,75,-,82,64.50286666666666,162,0.03
14092,proposed,100,-,127,92.18566666666665,316,0.039
14092,proposed,25,-,39,34.089299999999994,65,0.004
14092,proposed,50,-,90,73.7786666666667,157,0.021
14092,proposed,75,-,113,88.34123333333334,229,0.033
14093,proposed,100,-,125,83.11399999999999,308,0.036
14093,proposed,25,-,39,29.705666666666662,81,0.003
14093,proposed,50,-,92,68.21773333333334,159,0.019
14093,proposed,75,-,116,80.10733333333333,230,0.028
14105,proposed,100,-,94,85.25050000000002,252,0.047
14105,proposed,25,-,28,36.6765,33,0.005
14105,proposed,50,-,66,68.81786666666669,122,0.023
14105,proposed,75,-,87,81.53413333333333,172,0.036
14106,proposed,100,-,120,92.913,324,0.038
14106,proposed,25,-,49,46.35199999999999,78,0.005
14106,proposed,50,-,82,75.73543333333333,162,0.018
14106,proposed,75,-,108,87.44030000000001,231,0.028
14109,proposed,100,-,191,131.92323333333334,371,0.119
14109,proposed,25,-,75,63.0083,91,0.025
14109,proposed,50,-,134,108.98593333333336,190,0.078
14109,proposed,75,-,172,126.62183333333337,289,0.105
14173,proposed,100,-,161,113.61973333333331,370,0.093
14173,proposed,25,-,62,52.60283333333333,78,0.021
14173,proposed,50,-,113,92.35873333333332,175,0.054
14173,proposed,75,-,142,109.91949999999999,275,0.079
14208,proposed,100,-,74,63.997866666666674,171,0.024
14208,proposed,25,-,23,19.72586666666667,33,0.002
14208,proposed,50,-,48,45.2681,85,0.008
14208,proposed,75,-,66,60.16343333333334,113,0.015
14213,proposed,100,-,104,83.04769999999998,264,0.031
14213,proposed,25,-,29,22.00306666666667,63,0.004
14213,proposed,50,-,75,59.877833333333335,130,0.013
14213,proposed,75,-,93,73.61543333333331,179,0.022
14225,proposed,100,-,203,196.48416666666668,381,0.044
14225,proposed,25,-,62,61.29913333333334,96,0.009
14225,proposed,50,-,132,128.24973333333332,187,0.022
14225,proposed,75,-,184,178.1813,279,0.037
14228,proposed,100,-,79,168.4750666666667,214,0.011
14228,proposed,25,-,13,11.5896,27,0.001
14228,proposed,50,-,45,108.8681,103,0.003
14228,proposed,75,-,69,155.1469,137,0.008
14238,proposed,100,-,141,117.41493333333335,245,0.055
14238,proposed,25,-,43,39.86173333333334,64,0.008
14238,proposed,50,-,89,82.28433333333334,122,0.026
14238,proposed,75,-,115,101.62283333333333,194,0.039
14248,proposed,100,-,265,189.3595666666666,616,0.162
14248,proposed,25,-,124,108.1767,161,0.072
14248,proposed,50,-,196,163.7716,315,0.11
14248,proposed,75,-,245,185.46549999999993,478,0.136
14269,proposed,100,-,146,118.11,318,0.065
14269,proposed,25,-,54,47.50986666666667,79,0.008
14269,proposed,50,-,101,93.66963333333332,153,0.036
14269,proposed,75,-,127,110.0543,235,0.051
14273,proposed,100,-,134,113.97423333333334,333,0.058
14273,proposed,25,-,56,58.100966666666665,87,0.007
14273,proposed,50,-,103,102.42866666666667,175,0.032
14273,proposed,75,-,122,111.94520000000001,258,0.045
14292,proposed,100,-,273,219.74610000000004,591,0.091
14292,proposed,25,-,114,105.88966666666666,142,0.034
14292,proposed,50,-,198,173.7081666666667,286,0.06
14292,proposed,75,-,249,208.29706666666667,437,0.084
14297,proposed,100,-,127,95.53563333333331,264,0.059
14297,proposed,25,-,41,34.69623333333333,69,0.006
14297,proposed,50,-,89,74.2952,126,0.025
14297,proposed,75,-,112,88.43923333333332,200,0.04
14305,proposed,100,-,127,90.14256666666667,301,0.038
14305,proposed,25,-,40,33.617666666666665,76,0.006
14305,proposed,50,-,91,72.9096,149,0.022
14305,proposed,75,-,117,87.79109999999999,226,0.029
14306,proposed,100,-,152,110.06296666666664,329,0.078
14306,proposed,25,-,63,53.55240000000001,81,0.016
14306,proposed,50,-,109,85.27609999999997,159,0.049
14306,proposed,75,-,137,104.37539999999998,230,0.069
14309,proposed,100,-,191,131.09413333333333,442,0.131
14309,proposed,25,-,83,71.5155,104,0.034
14309,proposed,50,-,143,111.73826666666663,227,0.091
14309,proposed,75,-,178,127.5701333333333,322,0.111
14310,proposed,100,-,201,138.47140000000007,439,0.111
14310,proposed,25,-,83,66.63856666666666,104,0.026
14310,proposed,50,-,145,110.53426666666671,221,0.07
14310,proposed,75,-,177,130.06500000000005,334,0.092
14311,proposed,100,-,176,116.69863333333333,415,0.109
14311,proposed,25,-,74,62.00406666666667,100,0.022
14311,proposed,50,-,133,101.81803333333332,210,0.074
14311,proposed,75,-,162,112.53756666666666,316,0.092
14313,proposed,100,-,176,142.05126666666675,458,0.073
14313,proposed,25,-,79,78.79983333333331,114,0.021
14313,proposed,50,-,131,122.97873333333335,219,0.047
14313,proposed,75,-,161,136.9419333333334,342,0.067
14314,proposed,100,-,190,162.40623333333335,448,0.092
14314,proposed,25,-,78,78.29640000000002,113,0.024
14314,proposed,50,-,147,138.92223333333337,230,0.058
14314,proposed,75,-,174,157.3134666666666,331,0.08
14318,proposed,100,-,139,129.14303333333328,302,0.09
14318,proposed,25,-,56,72.23030000000003,78,0.011
14318,proposed,50,-,102,108.76986666666667,149,0.048
14318,proposed,75,-,128,124.90663333333333,226,0.073
14320,proposed,100,-,213,198.3727,448,0.067
14320,proposed,25,-,76,73.43306666666666,110,0.014
14320,proposed,50,-,145,139.31036666666668,212,0.041
14320,proposed,75,-,191,180.66553333333334,328,0.063
14325,proposed,100,-,58,64.23433333333334,118,0.015
14325,proposed,25,-,7,7.9697,16,0.001
14325,proposed,50,-,24,37.8395,33,0.003
14325,proposed,75,-,37,49.1953,50,0.008
14373,proposed,100,-,108,112.777976810839,264,0.036
14373,proposed,25,-,24,25.290711307972902,32,0.003
14373,proposed,50,-,80,98.95176524231367,121,0.018
14373,proposed,75,-,94,109.16580901511202,196,0.026
14419,proposed,100,-,191,252.0939942678479,399,0.111
14419,proposed,25,-,73,131.40864382490884,96,0.023
14419,proposed,50,-,136,205.01051980198025,202,0.072
14419,proposed,75,-,167,239.50944502344976,310,0.099
14428,proposed,100,-,34,28.77406666666667,52,0.006
14428,proposed,25,-,5,4.2454,12,0.0
14428,proposed,50,-,19,13.9264,26,0.002
14428,proposed,75,-,25,19.619133333333334,35,0.005
14432,proposed,100,-,130,146.71930000000003,293,0.05
14432,proposed,25,-,43,59.996300000000005,58,0.005
14432,proposed,50,-,98,124.60343333333331,141,0.025
14432,proposed,75,-,114,137.52213333333336,203,0.041
14540,proposed,100,-,240,239.00836666666686,531,0.114
14540,proposed,25,-,111,143.4594333333333,137,0.037
14540,proposed,50,-,188,212.0453000000001,274,0.077
14540,proposed,75,-,224,232.69730000000015,410,0.095
14552,proposed,100,-,117,109.0357,234,0.043
14552,proposed,25,-,30,41.86496666666666,47,0.003
14552,proposed,50,-,74,79.119,118,0.02
14552,proposed,75,-,106,102.309,174,0.037
14587,proposed,100,-,106,86.31379999999999,196,0.033
14587,proposed,25,-,29,25.159000000000002,39,0.003
14587,proposed,50,-,63,56.01443333333335,80,0.014
14587,proposed,75,-,91,77.21789999999999,157,0.028
14596,proposed,100,-,101,94.88193333333336,258,0.033
14596,proposed,25,-,24,26.114399999999996,34,0.002
14596,proposed,50,-,69,77.50993333333335,125,0.011
14596,proposed,75,-,88,90.7894666666667,186,0.023
14696,proposed,100,-,135,169.069,285,0.041
14696,proposed,25,-,33,45.0226,55,0.004
14696,proposed,50,-,85,132.2821,137,0.02
14696,proposed,75,-,120,158.51543333333333,215,0.031
14744,proposed,100,-,151,245.12946666666667,341,0.05
14744,proposed,25,-,52,79.31786666666666,83,0.009
14744,proposed,50,-,101,197.72123333333332,168,0.026
14744,proposed,75,-,139,229.95966666666664,260,0.036
14750,proposed,100,-,44,89.49483333333335,60,0.011
14750,proposed,25,-,10,20.0973,16,0.001
14750,proposed,50,-,25,56.2877,34,0.003
14750,proposed,75,-,34,75.1919,47,0.006
14758,proposed,100,-,78,53.82896666666668,159,0.027
14758,proposed,25,-,17,14.8583,22,0.002
14758,proposed,50,-,43,36.553000000000004,82,0.01
14758,proposed,75,-,77,50.33993333333334,133,0.022
14761,proposed,100,-,119,129.70003333333335,240,0.063
14761,proposed,25,-,38,46.62646666666668,47,0.006
14761,proposed,50,-,75,106.05993333333335,122,0.022
14761,proposed,75,-,105,125.09499999999998,179,0.049
14763,proposed,100,-,76,102.6033,215,0.016
14763,proposed,25,-,10,26.2746,14,0.001
14763,proposed,50,-,49,74.80176666666668,105,0.004
14763,proposed,75,-,69,99.85483333333333,128,0.011
14773,proposed,100,-,94,60.7972,241,0.031
14773,proposed,25,-,22,16.9561,58,0.001
14773,proposed,50,-,60,47.85733333333333,107,0.009
14773,proposed,75,-,80,57.206633333333336,170,0.023
14777,proposed,100,-,97,128.5817,199,0.032
14777,proposed,25,-,21,35.7729,43,0.002
14777,proposed,50,-,60,97.14923333333334,93,0.012
14777,proposed,75,-,85,119.41656666666667,169,0.025
14802,proposed,100,-,58,64.3842,111,0.01
14802,proposed,25,-,3,5.491366666666667,15,0.0
14802,proposed,50,-,32,46.91033333333333,65,0.002
14802,proposed,75,-,47,59.62093333333333,100,0.005
14811,proposed,100,-,129,159.62373333333323,242,0.081
14811,proposed,25,-,47,78.92553333333333,61,0.007
14811,proposed,50,-,84,133.96093333333326,123,0.033
14811,proposed,75,-,117,152.8585999999999,172,0.065
14824,proposed,100,-,62,72.11009999999997,117,0.019
14824,proposed,25,-,14,12.377,18,0.001
14824,proposed,50,-,31,42.85446666666667,54,0.005
14824,proposed,75,-,63,71.3026,108,0.01
14829,proposed,100,-,103,114.82766666666667,182,0.042
14829,proposed,25,-,36,25.89576666666667,46,0.003
14829,proposed,50,-,67,83.10856666666666,90,0.011
14829,proposed,75,-,88,110.05243333333335,137,0.029
14846,proposed,100,-,155,168.44276666666664,328,0.072
14846,proposed,25,-,53,95.99396666666667,86,0.011
14846,proposed,50,-,108,136.23326666666665,171,0.049
14846,proposed,75,-,137,158.2788,262,0.063
14849,proposed,100,-,141,117.56813333333335,287,0.047
14849,proposed,25,-,45,39.3198,71,0.008
14849,proposed,50,-,97,97.83086666666667,146,0.026
14849,proposed,75,-,116,110.0053,212,0.035
14852,proposed,100,-,99,86.88219999999998,236,0.046
14852,proposed,25,-,29,30.96846666666667,47,0.004
14852,proposed,50,-,62,72.36146666666667,113,0.021
14852,proposed,75,-,85,83.60159999999999,175,0.038
14863,proposed,100,-,123,96.41446666666664,313,0.03
14863,proposed,25,-,40,36.9973,79,0.002
14863,proposed,50,-,91,79.78296666666664,149,0.015
14863,proposed,75,-,111,92.85803333333332,234,0.022
14873,proposed,100,-,66,65.36006666666667,189,0.008
14873,proposed,25,-,5,3.5271,12,0.0
14873,proposed,50,-,30,37.799033333333334,93,0.002
14873,proposed,75,-,56,61.684266666666666,135,0.005
14876,proposed,100,-,69,64.54796666666667,144,0.01
14876,proposed,25,-,5,8.636133333333333,11,0.0
14876,proposed,50,-,30,40.35799999999999,65,0.002
14876,proposed,75,-,50,57.26256666666666,129,0.005
14877,proposed,100,-,83,97.37639999999998,179,0.039
14877,proposed,25,-,28,44.35379999999999,35,0.003
14877,proposed,50,-,52,70.39046666666664,91,0.016
14877,proposed,75,-,78,90.61359999999995,147,0.028
14881,proposed,100,-,151,113.5007666666666,377,0.047
14881,proposed,25,-,58,64.60266666666666,90,0.008
14881,proposed,50,-,110,103.85079999999995,195,0.027
14881,proposed,75,-,137,111.40956666666659,287,0.041
14900,proposed,100,-,214,411.71899999999994,454,0.081
14900,proposed,25,-,90,211.5176666666667,114,0.024
14900,proposed,50,-,156,333.3902666666666,229,0.044
14900,proposed,75,-,198,394.70016666666663,324,0.067
14919,proposed,100,-,59,42.24696666666666,153,0.006
14919,proposed,25,-,0,0.0,0,0.0
14919,proposed,50,-,32,25.00686666666667,86,0.001
14919,proposed,75,-,52,41.18913333333333,133,0.004
14926,proposed,100,-,178,434.64590000000004,388,0.053
14926,proposed,25,-,55,154.36943333333332,71,0.009
14926,proposed,50,-,120,332.1021666666667,186,0.026
14926,proposed,75,-,159,401.08316666666667,289,0.044
14935,proposed,100,-,214,284.4645,401,0.087
14935,proposed,25,-,70,124.19836666666666,102,0.018
14935,proposed,50,-,137,220.68576666666667,204,0.047
14935,proposed,75,-,179,263.3862666666667,300,0.068
14945,proposed,100,-,113,161.99166666666665,217,0.044
14945,proposed,25,-,33,37.38033333333333,47,0.004
14945,proposed,50,-,65,110.13970000000002,125,0.023
14945,proposed,75,-,96,150.79236666666662,181,0.033
14997,proposed,100,-,47,43.03843333333334,52,0.011
14997,proposed,25,-,8,7.823666666666667,13,0.001
14997,proposed,50,-,21,20.728333333333335,26,0.003
14997,proposed,75,-,33,31.706500000000002,39,0.006
15022,proposed,100,-,70,60.87433333333335,171,0.025
15022,proposed,25,-,15,18.258500000000005,31,0.001
15022,proposed,50,-,45,44.27863333333334,82,0.006
15022,proposed,75,-,64,57.48656666666667,113,0.016
15032,proposed,100,-,147,167.90980000000005,325,0.09
15032,proposed,25,-,56,99.14993333333334,81,0.014
15032,proposed,50,-,108,145.99766666666667,168,0.068
15032,proposed,75,-,130,161.71183333333335,242,0.072
15056,proposed,100,-,103,96.18950000000004,292,0.028
15056,proposed,25,-,23,44.40376666666666,72,0.001
15056,proposed,50,-,68,84.40276666666671,136,0.012
15056,proposed,75,-,85,91.59130000000005,213,0.024
15076,proposed,100,-,175,207.14568134445022,414,0.088
15076,proposed,25,-,64,104.2854351224596,93,0.022
15076,proposed,50,-,124,172.36982152162582,196,0.057
15076,proposed,75,-,155,199.72514981761336,298,0.074
15083,proposed,100,-,110,77.83793642522146,267,0.037
15083,proposed,25,-,40,33.36910500260552,54,0.004
15083,proposed,50,-,78,63.60718473163106,137,0.02
15083,proposed,75,-,95,73.81344450234496,202,0.026
15087,proposed,100,-,104,94.14460656591974,211,0.052
15087,proposed,25,-,33,41.80116597186035,43,0.004
15087,proposed,50,-,74,74.38359822824386,88,0.023
15087,proposed,75,-,96,90.15294424179258,179,0.041
15088,proposed,100,-,75,58.708148775403856,149,0.027
15088,proposed,25,-,17,18.18557842626368,22,0.002
15088,proposed,50,-,36,34.02986581552892,45,0.007
15088,proposed,75,-,61,52.23387832204273,98,0.018
15097,proposed,100,-,107,83.55308754559668,221,0.042
15097,proposed,25,-,27,22.1786412193851,38,0.004
15097,proposed,50,-,65,61.866271495570615,105,0.014
15097,proposed,75,-,95,77.98423658155289,159,0.032
15103,proposed,100,-,49,36.29566180302241,91,0.005
15103,proposed,25,-,5,4.666004429390307,7,0.0
15103,proposed,50,-,20,17.010682647212086,29,0.001
15103,proposed,75,-,35,29.58871808233455,63,0.002
15118,proposed,100,-,203,484.1420010422094,346,0.107
15118,proposed,25,-,71,188.02924700364773,90,0.019
15118,proposed,50,-,135,361.8887441375717,184,0.059
15118,proposed,75,-,181,446.001465607087,270,0.089
15130,proposed,100,-,85,55.37519541427828,193,0.035
15130,proposed,25,-,27,19.64919880145909,37,0.003
15130,proposed,50,-,59,44.40115294424178,79,0.01
15130,proposed,75,-,76,52.44893173527879,151,0.026
15133,proposed,100,-,192,125.09383142261598,433,0.087
15133,proposed,25,-,74,61.14623501823866,105,0.02
15133,proposed,50,-,135,101.50485278791041,199,0.054
15133,proposed,75,-,170,118.57129364252218,313,0.072
15182,proposed,100,-,140,120.46114512767063,294,0.079
15182,proposed,25,-,58,58.239871026576324,73,0.008
15182,proposed,50,-,107,96.55992704533612,141,0.038
15182,proposed,75,-,132,115.3662389265242,212,0.066
15184,proposed,100,-,144,135.48124022928607,305,0.106
15184,proposed,25,-,60,72.92248566961959,76,0.017
15184,proposed,50,-,100,111.50983585200625,155,0.065
15184,proposed,75,-,135,131.24537519541428,226,0.094
15185,proposed,100,-,139,155.52530614903588,267,0.089
15185,proposed,25,-,44,81.15779702970298,68,0.009
15185,proposed,50,-,94,130.69860604481502,136,0.046
15185,proposed,75,-,124,149.67492834809792,201,0.068
15223,proposed,100,-,103,97.88773449713395,273,0.026
15223,proposed,25,-,27,34.33194372068786,51,0.003
15223,proposed,50,-,76,85.02937727983328,127,0.009
15223,proposed,75,-,89,92.44362298071916,179,0.02
15275,proposed,100,-,51,83.93769999999999,70,0.01
15275,proposed,25,-,8,18.0,12,0.001
15275,proposed,50,-,20,42.910599999999995,24,0.002
15275,proposed,75,-,37,66.27363333333335,55,0.005
15346,proposed,100,-,136,109.88559999999998,302,0.047
15346,proposed,25,-,42,37.66323333333334,73,0.007
15346,proposed,50,-,95,83.90266666666669,150,0.027
15346,proposed,75,-,120,99.18483333333333,227,0.036
15355,proposed,100,-,39,34.7528,54,0.009
15355,proposed,25,-,7,6.189866666666667,13,0.001
15355,proposed,50,-,21,18.772100000000002,27,0.002
15355,proposed,75,-,31,28.269199999999998,37,0.005
15360,proposed,100,-,140,111.34806666666667,280,0.049
15360,proposed,25,-,44,37.88643333333334,68,0.006
15360,proposed,50,-,96,78.97356666666666,135,0.023
15360,proposed,75,-,125,102.11296666666667,212,0.039
15364,proposed,100,-,243,201.7144,479,0.116
15364,proposed,25,-,102,94.83766666666669,116,0.027
15364,proposed,50,-,175,159.7393666666667,230,0.074
15364,proposed,75,-,219,189.66740000000004,355,0.101
15367,proposed,100,-,123,105.32416666666666,216,0.056
15367,proposed,25,-,40,38.83843333333332,47,0.007
15367,proposed,50,-,72,67.45083333333334,92,0.024
15367,proposed,75,-,111,94.21053333333333,170,0.044
15383,proposed,100,-,84,64.59440000000001,203,0.015
15383,proposed,25,-,12,9.7013,24,0.001
15383,proposed,50,-,49,40.225566666666666,82,0.006
15383,proposed,75,-,70,56.53190000000001,151,0.012
15386,proposed,100,-,225,189.61233333333345,449,0.108
15386,proposed,25,-,88,82.75590000000003,109,0.031
15386,proposed,50,-,157,145.26353333333336,200,0.067
15386,proposed,75,-,199,177.47326666666672,316,0.096
15388,proposed,100,-,211,159.0493,377,0.101
15388,proposed,25,-,80,68.21006666666668,93,0.023
15388,proposed,50,-,139,114.87520000000002,188,0.068
15388,proposed,75,-,186,145.1528333333333,295,0.094
15398,proposed,100,-,39,31.840666666666667,44,0.009
15398,proposed,25,-,5,4.005866666666667,10,0.0
15398,proposed,50,-,17,15.019300000000001,22,0.002
15398,proposed,75,-,26,23.60493333333333,32,0.005
15409,proposed,100,-,140,106.8985666666667,261,0.065
15409,proposed,25,-,47,43.20846666666666,65,0.008
15409,proposed,50,-,100,81.25056666666667,134,0.036
15409,proposed,75,-,127,100.05860000000001,211,0.053
15410,proposed,100,-,170,119.31259999999999,417,0.052
15410,proposed,25,-,66,57.981933333333345,103,0.011
15410,proposed,50,-,128,101.10886666666664,217,0.031
15410,proposed,75,-,156,115.07869999999998,320,0.044
15411,proposed,100,-,201,136.54743333333334,461,0.091
15411,proposed,25,-,86,72.30300000000001,112,0.028
15411,proposed,50,-,140,116.1909333333333,225,0.065
15411,proposed,75,-,176,132.1903333333333,355,0.08
15426,proposed,100,-,71,56.735533333333336,144,0.022
15426,proposed,25,-,14,12.596566666666666,18,0.001
15426,proposed,50,-,31,29.536466666666662,35,0.006
15426,proposed,75,-,57,48.277366666666666,81,0.014
15434,proposed,100,-,99,73.05676666666669,213,0.031
15434,proposed,25,-,22,17.4747,42,0.002
15434,proposed,50,-,68,54.27766666666667,110,0.008
15434,proposed,75,-,92,68.52970000000002,157,0.021
15450,proposed,100,-,65,56.34613333333332,124,0.014
15450,proposed,25,-,11,10.1343,17,0.001
15450,proposed,50,-,27,24.190166666666666,33,0.002
15450,proposed,75,-,46,41.04716666666666,73,0.007
15461,proposed,100,-,155,117.20146666666668,285,0.074
15461,proposed,25,-,49,42.46136666666666,74,0.009
15461,proposed,50,-,105,89.88766666666665,139,0.033
15461,proposed,75,-,133,111.37563333333333,232,0.056
15475,proposed,100,-,97,61.72873333333334,195,0.036
15475,proposed,25,-,27,21.430033333333334,40,0.002
15475,proposed,50,-,60,45.130933333333346,98,0.011
15475,proposed,75,-,86,57.86616666666667,153,0.027
15486,proposed,100,-,127,87.59519999999996,334,0.04
15486,proposed,25,-,48,38.28196666666666,85,0.006
15486,proposed,50,-,94,74.46776666666666,169,0.026
15486,proposed,75,-,114,84.24243333333332,240,0.034
15500,proposed,100,-,92,71.47066666666667,243,0.035
15500,proposed,25,-,20,18.465899999999998,30,0.002
15500,proposed,50,-,63,56.170833333333334,121,0.012
15500,proposed,75,-,83,67.64886666666666,163,0.024
15501,proposed,100,-,176,163.32476666666668,373,0.061
15501,proposed,25,-,54,72.46650000000001,92,0.013
15501,proposed,50,-,122,133.8943333333333,186,0.033
15501,proposed,75,-,152,154.94790000000003,287,0.052
15534,proposed,100,-,80,51.798833333333334,186,0.02
15534,proposed,25,-,21,12.993366666666665,31,0.001
15534,proposed,50,-,40,27.759166666666665,78,0.005
15534,proposed,75,-,65,46.18510000000001,132,0.014
15556,proposed,100,-,160,132.10940000000002,305,0.057
15556,proposed,25,-,57,44.3488,73,0.008
15556,proposed,50,-,103,95.03119999999996,156,0.032
15556,proposed,75,-,135,117.94246666666668,237,0.045
15565,proposed,100,-,114,106.52789999999999,221,0.023
15565,proposed,25,-,27,23.8249,42,0.002
15565,proposed,50,-,69,65.4368,89,0.008
15565,proposed,75,-,103,96.22083333333333,173,0.016
15574,proposed,100,-,159,184.25633333333343,386,0.053
15574,proposed,25,-,60,95.23750000000003,98,0.012
15574,proposed,50,-,117,159.50370000000007,193,0.033
15574,proposed,75,-,146,178.2837666666668,304,0.046
15580,proposed,100,-,68,60.3397,191,0.011
15580,proposed,25,-,5,5.5557,26,0.0
15580,proposed,50,-,47,45.523700000000005,108,0.002
15580,proposed,75,-,62,57.9511,146,0.008
15586,proposed,100,-,75,62.84263333333333,154,0.018
15586,proposed,25,-,13,11.562966666666666,21,0.001
15586,proposed,50,-,36,30.782433333333334,78,0.004
15586,proposed,75,-,56,48.407166666666676,117,0.012
15593,proposed,100,-,231,366.5448333333332,461,0.083
15593,proposed,25,-,78,139.97046666666674,107,0.021
15593,proposed,50,-,162,274.4260999999999,235,0.045
15593,proposed,75,-,206,331.67413333333326,350,0.068
15628,proposed,100,-,158,278.8084666666667,425,0.076
15628,proposed,25,-,63,148.0828333333333,101,0.016
15628,proposed,50,-,118,243.38236666666668,215,0.043
15628,proposed,75,-,151,275.1119333333334,324,0.061
15699,proposed,100,-,47,56.00653333333332,75,0.005
15699,proposed,25,-,8,4.998,12,0.001
15699,proposed,50,-,21,21.209533333333333,25,0.001
15699,proposed,75,-,36,40.5913,58,0.003
15738,proposed,100,-,213,201.98306666666664,458,0.088
15738,proposed,25,-,90,112.88429999999998,111,0.025
15738,proposed,50,-,165,176.15190000000007,226,0.06
15738,proposed,75,-,198,196.60869999999997,350,0.079
15762,proposed,100,-,34,50.83396666666667,69,0.006
15762,proposed,25,-,5,5.933333333333334,10,0.0
15762,proposed,50,-,17,23.867099999999997,22,0.002
15762,proposed,75,-,23,34.5201,28,0.004
15806,proposed,100,-,215,201.34,458,0.099
15806,proposed,25,-,85,96.57613333333332,114,0.035
15806,proposed,50,-,157,173.04773333333333,232,0.066
15806,proposed,75,-,192,192.81016666666665,349,0.089
15815,proposed,100,-,137,167.11550000000005,313,0.056
15815,proposed,25,-,48,81.95836666666666,77,0.006
15815,proposed,50,-,98,134.4829666666667,160,0.028
15815,proposed,75,-,120,158.15973333333343,250,0.041
15820,proposed,100,-,156,132.72783333333334,331,0.097
15820,proposed,25,-,55,65.37043333333332,79,0.013
15820,proposed,50,-,105,111.88863333333329,162,0.057
15820,proposed,75,-,133,127.72963333333328,239,0.08
15848,proposed,100,-,98,76.49713333333331,216,0.03
15848,proposed,25,-,20,22.849633333333333,30,0.002
15848,proposed,50,-,57,52.10480000000001,110,0.011
15848,proposed,75,-,83,68.69080000000001,158,0.023
15857,proposed,100,-,86,84.26813333333334,192,0.031
15857,proposed,25,-,24,24.2826,33,0.002
15857,proposed,50,-,55,62.945066666666655,83,0.009
15857,proposed,75,-,76,78.91296666666668,148,0.02
15862,proposed,100,-,136,128.87256666666667,270,0.067
15862,proposed,25,-,51,52.694766666666666,73,0.012
15862,proposed,50,-,108,112.70046666666667,165,0.041
15862,proposed,75,-,124,124.57483333333333,226,0.053
15883,proposed,100,-,210,231.52450000000005,471,0.09
15883,proposed,25,-,81,130.5339333333333,115,0.028
15883,proposed,50,-,150,202.25663333333335,235,0.055
15883,proposed,75,-,193,226.38346666666672,357,0.081
15884,proposed,100,-,161,169.40856666666684,379,0.056
15884,proposed,25,-,65,80.31833333333334,90,0.015
15884,proposed,50,-,125,144.9134000000001,204,0.035
15884,proposed,75,-,145,163.4944333333335,295,0.048
16013,proposed,100,-,138,160.8220999999999,296,0.068
16013,proposed,25,-,53,89.22326666666666,72,0.01
16013,proposed,50,-,97,139.04099999999997,154,0.041
16013,proposed,75,-,119,151.90449999999993,227,0.053
16231,proposed,100,-,254,243.3105666666667,544,0.107
16231,proposed,25,-,100,119.40603333333331,136,0.041
16231,proposed,50,-,190,200.08099999999996,270,0.071
16231,proposed,75,-,234,231.84856666666667,406,0.096
16232,proposed,100,-,156,132.4134,392,0.078
16232,proposed,25,-,57,57.9692,93,0.012
16232,proposed,50,-,116,118.07936666666667,180,0.046
16232,proposed,75,-,149,130.65449999999996,288,0.067
16301,proposed,100,-,112,82.54773333333334,232,0.05
16301,proposed,25,-,34,29.953966666666663,60,0.003
16301,proposed,50,-,69,61.35716666666669,118,0.017
16301,proposed,75,-,96,76.73043333333337,170,0.037
16329,proposed,100,-,132,101.5845666666667,311,0.055
16329,proposed,25,-,47,37.45253333333334,75,0.01
16329,proposed,50,-,96,80.84883333333333,151,0.031
16329,proposed,75,-,120,95.62036666666667,234,0.04
16504,proposed,100,-,61,41.10306666666666,157,0.017
16504,proposed,25,-,13,11.756333333333334,20,0.002
16504,proposed,50,-,33,27.296799999999998,55,0.007
16504,proposed,75,-,55,39.20823333333333,113,0.013
20418,proposed,100,-,131,121.04076666666667,258,0.034
20418,proposed,25,-,32,31.40976666666667,49,0.006
20418,proposed,50,-,81,77.98473333333334,127,0.018
20418,proposed,75,-,111,103.61773333333335,175,0.026
